id,class,source_list,sha256,url_encoded
SQLI-0001,sqli,SecLists,265fda17a34611b1533d8a281ff680dc5791b0ce0a11c25b35e11c8e75685509,false
SQLI-0002,sqli,SecLists,6f49cdbd80e1b95d5e6427e1501fc217790daee87055fa5b4e71064288bddede,false
SQLI-0003,sqli,SecLists,eaec06bf3a1b96664dcf224b93180d1f53774de2b1839040fa83e7421f09ee08,false
SQLI-0004,sqli,SecLists,51fd93d4248f0ba7291795fa85ce82351b284436da5683e1c8e5b53e7e9f5e5e,false
SQLI-0005,sqli,SecLists,960631d6083a0ffdf98f16e326e14b0042885fae7ea02ef5bba19fefb271c877,false
SQLI-0006,sqli,SecLists,f1c8d53b00a0d4624e078338952d5e2790b841ded7194bf72e111112a3bb3f9e,false
SQLI-0007,sqli,SecLists,683fded2950767a75b0706387852c2ef3dde90eb5a1d9ee2d960a8fdd40a83d5,false
SQLI-0008,sqli,SecLists,5c001bffae5108cc7623a72cc082e0d1a48371c27358cce0f0968ce0e4636e06,false
SQLI-0009,sqli,SecLists,23dbca200d3b7934216391d65e514132fa9962aeece934ac1edfd33d4682d572,false
SQLI-0010,sqli,SecLists,49925c70c99831326a8b7e375ff7980adbe121dd08e84d1a1ef5b81827c7c279,false
SQLI-0011,sqli,SecLists,2132cf64935ba2bd36b704a0f1d3cef49cee872a357393b8193c1827ba3c74c2,false
SQLI-0012,sqli,SecLists,3179d37d990e15c45f71e53d7aec0b0f8a8db9a7e49e4c5cc235de54b370cb75,false
SQLI-0013,sqli,SecLists,efe6f57aa375305478025c8cd7f304a864a30551eaf4e42b05e049ac64644474,false
SQLI-0014,sqli,SecLists,e62a3122ba5515fc6c1b70efee07b94771f3972e357bdd8c04c18256d7b68195,false
SQLI-0015,sqli,SecLists,568f0937fab208c7b4fe11ce6755cc76f11aed9b94bdc54f1d2da368a34bbe9a,false
SQLI-0016,sqli,SecLists,a4d8a582280d81913baa447bf4010ae826ec12e3fbe00f94ca847f7100a951f4,true
SQLI-0017,sqli,SecLists,2440b79a550401a0c921a920e79f76403d6ac5053c952a04f7742fc678df65d3,false
SQLI-0018,sqli,SecLists,2f5cbc5f3ba62b97adfb14165a434e63f9bc3c5b85846bf33228e2fb4ebaec9d,false
SQLI-0019,sqli,SecLists,0fff46cc66b9baaacfa809bd0b93cb04d35954075f0d211f36c9c4b02ace72c7,false
SQLI-0020,sqli,SecLists,20ab7b3a7eaa7d1780cac6e6e787f629ab39c8ff64cc7003a255fd96316ee82c,false
SQLI-0021,sqli,SecLists,18f79f16f438d54a2129c90aea973cfd8825891282f9299767b2864144013d79,false
SQLI-0022,sqli,SecLists,5cd020fac9d0a719de52845f6ba48b5c0be1faed2af2a079206ba6a4440805ae,false
SQLI-0023,sqli,SecLists,949bc853a7bf60d47f6f7a6d79a25ceb9605c750c89b92f0094c7742b6e878f7,false
SQLI-0024,sqli,SecLists,cdb3b1f5056b2df684400be32b47c57184af753bf1269aa2a882d0de84f2555b,false
SQLI-0025,sqli,SecLists,6c157facb81d2b73385d217628016293fe3e64681c63a27e5dec20efc35ffa0f,false
SQLI-0026,sqli,SecLists,707a0cbd44218f63f81a1803b2cd6f48522946eb123906a602ce5c907529f911,false
SQLI-0027,sqli,SecLists,7762abb12e41e4ff3ec77891ad70f1d4b409294ccdb62295ebadb89ea71ffc24,false
SQLI-0028,sqli,SecLists,fdbb93149e632cdf207bcb06a1bbe1d4ff0b64f95c515a39ba49ea45cb52ab61,false
SQLI-0029,sqli,SecLists,deb79e4c9170cc043a145b83f5091c545593f358c2fcceb4f2f3090a9878db50,false
SQLI-0030,sqli,SecLists,5b4c648a6ad8a2a10ab86b4b1ecc63a5ae899337cddb5c1cd394458d6d1f2632,false
SQLI-0031,sqli,SecLists,7aac1430c82dc41a3ed841fcb427d60f91d22c72be24848aa6200f64f8ce044c,false
SQLI-0032,sqli,SecLists,751ea4c381f3f9841b8b53fc80e9fd1034430f26fbd08b9167ef7eccfc706929,false
SQLI-0033,sqli,SecLists,002955e6b837f57c40182ac5026a60e08ac71fe27eb3e2fd54776d8888450e1d,false
SQLI-0034,sqli,SecLists,8a3b15ea69a1f9191c40bcfe01056259a963c991f4e7866b067a9c2fb68e6c72,false
SQLI-0035,sqli,SecLists,1b2787f51001a43f4d4937294fa8aa7f0a55caf8ad1bf38bb110c8e5902e9ef7,false
SQLI-0036,sqli,SecLists,ed18995af094beaa21b30505c496a7fe75fecb48db25a28e35661cc6df1f5bcc,false
SQLI-0037,sqli,SecLists,de8f90c12c8f5175cf1280db263b995fd2f891f391912b59c8562b052c2c9300,false
SQLI-0038,sqli,SecLists,ab3a309c918965c9dc635205f77a767b8d7f1c4d3573d1e1c84daaa47d769ab1,false
SQLI-0039,sqli,SecLists,dd8aa5b226977cee75ac313e9edcb234cafa80a1c743df608dad916bfbfd1b2b,false
SQLI-0040,sqli,SecLists,25b8b4eadeb85fbef78619a9084624a4439b21c9331a931482705d4f7e9e6e8b,false
SQLI-0041,sqli,SecLists,101e852634d038e1534421561b01ee180bcec1e4b9020ce35b15e1fb6d559dbf,false
SQLI-0042,sqli,SecLists,c63abbe825882d361086fc6ef2c8a12795359d7d0e9d4ba448872b39ee175019,false
SQLI-0043,sqli,SecLists,e2a0bc0281e5dde0e18a7291f30c916ff813a1868e2cb7820e40a4008d2c9840,false
SQLI-0044,sqli,SecLists,ec2cb67814231a49f9dfeae6bbb53c2b0693725132b05630f41d08efb1833523,false
SQLI-0045,sqli,SecLists,84962577ca60d8a0b92598a772a0082dbf4a2af58ae70ae18de91441e5854900,false
SQLI-0046,sqli,SecLists,655cd89f6eb0a924de833199dd39a336c4a7779826fc784437a8d26ca86ef49b,false
SQLI-0047,sqli,SecLists,619fcb5f5d0d9a1ee0778fcd0fbfeffae3a4539f368e2edbfe446b765e937361,false
SQLI-0048,sqli,SecLists,ee34778c06170e565860b181cc718563af1a832d40404a7ad243d7458405f5fd,false
SQLI-0049,sqli,SecLists,47d27941170730122a070dbb31dc0c851411fecbf0c01d1a37022b697d5aaf94,false
SQLI-0050,sqli,SecLists,0c6d6ec124553631ce0a8351968b89681dd9ef46ed1326eca571b104c9aa26d1,false
SQLI-0051,sqli,SecLists,53710609c718a1ff1baa24737218ff908c073be4de3fb95a520d7186a16a0cc1,false
SQLI-0052,sqli,SecLists,26bf6298ad7005051b39684331a7b1593cd3b346dcb93808c38d451d134c0589,false
SQLI-0053,sqli,SecLists,6f49cdbd80e1b95d5e6427e1501fc217790daee87055fa5b4e71064288bddede,false
SQLI-0054,sqli,SecLists,8d33f520a3c4cef80d2453aef81b612bfe1cb44c8b2025630ad38662763f13d3,false
SQLI-0055,sqli,SecLists,059b850298ae33529c41f5466960be1c7436e9dced68e6ca7a5f5d6dca520d8a,false
SQLI-0056,sqli,SecLists,265fda17a34611b1533d8a281ff680dc5791b0ce0a11c25b35e11c8e75685509,false
SQLI-0057,sqli,SecLists,8a331fdde7032f33a71e1b2e257d80166e348e00fcb17914f48bdb57a1c63007,false
SQLI-0058,sqli,SecLists,265fda17a34611b1533d8a281ff680dc5791b0ce0a11c25b35e11c8e75685509,false
SQLI-0059,sqli,SecLists,eaec06bf3a1b96664dcf224b93180d1f53774de2b1839040fa83e7421f09ee08,false
SQLI-0060,sqli,SecLists,fa4a34fc3bae7244e7792caf54232c2dd6b61c8f3ff343315fa28f6ccb0d4420,false
SQLI-0061,sqli,SecLists,64f78a3389930da7268a999b911069918360bdbfd7845800e9d085ed4d6a3a5a,false
SQLI-0062,sqli,SecLists,deeb0c4f47c8ef24a4884a02b593d1d79a133d7736d134ecd696ed0c9d3d1a6b,false
SQLI-0063,sqli,SecLists,51fd93d4248f0ba7291795fa85ce82351b284436da5683e1c8e5b53e7e9f5e5e,false
SQLI-0064,sqli,SecLists,960631d6083a0ffdf98f16e326e14b0042885fae7ea02ef5bba19fefb271c877,false
SQLI-0065,sqli,SecLists,f1c8d53b00a0d4624e078338952d5e2790b841ded7194bf72e111112a3bb3f9e,false
SQLI-0066,sqli,SecLists,3bbe872b2424b769588b93fd1eb15ad7b05fc745e15a74c7c74c72572ad0da85,false
SQLI-0067,sqli,SecLists,8ac6dee68c6087235ed62502ff22840ec036718b8ce076ba523acc620f7bc932,false
SQLI-0068,sqli,SecLists,2acae70e36b6a71409d8cb4f7dac586a5a2e2bc9cba78a453cebbff66dc1a1c3,false
SQLI-0069,sqli,SecLists,cfd925e0a9ead39ab2748540c5273abfa494beef5b2bfc0d3c14e52bc12757cb,false
SQLI-0070,sqli,SecLists,55697d1d0cc96be0732a7d33118346900b77d1c9638ed3ecaf55aab42215a05f,false
SQLI-0071,sqli,SecLists,45fef39516744efd7ffac0ac449fcfc52fabc172a5af9355b20ac3064e2fd255,false
SQLI-0072,sqli,SecLists,deeb0c4f47c8ef24a4884a02b593d1d79a133d7736d134ecd696ed0c9d3d1a6b,false
SQLI-0073,sqli,SecLists,51fd93d4248f0ba7291795fa85ce82351b284436da5683e1c8e5b53e7e9f5e5e,false
SQLI-0074,sqli,SecLists,960631d6083a0ffdf98f16e326e14b0042885fae7ea02ef5bba19fefb271c877,false
SQLI-0075,sqli,SecLists,f1c8d53b00a0d4624e078338952d5e2790b841ded7194bf72e111112a3bb3f9e,false
SQLI-0076,sqli,SecLists,0cb87915c340d41461f99dee457c888db495e398d86269c924b5a1f5ecb9dac6,false
SQLI-0077,sqli,SecLists,05b0da6f01d5f95a888d3c73b407ee214293c52faa9090bbaf721c58b1a3ab45,false
SQLI-0078,sqli,SecLists,7cd9ecea434642619b34cf20006af3260fbc92b2734c8536c3e9fb031bb10ead,false
SQLI-0079,sqli,SecLists,bf2de68c39cace5ee829ddf4adf32e7d676448653284f39d42450893eee90577,false
SQLI-0080,sqli,SecLists,a6e67b3d2926760497d9216ef9b7bd83a72e8463515bfb6c4bb94cc208ae1dc9,false
SQLI-0081,sqli,SecLists,16b83b8fbb0ba56cc3ed42ed23d4799d735347b33370df651bb7ed950e27b7f1,false
SQLI-0082,sqli,SecLists,4561ab40ea20da78fe497e950393177462d1e7be067c254efa67144d809fa36e,false
SQLI-0083,sqli,SecLists,f70fb4a557c807a151068e40d51ca5b2ef44e765262920576647bf40a5f5c6b4,false
SQLI-0084,sqli,SecLists,188a9efbe47cba38ec5e7870e163dc13e22d512cda4b25b1806b39c0395d62da,false
SQLI-0085,sqli,SecLists,e95d5d1fd07d60018243ecc4dd00c02e0aecbe856c2e6d4691bd399ff4146a44,false
SQLI-0086,sqli,SecLists,be9b35a424b556ce09248643e4d43ff97dc79fd0146869cfe6eedc2d847cc584,false
SQLI-0087,sqli,SecLists,1760013f40b73f6f8551ed5b4fdc6a2377b743c68a9d62f840f3bdf495e5d73f,false
SQLI-0088,sqli,SecLists,d362dc70ff67a73361d08a757c992f44c2c74cedf94907835967ed3e8b51b16a,false
SQLI-0089,sqli,SecLists,917ef4c91e49c2d7cadf8595605689c0ad81db2f34c3b04b41cf54b46b25d847,false
SQLI-0090,sqli,SecLists,d8c3b76c44bf737d40c274b14b7bcb30e31bffe3c9a50ac42bf2d6f87599f359,false
SQLI-0091,sqli,SecLists,3fe16b02bbe4762e4d48ee175ac88ae6254439f1ad37d9c9ef7e7ccf0d82a603,false
SQLI-0092,sqli,SecLists,ef50c21d37989fffdb9952d8fb91f48a4d2def6ad6b81a3a1f2ea598adab03a6,false
SQLI-0093,sqli,SecLists,436242ce635e9cbe178d9abe698c211bb842c8fdbfa3b5d4f08f759406c9fc0a,false
SQLI-0094,sqli,SecLists,1c8673c22906c2db7b8c3619298d1c9c20b33044a3eec891b45f4bdbf7103ec0,false
SQLI-0095,sqli,SecLists,6c28961a85323d2aae3fa7d88ee420b7c6ab89ba5039382eb4b719b12dc24112,false
SQLI-0096,sqli,SecLists,f736b24dba47de35464b32e52c8327110977b6583462d33748b2a2c58a6f0914,false
SQLI-0097,sqli,SecLists,a7fe3578c648103a3894aac5935fdab4b5708b0a5a817f6c35bd0320e897fd85,false
SQLI-0098,sqli,SecLists,16e1c4b535d3191328ea519c2777c5f0a061fb891a36a969c663a2aa70892f68,false
SQLI-0099,sqli,SecLists,683fded2950767a75b0706387852c2ef3dde90eb5a1d9ee2d960a8fdd40a83d5,false
SQLI-0100,sqli,SecLists,e517f9978330adfede03e3c3489f597dd943ec0be432be73d642f7949632efad,false
SQLI-0101,sqli,SecLists,dfafc36c0478c7bd46edf55081015539675e0f5054e11be65da17dab461fc352,false
SQLI-0102,sqli,SecLists,9ed2737f8c7dac54f9b2c00306e8e717937be6d488466b95072f74e1e7419d78,false
SQLI-0103,sqli,SecLists,d8797f599ad1dbfdbcb57050d7731d349c47aed9d8c61b65fcef37dfc0e374ec,false
SQLI-0104,sqli,SecLists,84f13a448cb7719022c5dd34899d97498b46d98b30c8376394ce93a2aa1f0b25,false
SQLI-0105,sqli,SecLists,213ea7d8aa6faafacf8df621e59e5f5ab1a5ab9b8f657eb255bb868ed6fe6d93,false
SQLI-0106,sqli,SecLists,63d2206303198fed360815f7c7028d5be1c4c016a46c2c1afea26f366771b850,false
SQLI-0107,sqli,SecLists,c33415e9688d3c4f0c4a323da253cea2a4185b43598b023f5263610d8de22705,false
SQLI-0108,sqli,SecLists,56fe5c088b99964b991ade9242bde2b7f5edef604c314a47c93288c3c506d220,false
SQLI-0109,sqli,SecLists,3f2ca7afc534c58c6d067c5ce73dc916f2c013323eb0250b7e4177222a3adde1,false
SQLI-0110,sqli,SecLists,c3495fec37ae080d187a97304c8733fb50f08c39ab90a1a8b0ccb6719c2bc60b,false
SQLI-0111,sqli,SecLists,f1570ae6b24dcba421fcd1a93e1e7abc4a0400bc042adf57587227f2ef860e4c,false
SQLI-0112,sqli,SecLists,5d12e76077f3827d3e9050703e85cd63164d0f5f4cad7783e16daacec906048d,false
SQLI-0113,sqli,SecLists,4339d041973875263780ed71dc8c662fc5655359c02018bd9ca3fae53ae7b160,false
SQLI-0114,sqli,SecLists,45966405d9ccaca094ffdcb0846f12eb45d65dc1fa7fc22f2c2d894b4275f245,false
SQLI-0115,sqli,SecLists,2077ef614f1ac7dd89a6e4e7355aca155c6adbdf29066066d1f782c37c303be9,false
SQLI-0116,sqli,SecLists,8992504eed75469ba79a07bcf8cc9b0c94070489f2739c5a8ae39559f5680915,false
SQLI-0117,sqli,SecLists,3179d37d990e15c45f71e53d7aec0b0f8a8db9a7e49e4c5cc235de54b370cb75,false
SQLI-0118,sqli,SecLists,0b322c2f84bfdd6d9faabdd081b3f53916848a54c8420f26dd08271f265287bf,false
SQLI-0119,sqli,SecLists,efe6f57aa375305478025c8cd7f304a864a30551eaf4e42b05e049ac64644474,false
SQLI-0120,sqli,SecLists,32b57e4c5dc7cc535eaa84c642b728365dfa3d6976aec165c8c03eba24d1ac18,false
SQLI-0121,sqli,SecLists,c7b8e9b0b67955a8ad3f1399a6aaf23f92784d69d0646952a9c76053e5b2a125,false
SQLI-0122,sqli,SecLists,f5c38857aa41c8cc95fd3501958069c0484006d2dd49008dc2bbebeea4e67e24,false
SQLI-0123,sqli,SecLists,d847b594d89c322566116ae7607b10a2ff4d4f6d7e60eb30f96691270d4b5660,false
SQLI-0124,sqli,SecLists,2440b79a550401a0c921a920e79f76403d6ac5053c952a04f7742fc678df65d3,false
SQLI-0125,sqli,SecLists,2f5cbc5f3ba62b97adfb14165a434e63f9bc3c5b85846bf33228e2fb4ebaec9d,false
SQLI-0126,sqli,SecLists,574dc35519f0017ae3337f6a840906f0fadca4aa786fbd8ce782989d37bff50a,false
SQLI-0127,sqli,SecLists,5d5246d743dbfa65b443491b790f8a2b7ccd3b41a2047476271d33032755a827,false
SQLI-0128,sqli,SecLists,7319435bf4b585d80682034e620a6a879d3249898d17556cde4007012b8c4caf,false
SQLI-0129,sqli,SecLists,4af2b910879f064b8e2a45e24ff32d86f63af613409dfc22aabe0c38bc1c8608,false
SQLI-0130,sqli,SecLists,4f5381c204705520fd49d9129ab7fa7b4c17fc27af43117cbe0eb9e427f0808d,false
SQLI-0131,sqli,SecLists,fda4a393f82c3de9bf3e01f7df5f02584bcb3949d878293094c87d7037636f85,false
SQLI-0132,sqli,SecLists,8927e705bcaecd0963fcd487703c104fdb42bfdd19cb896549e08eb7e4e3c968,false
SQLI-0133,sqli,SecLists,e7d7151408807919560591e5da3ac155b7d60cdd437d20a3cda32779a8764c8b,false
SQLI-0134,sqli,SecLists,9c5b00ec21fbc9b379de01feafbd3db25bea2a171e976635d4c451d0c87b6d86,false
SQLI-0135,sqli,SecLists,c4d07e9141fac3365b9d0e98b7c2f344fc0970c1a6b4e74c3d03d18431a96efc,false
SQLI-0136,sqli,SecLists,c98f746cfcd874540b2a9a44cbc57d6283b31209d85c59ffe0b001e495f8c5f8,false
SQLI-0137,sqli,SecLists,b5f3f09f737763d24ae3cb64d211e3a79c2e92c13cd6f4ed195a7f71cc4906f9,false
SQLI-0138,sqli,SecLists,b582d36547dbe5e55ad0e43e35d186ad6d3747069cb704cf346c70797060191e,false
SQLI-0139,sqli,SecLists,03e411458176293a44f385dc29aeb577df04f5b1358fe4a85cd18c017b00e8c8,false
SQLI-0140,sqli,SecLists,4125014563570478e3f1bb833409c409b2f8e4f81ebe598979886b22926873f1,false
SQLI-0141,sqli,SecLists,574446ea16f48be2ef37844536b9368827de171eca7864e803d578c17b01ce82,false
SQLI-0142,sqli,SecLists,914a5167972158a1ea8412bb4ddd881547d11b7cf0b2665c1bb91e1c23b62ae5,false
SQLI-0143,sqli,SecLists,6ca152a545cd88e41632d40432e6a35886f5c8790c7b2b9b8f725aeefdd198e8,false
SQLI-0144,sqli,SecLists,ce1f1f51b311b80712e0722b4c553b548268b40531f7a00f22fb78ef2c8b3749,false
SQLI-0145,sqli,SecLists,03f7fc6f3ea429028af9b6349a032d8087edf1937892d98e590f207925c19e2c,false
SQLI-0146,sqli,SecLists,d93d1aacd0b8177f5d06a442b105aec9ac95dba878885d2d3a1cd059472a70c9,false
SQLI-0147,sqli,SecLists,09ab0be0c86b8b1f418a672eba4a0962fb6c28651d0172f9cc016c797b85b912,false
SQLI-0148,sqli,SecLists,5af301a347bf9f6de647b38e66acb6bbac5152bc34e7a0ea235b1a57bae8fa70,false
SQLI-0149,sqli,SecLists,ab241a4e2dca251d6926abbba0938c25586bcf2c7abba06d9d7250ff8b54dbb7,false
SQLI-0150,sqli,SecLists,ced1b01231f3eaaf4ecacd04d68eec05e54d1cd0f132f960348eaf3634af7f24,false
SQLI-0151,sqli,SecLists,78dbcb47e426789f8e1626a904e12f77e390296517e7277d0b29cb02072441fc,false
SQLI-0152,sqli,SecLists,803972915bad6d6b5eba587cf2771fae6d8771f862fbdf796e65653c2ddbb463,false
SQLI-0153,sqli,SecLists,232b12870e2f120d83f039553e340d74117e1091975f131a90bd040b32c2bb90,false
SQLI-0154,sqli,SecLists,92698125a2a4cef96e3b80a3271ebded31602446a9f330998512c09222bd13a1,false
SQLI-0155,sqli,SecLists,5ac45dd01ce7b703dbe992559fde120bbd7f64334bf8b938edc161c509d3ab25,false
SQLI-0156,sqli,SecLists,1e3701e595a4bb629d9ad6802c296a198abe267c3a614945856c02a6ca6f35f9,false
SQLI-0157,sqli,SecLists,bca4ae8c20aa965ee44d05a6403faaeb9304a9d2f59c78cc03c2a7731723d959,false
SQLI-0158,sqli,SecLists,7db73138512c535f5b59fb59c5c52b7cc66bf1e5e2da4f71d6ef974e9e7a6b7c,false
SQLI-0159,sqli,SecLists,3c6a07b58fc01f42a7c9ff348a9a05bc2f4e97250eb248af5014507503c989fd,false
SQLI-0160,sqli,SecLists,0ba8b91f182c6d50f12b2f42acc2fdd6d6604afbb1167e17355934d7f47e04cf,false
SQLI-0161,sqli,SecLists,b5ce5a731b7418d247dcc4ecd266447b7bba112d27be4e534458aa85e9b304bc,false
SQLI-0162,sqli,SecLists,29d24de2b34147e13c246d22e0b8930aed5da5c4ab4528f2483fcf94483561da,false
SQLI-0163,sqli,SecLists,6c3aa69cbb99a56785ecbf354fcc7560c99b79ee4d62fcb43b3165d719970aee,false
SQLI-0164,sqli,SecLists,16bae134e734650d7db1ee70c2573b35b86172e2dde6e8e86cc130aad2feb1f3,false
SQLI-0165,sqli,SecLists,c7490283d8f4bf2bed199563b6d15dce340465ee636eef046a58aa5007ae8989,false
SQLI-0166,sqli,SecLists,551e9b149aba98040babeeaa84a7a113cf26c79dc1294a11eb2aeff00ea767dc,false
SQLI-0167,sqli,SecLists,95249497ea39f75aa473e38bab15536f8fcb2418a12401de04861dcbc1e0889d,false
SQLI-0168,sqli,SecLists,ee0dcf52b3295246be66309ee7df530d5aa488f051d6ce031039e5ffd50d68ab,false
SQLI-0169,sqli,SecLists,3976510d4363d90ea06d01be7a3c7d8ae4e7de977dc0a6c45a0a75d2bd8c6565,false
SQLI-0170,sqli,SecLists,c02d1e71cd6d2f1d132271a89ce8a2c720e87e4b6eca2d5f34238b17c2ee50ea,false
SQLI-0171,sqli,SecLists,f8e0ac1ef73cb81f3fc900d7d0f87c90bc0a5001a706062350ca25aa7a6d44ef,false
SQLI-0172,sqli,SecLists,fec030f9dae6b483ad2064811d384887657e75d2def4cb79e13ab2ce8754e53d,false
SQLI-0173,sqli,SecLists,e6e603a51d47c3c7f559c80153d6ae110aa3d281ae49eefc0d3ec56ddfa0b6c4,false
SQLI-0174,sqli,SecLists,b46fd97973f25c0368cd1d2dbb231e6b689f6eb20a94e70a2a56084b77d7b228,false
SQLI-0175,sqli,SecLists,a7b2d46886e9d0c5e381d4e6b0f636e7cb9023715e57428df0ae282bf17d89ef,false
SQLI-0176,sqli,SecLists,341acb26d305cc5a991ef683c221b29e59e1c93ea2614d16e72634648d4de21d,false
SQLI-0177,sqli,SecLists,f8067b2ff307935e06a09f41426f102aa739553ce8f779193f88e25a80267e42,false
SQLI-0178,sqli,SecLists,90be484203408221578d5ef4a1d3dd90c43a9a36ad7645c7dd978b6c80e520a7,false
SQLI-0179,sqli,SecLists,7e4852f55b4cb21bae4d0b3e9276c89a3a0846954f9b43ed7c3bbe741a0a9c1b,false
SQLI-0180,sqli,SecLists,b998f5ace176278689ea15e3302901c0ca223dc489e10d239a08302679628d47,false
SQLI-0181,sqli,SecLists,80ceb65e3507b79e9058a025c1dd437892a173574e0b24125f869a0eaa35c46f,false
SQLI-0182,sqli,SecLists,fc88254cabac5dbdb6ad7e2d08a69f9916fe80e9f6a4e3ebdcab473d819ac468,false
SQLI-0183,sqli,SecLists,a7b4a6badd55279f92fe7787440a4b31d5ef2fffe721aac1a20fb508a74f0f16,false
SQLI-0184,sqli,SecLists,b6314c543184a4664b833bf7b2e24b372899d888089b79588013805b1de1ca1b,false
SQLI-0185,sqli,SecLists,3c935a6caca758d14145d3f0f743eb071e300c1472d04d81ae562b1ca79c0129,false
SQLI-0186,sqli,SecLists,0db66077f04d0684f67cd3399b63975bee4f23a716d9628058102846e86eba83,false
SQLI-0187,sqli,SecLists,1a2bf91c8d14ae09333a46b22e1e667d0e0f784c102090acbeadc9eb15effb24,false
SQLI-0188,sqli,SecLists,6ffde04c2a5ea64af22a209daf9ea910e7116d409e7e4bfb5623573c099adb53,false
SQLI-0189,sqli,SecLists,e1c04226f4e3ded3d85846b54c2333f92c0d161cf1bf5b8098b13800c6a4ff04,false
SQLI-0190,sqli,SecLists,0cb0d3006309742602c3309014b80eeb58b9afdfd426442a9abf31b81661f9bf,false
SQLI-0191,sqli,SecLists,19518f0544e2b51066c2846a0a29a23d47d5f9467f42b2744b921a3a258669cf,false
SQLI-0192,sqli,SecLists,e3a6f07433161788ebdb0318160a51c6df99c916795740c5856ee7a82e89c1c4,false
SQLI-0193,sqli,SecLists,385a6aab8c0510b69fa07957f7b683f8f32b9d572c6aedc329e5014e9c3d5135,false
SQLI-0194,sqli,SecLists,0d9462944f17f56f828b6054f9a14de846945af14ac90b7ebf71f973667c0aa3,false
SQLI-0195,sqli,SecLists,8549b97fb0b26556636afa9a83964920256bb99ac504c6457d1769a9732e5383,false
SQLI-0196,sqli,SecLists,e31491ae378f77ca75c1154772107a42610fd8e6c18229437a5019f03b5ae172,false
SQLI-0197,sqli,SecLists,2f39cf6bc4c1ce946fd9d7ee13c7e0862f25feb34ba87ed5229ed717f573935d,false
SQLI-0198,sqli,SecLists,08880dd8298d21abc693bc747063096c3a5b506f88d2d8f15886f070c6415e1d,false
SQLI-0199,sqli,SecLists,f77b96b1899c9d7729dc2c68b5c09512559b87ef65db4e6d7c8c5da7d7286d75,false
SQLI-0200,sqli,SecLists,b85fa3f6566090935235369f55c950480447752f218a93440675ac085e483fdb,false
SQLI-0201,sqli,SecLists,0dc5783bb380def59e0aa2c45156c5136eea9e15edf03317a08f79ca98d66add,false
SQLI-0202,sqli,SecLists,59bb38c24b2afb4b36f3a8e7506e9e1930f9e1a8e7e9cc7a9fcb4fbaa692255c,false
SQLI-0203,sqli,SecLists,e06eedfd94fa643737eba382d76fb197674800d4598b668eaddb909cdb5a5519,false
SQLI-0204,sqli,SecLists,85acfe0a883917aec65202300d0b3feedc92cdbf43dfb9c2b7313b0c8a4e7f3e,false
SQLI-0205,sqli,SecLists,b66b411a20f736fdfdb1567c231dffe0ce9d632e98cf9a6453a4111ee4ec68c7,false
SQLI-0206,sqli,SecLists,f785655150829f61c3509cc124149caf4ae009a74a79dd5bba9f7dd5196d6d6d,false
SQLI-0207,sqli,SecLists,428b226a23b2369e8738d74273dd68634e91d2bef87d2ee7b6a8a3890aaa8ade,false
SQLI-0208,sqli,SecLists,03ac5cb8a5c80b07dc043e4f7cd8dff876714e7df917c60b9499a1d453270f48,false
SQLI-0209,sqli,SecLists,da9aeb853c6539943b7517c73c83eca9938109c5b5631a20091a14a6d0ab705e,false
SQLI-0210,sqli,SecLists,7201de2ea3ac758a6e49011cc655504d1ed241635b29ac495b36899c7d734b45,false
SQLI-0211,sqli,SecLists,7f7a242d751d87b00f461a259aa2b10a803bb33528f8935c9b133845cd954231,false
SQLI-0212,sqli,SecLists,e3b48d386bca84156c8c654aa91a1dad1f79aff313ad9ebca5e0ff32f6bcf207,false
SQLI-0213,sqli,SecLists,e0550bf06bc2fe1a020457baff71ff56555655a5b789142c33bdcc3f9ad52002,false
SQLI-0214,sqli,SecLists,80200b609d03396b48a55e8c50affbc2f07c457cf056da419a0b4dc463e647c3,false
SQLI-0215,sqli,SecLists,a6b62d59d4abeefdf2779715493f933dff3b4b8489baf5fdbb77c53cff7eec87,false
SQLI-0216,sqli,SecLists,5fd3001ad0f05e6f5a903f943c4418505d998502665f1b62bbf9fa37a37d2395,false
SQLI-0217,sqli,SecLists,d086ed62a7ee9127680b364ad4584ae5b4fd2a8f2e827eb6fadd2d0ed7c18066,false
SQLI-0218,sqli,SecLists,dac5934ccfd60db4736e96850c7302b8070044b7f12c6247ee5d6228dc9dc739,false
SQLI-0219,sqli,SecLists,466f68cd53b506962b02a73815b5774a45f432c79940586942ee2ae8ce4889aa,false
SQLI-0220,sqli,SecLists,93ed7c2aeb45ff98f97fecbaa7c373dc629570a4dc42a8bb93f91306671d42e7,false
SQLI-0221,sqli,SecLists,3fc40b63ea43ab25c5fb23b6626174d4c6a0c0b5ef4bb9bfd1f3722efc34d9c0,false
SQLI-0222,sqli,SecLists,d5796054d152e9b9c1609fba6b783a8afe7f8a3fce6dfb8bb549007b55d34a18,false
SQLI-0223,sqli,SecLists,999b162e4ba7a37550c5b4c995107400324782226919edd65a3caacbe790ad9f,false
SQLI-0224,sqli,SecLists,7990d8fb117bb69d34f306c286db8d5bd4a028be2d15b8604905411111ad9a61,false
SQLI-0225,sqli,SecLists,d0719579738946a22845acf3e38a4050766e14e50e357d99f4b8142a8ae6913e,false
SQLI-0226,sqli,SecLists,0aa2a328c1d6633eb1a756c04dcf0458266230ba01dfa71c0f87195b08916404,false
SQLI-0227,sqli,SecLists,d4bf7de6c49fd9c15f2e666c58d6993434f65e24bda4ff2d6b3b8fb205266d7a,false
SQLI-0228,sqli,SecLists,ab19f1a7a0f7717cde56c89469822f9a1a8ad310b22314f515616769c0fc78a9,false
SQLI-0229,sqli,SecLists,4944dcf6d159c557afafb7897df07829cb7f61f6d721106f6d461dd468c220fb,false
SQLI-0230,sqli,SecLists,223a28e1f0c3765348cbf92fa35aee48c5119f8f06b7f48f6d4d0d28811112b4,false
SQLI-0231,sqli,SecLists,3bbe872b2424b769588b93fd1eb15ad7b05fc745e15a74c7c74c72572ad0da85,false
SQLI-0232,sqli,SecLists,8ac6dee68c6087235ed62502ff22840ec036718b8ce076ba523acc620f7bc932,false
SQLI-0233,sqli,SecLists,2acae70e36b6a71409d8cb4f7dac586a5a2e2bc9cba78a453cebbff66dc1a1c3,false
SQLI-0234,sqli,SecLists,eaec06bf3a1b96664dcf224b93180d1f53774de2b1839040fa83e7421f09ee08,false
SQLI-0235,sqli,SecLists,fa4a34fc3bae7244e7792caf54232c2dd6b61c8f3ff343315fa28f6ccb0d4420,false
SQLI-0236,sqli,SecLists,64f78a3389930da7268a999b911069918360bdbfd7845800e9d085ed4d6a3a5a,false
SQLI-0237,sqli,SecLists,9c828d734a848467a90ae6d075206344837d9c14908d821e4940548ed5785466,false
SQLI-0238,sqli,SecLists,deeb0c4f47c8ef24a4884a02b593d1d79a133d7736d134ecd696ed0c9d3d1a6b,false
SQLI-0239,sqli,SecLists,51fd93d4248f0ba7291795fa85ce82351b284436da5683e1c8e5b53e7e9f5e5e,false
SQLI-0240,sqli,SecLists,f1c8d53b00a0d4624e078338952d5e2790b841ded7194bf72e111112a3bb3f9e,false
SQLI-0241,sqli,SecLists,960631d6083a0ffdf98f16e326e14b0042885fae7ea02ef5bba19fefb271c877,false
SQLI-0242,sqli,SecLists,3d89222af49c5176f88260ca8963115774070751881055203ce20c58abfe02c3,false
SQLI-0243,sqli,SecLists,ac75e0cad961cc969dda7175b5e265cd1b6148934662bc5af3c4edb627e9bb68,false
SQLI-0244,sqli,SecLists,cfd925e0a9ead39ab2748540c5273abfa494beef5b2bfc0d3c14e52bc12757cb,false
SQLI-0245,sqli,SecLists,55697d1d0cc96be0732a7d33118346900b77d1c9638ed3ecaf55aab42215a05f,false
SQLI-0246,sqli,SecLists,8ac8adb687134802aa9721a3fcf4f4ca0fc980861953467fe49484a728e58391,false
SQLI-0247,sqli,SecLists,e7f4e475d067bb346732a1bd466549714ee916e08a48d9570e5d9bee6f09386b,false
SQLI-0248,sqli,SecLists,45fef39516744efd7ffac0ac449fcfc52fabc172a5af9355b20ac3064e2fd255,false
SQLI-0249,sqli,SecLists,2dc548ce0e5c7162e40d6470f216268595b0dcb95888877113dc1010fd9c60f5,false
SQLI-0250,sqli,SecLists,a5e795cdb097b355ea7d8c8a684fc0a1ceb7f9af6d66897c46b46ff07973244c,false
SQLI-0251,sqli,SecLists,0cb87915c340d41461f99dee457c888db495e398d86269c924b5a1f5ecb9dac6,false
SQLI-0252,sqli,SecLists,05b0da6f01d5f95a888d3c73b407ee214293c52faa9090bbaf721c58b1a3ab45,false
SQLI-0253,sqli,SecLists,c0ea290bbde07dd90bbaccd46f5929a7a08acda7bbea389b9a2c6555a1741e55,false
SQLI-0254,sqli,SecLists,b5666e87d9e5d71a57c7cf7e72b040057f9ab622e6eb2836e86bbc0ac98ddb7a,false
SQLI-0255,sqli,SecLists,7cd9ecea434642619b34cf20006af3260fbc92b2734c8536c3e9fb031bb10ead,false
SQLI-0256,sqli,SecLists,a6e67b3d2926760497d9216ef9b7bd83a72e8463515bfb6c4bb94cc208ae1dc9,false
SQLI-0257,sqli,SecLists,bf2de68c39cace5ee829ddf4adf32e7d676448653284f39d42450893eee90577,false
SQLI-0258,sqli,SecLists,265ef23c2e0fe5480efc7f461467b516fff9a549a5ba8533b076a4c8ad4c924c,false
SQLI-0259,sqli,SecLists,7132f5d36c2115a36e9f2b0c258d8032eee96948586c703256761387030a0d27,false
SQLI-0260,sqli,SecLists,ce4faa34fe2ce9273f18ed5c51803bd702a49b67058578d9266ebee7eebcb8fd,false
SQLI-0261,sqli,SecLists,4ce9b9671d72565ad66db325e49981a17245fbbebd093e312c966fa032473185,false
SQLI-0262,sqli,SecLists,7b0d069223b7785991d7806ffb68419eefadd6b3d931aa1aec5d5adbc80948ba,false
SQLI-0263,sqli,SecLists,ae68565d907d5c4c1ec2f32a9ea15eb24ef57146a97e8c4db96bc4c68e851538,false
SQLI-0264,sqli,SecLists,ebbfc5f99cabbd0118b1d607db141e82d5910efdda4be8c658fa4c5923392fa8,false
SQLI-0265,sqli,SecLists,9b0d2a02dfcffe073a4e6539c336cc0c3f22c67c8572d18f22dfa6485d636819,false
SQLI-0266,sqli,SecLists,394e8c670d93c78574d3232001c52cd9cd1572e9f641d80312ca95191cf3a21f,false
SQLI-0267,sqli,SecLists,ae88411722ca0ef13718f09d53622d27e9f4b6f2322af01f2b6d16da6325e0b2,false
SQLI-0268,sqli,SecLists,0e9e1227a09ecc922b6259f67026607a3496602ae571e079d227ce642fbbc4a7,false
SQLI-0269,sqli,SecLists,188a9efbe47cba38ec5e7870e163dc13e22d512cda4b25b1806b39c0395d62da,false
SQLI-0270,sqli,SecLists,e95d5d1fd07d60018243ecc4dd00c02e0aecbe856c2e6d4691bd399ff4146a44,false
SQLI-0271,sqli,SecLists,be9b35a424b556ce09248643e4d43ff97dc79fd0146869cfe6eedc2d847cc584,false
SQLI-0272,sqli,SecLists,1760013f40b73f6f8551ed5b4fdc6a2377b743c68a9d62f840f3bdf495e5d73f,false
SQLI-0273,sqli,SecLists,d362dc70ff67a73361d08a757c992f44c2c74cedf94907835967ed3e8b51b16a,false
SQLI-0274,sqli,SecLists,917ef4c91e49c2d7cadf8595605689c0ad81db2f34c3b04b41cf54b46b25d847,false
SQLI-0275,sqli,SecLists,d8c3b76c44bf737d40c274b14b7bcb30e31bffe3c9a50ac42bf2d6f87599f359,false
SQLI-0276,sqli,SecLists,3fe16b02bbe4762e4d48ee175ac88ae6254439f1ad37d9c9ef7e7ccf0d82a603,false
SQLI-0277,sqli,SecLists,ef50c21d37989fffdb9952d8fb91f48a4d2def6ad6b81a3a1f2ea598adab03a6,false
SQLI-0278,sqli,SecLists,436242ce635e9cbe178d9abe698c211bb842c8fdbfa3b5d4f08f759406c9fc0a,false
SQLI-0279,sqli,SecLists,f035d3844d95129e2fff8306b54174021c3701f4ce0b11d53195f88ac0ead776,false
SQLI-0280,sqli,SecLists,6151ddfc23eedb5db0072c9ef09d7fa224b62a157d4f98e988ddcce641bcc67b,false
SQLI-0281,sqli,SecLists,02f903c765772dfe24a31f414f052d50743d5edf0cec1c44a9aa36d86e20d1a7,false
SQLI-0282,sqli,SecLists,ba4373e037e5a63d70f90a5c1e30aa97a0b925ed87f64591b87e555570dd2d56,false
SQLI-0283,sqli,SecLists,c6ee0f2788eab1a8dc50197c0be84f596ef06833565a6b0dbdcf6f74b4027093,false
SQLI-0284,sqli,SecLists,87f973d7e269dcfccb0bb90b6d8728634b59c76b56740780ec08bf9d822c5ff4,false
SQLI-0285,sqli,SecLists,b3b0975923dc2e2a36b26327a8e5e2d596e2efc79b4171d9e21512021a1f8585,false
SQLI-0286,sqli,SecLists,c8fabd246b9179d85bcd49e4c2de9d2af4a983e093401e7303b5ebd046d2a3d0,false
SQLI-0287,sqli,SecLists,8816319789eb384e6fd248059acfb2ef3a65e0b760e9bf4b38be58cc817a41c2,false
SQLI-0288,sqli,SecLists,c3495fec37ae080d187a97304c8733fb50f08c39ab90a1a8b0ccb6719c2bc60b,false
SQLI-0289,sqli,SecLists,f1570ae6b24dcba421fcd1a93e1e7abc4a0400bc042adf57587227f2ef860e4c,false
SQLI-0290,sqli,SecLists,5d12e76077f3827d3e9050703e85cd63164d0f5f4cad7783e16daacec906048d,false
SQLI-0291,sqli,SecLists,d8797f599ad1dbfdbcb57050d7731d349c47aed9d8c61b65fcef37dfc0e374ec,false
SQLI-0292,sqli,SecLists,9ed2737f8c7dac54f9b2c00306e8e717937be6d488466b95072f74e1e7419d78,false
SQLI-0293,sqli,SecLists,84f13a448cb7719022c5dd34899d97498b46d98b30c8376394ce93a2aa1f0b25,false
SQLI-0294,sqli,SecLists,213ea7d8aa6faafacf8df621e59e5f5ab1a5ab9b8f657eb255bb868ed6fe6d93,false
SQLI-0295,sqli,SecLists,63d2206303198fed360815f7c7028d5be1c4c016a46c2c1afea26f366771b850,false
SQLI-0296,sqli,SecLists,c33415e9688d3c4f0c4a323da253cea2a4185b43598b023f5263610d8de22705,false
SQLI-0297,sqli,SecLists,56fe5c088b99964b991ade9242bde2b7f5edef604c314a47c93288c3c506d220,false
SQLI-0298,sqli,SecLists,3f2ca7afc534c58c6d067c5ce73dc916f2c013323eb0250b7e4177222a3adde1,false
SQLI-0299,sqli,SecLists,852cce83d9a58ba68dd998f9bc1cef738b3868fd3fe5e7a408111c12ab974654,false
SQLI-0300,sqli,SecLists,63a2b6e455311a55a6d4891f179aaf1b30ae15bd45994444012acd728a33a7a0,false
SQLI-0301,sqli,SecLists,64f1d459fe181dc2626ce6017c8986e0d92d77b5da1dbeae39749c31a7426d7b,false
SQLI-0302,sqli,SecLists,e15fe610beb97e851a3c25a40be12d5ffe91abfbf6ad80460343fe5262d7d8fd,false
SQLI-0303,sqli,SecLists,4339d041973875263780ed71dc8c662fc5655359c02018bd9ca3fae53ae7b160,false
SQLI-0304,sqli,SecLists,45966405d9ccaca094ffdcb0846f12eb45d65dc1fa7fc22f2c2d894b4275f245,false
SQLI-0305,sqli,SecLists,2077ef614f1ac7dd89a6e4e7355aca155c6adbdf29066066d1f782c37c303be9,false
SQLI-0306,sqli,SecLists,8992504eed75469ba79a07bcf8cc9b0c94070489f2739c5a8ae39559f5680915,false
SQLI-0307,sqli,SecLists,1920a3033dfe81b2feedba4707eccf76a1a2a190edc305cd2f0ba3e82b439882,false
SQLI-0308,sqli,SecLists,621d4ef1009f7d1cc055482095fe8b5c52986faa1a39b6355cd801ab3e6e702d,false
SQLI-0309,sqli,SecLists,3179d37d990e15c45f71e53d7aec0b0f8a8db9a7e49e4c5cc235de54b370cb75,false
SQLI-0310,sqli,SecLists,ed86dae9765b28ba8c4e3d4d71ad3db7b57e51f1e5fc84d186c62960f6167e0f,false
SQLI-0311,sqli,SecLists,17a89535ff81fc34288d31f7bf820bd99865caf1a56168c891f9d2e0c7ce0563,false
SQLI-0312,sqli,SecLists,c18cefafa077c7d7669b16c27cbf4312a21ab12735b13bde6dc40bd271ffdb9c,false
SQLI-0313,sqli,SecLists,efe6f57aa375305478025c8cd7f304a864a30551eaf4e42b05e049ac64644474,false
SQLI-0314,sqli,SecLists,32b57e4c5dc7cc535eaa84c642b728365dfa3d6976aec165c8c03eba24d1ac18,false
SQLI-0315,sqli,SecLists,c7b8e9b0b67955a8ad3f1399a6aaf23f92784d69d0646952a9c76053e5b2a125,false
SQLI-0316,sqli,SecLists,f5c38857aa41c8cc95fd3501958069c0484006d2dd49008dc2bbebeea4e67e24,false
SQLI-0317,sqli,SecLists,d847b594d89c322566116ae7607b10a2ff4d4f6d7e60eb30f96691270d4b5660,false
SQLI-0318,sqli,SecLists,2440b79a550401a0c921a920e79f76403d6ac5053c952a04f7742fc678df65d3,false
SQLI-0319,sqli,SecLists,2f5cbc5f3ba62b97adfb14165a434e63f9bc3c5b85846bf33228e2fb4ebaec9d,false
SQLI-0320,sqli,SecLists,574dc35519f0017ae3337f6a840906f0fadca4aa786fbd8ce782989d37bff50a,false
SQLI-0321,sqli,SecLists,5d5246d743dbfa65b443491b790f8a2b7ccd3b41a2047476271d33032755a827,false
SQLI-0322,sqli,SecLists,7319435bf4b585d80682034e620a6a879d3249898d17556cde4007012b8c4caf,false
SQLI-0323,sqli,SecLists,4af2b910879f064b8e2a45e24ff32d86f63af613409dfc22aabe0c38bc1c8608,false
SQLI-0324,sqli,SecLists,5dbbf9a4569c6de6a125186bcbab8041b5e76811b29757c370c0c2428435c66d,false
SQLI-0325,sqli,SecLists,993a585ebcf4882fd8355b3c5eb505c65ce67ccd1043dc8b8c3924044fa2d147,false
SQLI-0326,sqli,SecLists,67aeddd78d4ecbdba81089e220c1850782afe49e028530b00ba22f1121f94004,false
SQLI-0327,sqli,SecLists,cf37f146401ed5c6ab80eb3eebc17762533cd008d8f771bdcfec2106b8cb7cf6,false
SQLI-0328,sqli,SecLists,a3f43d5290a864bc11d74fbf8bb3ea0aca8d955896c68fce15cf55a857e5d3e9,false
SQLI-0329,sqli,SecLists,ade4922ca1efde33be1a405d2c6f8ec80ae31ab501f35b2ab2c9155ad0ca59f7,false
SQLI-0330,sqli,SecLists,4f5381c204705520fd49d9129ab7fa7b4c17fc27af43117cbe0eb9e427f0808d,false
SQLI-0331,sqli,SecLists,fda4a393f82c3de9bf3e01f7df5f02584bcb3949d878293094c87d7037636f85,false
SQLI-0332,sqli,SecLists,8927e705bcaecd0963fcd487703c104fdb42bfdd19cb896549e08eb7e4e3c968,false
SQLI-0333,sqli,SecLists,e7d7151408807919560591e5da3ac155b7d60cdd437d20a3cda32779a8764c8b,false
SQLI-0334,sqli,SecLists,eed0b211298bd38fcbb78a3a5185547b1649ddddc333d334e178c716b45d8354,false
SQLI-0335,sqli,SecLists,5055e199c200324390642cfb922a984ccac211324e3fe39aa3c1910818a6250e,false
SQLI-0336,sqli,SecLists,a6b62d59d4abeefdf2779715493f933dff3b4b8489baf5fdbb77c53cff7eec87,false
SQLI-0337,sqli,SecLists,dac5934ccfd60db4736e96850c7302b8070044b7f12c6247ee5d6228dc9dc739,false
SQLI-0338,sqli,SecLists,5fd3001ad0f05e6f5a903f943c4418505d998502665f1b62bbf9fa37a37d2395,false
SQLI-0339,sqli,SecLists,466f68cd53b506962b02a73815b5774a45f432c79940586942ee2ae8ce4889aa,false
SQLI-0340,sqli,SecLists,9c5b00ec21fbc9b379de01feafbd3db25bea2a171e976635d4c451d0c87b6d86,false
SQLI-0341,sqli,SecLists,c4d07e9141fac3365b9d0e98b7c2f344fc0970c1a6b4e74c3d03d18431a96efc,false
SQLI-0342,sqli,SecLists,c98f746cfcd874540b2a9a44cbc57d6283b31209d85c59ffe0b001e495f8c5f8,false
SQLI-0343,sqli,SecLists,b5f3f09f737763d24ae3cb64d211e3a79c2e92c13cd6f4ed195a7f71cc4906f9,false
SQLI-0344,sqli,SecLists,fa6cc9b2ebeb8d0cc8b392aa8f30bd435f4ffffa6026862bbb5daad6573ca24e,false
SQLI-0345,sqli,SecLists,bedf04da153cc68556f6367e25360e79bf63b7877fc99a1327b543450d28d1bf,false
SQLI-0346,sqli,SecLists,9b4232c9db2fba2189b86a10289c8b0b5d8831961948e0d031dddc43f8966977,false
SQLI-0347,sqli,SecLists,0d8fcc9591dcbe152d7b5cf7f532b5aaa501ae050258d4449c75f97378c308e7,false
SQLI-0348,sqli,SecLists,4125014563570478e3f1bb833409c409b2f8e4f81ebe598979886b22926873f1,false
SQLI-0349,sqli,SecLists,574446ea16f48be2ef37844536b9368827de171eca7864e803d578c17b01ce82,false
SQLI-0350,sqli,SecLists,4558d2845e801577ec64881dbaf7047abc406c685a1ccf547942b130a83eaf72,false
SQLI-0351,sqli,SecLists,9d504e0e2b07131805405554ec24dc41c4a81f1d0c591be8c3a4475e67b56d97,false
SQLI-0352,sqli,SecLists,914a5167972158a1ea8412bb4ddd881547d11b7cf0b2665c1bb91e1c23b62ae5,false
SQLI-0353,sqli,SecLists,6ca152a545cd88e41632d40432e6a35886f5c8790c7b2b9b8f725aeefdd198e8,false
SQLI-0354,sqli,SecLists,ce1f1f51b311b80712e0722b4c553b548268b40531f7a00f22fb78ef2c8b3749,false
SQLI-0355,sqli,SecLists,03f7fc6f3ea429028af9b6349a032d8087edf1937892d98e590f207925c19e2c,false
SQLI-0356,sqli,SecLists,d93d1aacd0b8177f5d06a442b105aec9ac95dba878885d2d3a1cd059472a70c9,false
SQLI-0357,sqli,SecLists,09ab0be0c86b8b1f418a672eba4a0962fb6c28651d0172f9cc016c797b85b912,false
SQLI-0358,sqli,SecLists,5af301a347bf9f6de647b38e66acb6bbac5152bc34e7a0ea235b1a57bae8fa70,false
SQLI-0359,sqli,SecLists,ab241a4e2dca251d6926abbba0938c25586bcf2c7abba06d9d7250ff8b54dbb7,false
SQLI-0360,sqli,SecLists,ced1b01231f3eaaf4ecacd04d68eec05e54d1cd0f132f960348eaf3634af7f24,false
SQLI-0361,sqli,SecLists,78dbcb47e426789f8e1626a904e12f77e390296517e7277d0b29cb02072441fc,false
SQLI-0362,sqli,SecLists,803972915bad6d6b5eba587cf2771fae6d8771f862fbdf796e65653c2ddbb463,false
SQLI-0363,sqli,SecLists,232b12870e2f120d83f039553e340d74117e1091975f131a90bd040b32c2bb90,false
SQLI-0364,sqli,SecLists,086526bc6c97b54c2f55a49e7d46041788492da462335836c55f330554b5757d,false
SQLI-0365,sqli,SecLists,826faf77b2e3eef1b8f5b321aa9aabf5bd251bd4a2e8ac1e541e127506949ab1,false
SQLI-0366,sqli,SecLists,9d8e38ebf34d0452b4d2f76a873df6fce84a05b74a8f3daf26b8af72883dd463,false
SQLI-0367,sqli,SecLists,bb97282a2391006efbdb4212c71b17561aa4a1c29b02a7b5b7f388d9240a94a0,false
SQLI-0368,sqli,SecLists,98cd1addc744dbfd77ae31e82aa236811dc80b6e1f204b8e787f7a508d6412c8,false
SQLI-0369,sqli,SecLists,2e3199b995296d633bf6bac1e34351f4d3a9b7b8b9d7f994e5f3b05b77ce37a5,false
SQLI-0370,sqli,SecLists,2aed3423a063d3907c3e7f9bec5557680f5c4d1e9407ead6b9a006240947f514,false
SQLI-0371,sqli,SecLists,c21e161da51b06c6a5612ee469bc0b37d00a466ff7662a66e6c6c5b6cf632912,false
SQLI-0372,sqli,SecLists,136d8416b63296431989df8d7172a3605f9a9cf9e2a90c08c36add0fa078d66d,false
SQLI-0373,sqli,SecLists,a54277e2f621f47e478bec6bd0d2e940921340b08c5456893c342b1de3d21397,false
SQLI-0374,sqli,SecLists,16bae134e734650d7db1ee70c2573b35b86172e2dde6e8e86cc130aad2feb1f3,false
SQLI-0375,sqli,SecLists,c7490283d8f4bf2bed199563b6d15dce340465ee636eef046a58aa5007ae8989,false
SQLI-0376,sqli,SecLists,551e9b149aba98040babeeaa84a7a113cf26c79dc1294a11eb2aeff00ea767dc,false
SQLI-0377,sqli,SecLists,95249497ea39f75aa473e38bab15536f8fcb2418a12401de04861dcbc1e0889d,false
SQLI-0378,sqli,SecLists,ee0dcf52b3295246be66309ee7df530d5aa488f051d6ce031039e5ffd50d68ab,false
SQLI-0379,sqli,SecLists,3976510d4363d90ea06d01be7a3c7d8ae4e7de977dc0a6c45a0a75d2bd8c6565,false
SQLI-0380,sqli,SecLists,c02d1e71cd6d2f1d132271a89ce8a2c720e87e4b6eca2d5f34238b17c2ee50ea,false
SQLI-0381,sqli,SecLists,f8e0ac1ef73cb81f3fc900d7d0f87c90bc0a5001a706062350ca25aa7a6d44ef,false
SQLI-0382,sqli,SecLists,fec030f9dae6b483ad2064811d384887657e75d2def4cb79e13ab2ce8754e53d,false
SQLI-0383,sqli,SecLists,e6e603a51d47c3c7f559c80153d6ae110aa3d281ae49eefc0d3ec56ddfa0b6c4,false
SQLI-0384,sqli,SecLists,b46fd97973f25c0368cd1d2dbb231e6b689f6eb20a94e70a2a56084b77d7b228,false
SQLI-0385,sqli,SecLists,a7b2d46886e9d0c5e381d4e6b0f636e7cb9023715e57428df0ae282bf17d89ef,false
SQLI-0386,sqli,SecLists,341acb26d305cc5a991ef683c221b29e59e1c93ea2614d16e72634648d4de21d,false
SQLI-0387,sqli,SecLists,f8067b2ff307935e06a09f41426f102aa739553ce8f779193f88e25a80267e42,false
SQLI-0388,sqli,SecLists,90be484203408221578d5ef4a1d3dd90c43a9a36ad7645c7dd978b6c80e520a7,false
SQLI-0389,sqli,SecLists,7e4852f55b4cb21bae4d0b3e9276c89a3a0846954f9b43ed7c3bbe741a0a9c1b,false
SQLI-0390,sqli,SecLists,b998f5ace176278689ea15e3302901c0ca223dc489e10d239a08302679628d47,false
SQLI-0391,sqli,SecLists,80ceb65e3507b79e9058a025c1dd437892a173574e0b24125f869a0eaa35c46f,false
SQLI-0392,sqli,SecLists,fc88254cabac5dbdb6ad7e2d08a69f9916fe80e9f6a4e3ebdcab473d819ac468,false
SQLI-0393,sqli,SecLists,a7b4a6badd55279f92fe7787440a4b31d5ef2fffe721aac1a20fb508a74f0f16,false
SQLI-0394,sqli,SecLists,b6314c543184a4664b833bf7b2e24b372899d888089b79588013805b1de1ca1b,false
SQLI-0395,sqli,SecLists,3c935a6caca758d14145d3f0f743eb071e300c1472d04d81ae562b1ca79c0129,false
SQLI-0396,sqli,SecLists,0db66077f04d0684f67cd3399b63975bee4f23a716d9628058102846e86eba83,false
SQLI-0397,sqli,SecLists,1a2bf91c8d14ae09333a46b22e1e667d0e0f784c102090acbeadc9eb15effb24,false
SQLI-0398,sqli,SecLists,6ffde04c2a5ea64af22a209daf9ea910e7116d409e7e4bfb5623573c099adb53,false
SQLI-0399,sqli,SecLists,e1c04226f4e3ded3d85846b54c2333f92c0d161cf1bf5b8098b13800c6a4ff04,false
SQLI-0400,sqli,SecLists,0cb0d3006309742602c3309014b80eeb58b9afdfd426442a9abf31b81661f9bf,false
SQLI-0401,sqli,SecLists,19518f0544e2b51066c2846a0a29a23d47d5f9467f42b2744b921a3a258669cf,false
SQLI-0402,sqli,SecLists,e3a6f07433161788ebdb0318160a51c6df99c916795740c5856ee7a82e89c1c4,false
SQLI-0403,sqli,SecLists,385a6aab8c0510b69fa07957f7b683f8f32b9d572c6aedc329e5014e9c3d5135,false
SQLI-0404,sqli,SecLists,0d9462944f17f56f828b6054f9a14de846945af14ac90b7ebf71f973667c0aa3,false
SQLI-0405,sqli,SecLists,8549b97fb0b26556636afa9a83964920256bb99ac504c6457d1769a9732e5383,false
SQLI-0406,sqli,SecLists,e31491ae378f77ca75c1154772107a42610fd8e6c18229437a5019f03b5ae172,false
SQLI-0407,sqli,SecLists,2f39cf6bc4c1ce946fd9d7ee13c7e0862f25feb34ba87ed5229ed717f573935d,false
SQLI-0408,sqli,SecLists,08880dd8298d21abc693bc747063096c3a5b506f88d2d8f15886f070c6415e1d,false
SQLI-0409,sqli,SecLists,f77b96b1899c9d7729dc2c68b5c09512559b87ef65db4e6d7c8c5da7d7286d75,false
SQLI-0410,sqli,SecLists,b85fa3f6566090935235369f55c950480447752f218a93440675ac085e483fdb,false
SQLI-0411,sqli,SecLists,0dc5783bb380def59e0aa2c45156c5136eea9e15edf03317a08f79ca98d66add,false
SQLI-0412,sqli,SecLists,59bb38c24b2afb4b36f3a8e7506e9e1930f9e1a8e7e9cc7a9fcb4fbaa692255c,false
SQLI-0413,sqli,SecLists,e06eedfd94fa643737eba382d76fb197674800d4598b668eaddb909cdb5a5519,false
SQLI-0414,sqli,SecLists,85acfe0a883917aec65202300d0b3feedc92cdbf43dfb9c2b7313b0c8a4e7f3e,false
SQLI-0415,sqli,SecLists,b66b411a20f736fdfdb1567c231dffe0ce9d632e98cf9a6453a4111ee4ec68c7,false
SQLI-0416,sqli,SecLists,f785655150829f61c3509cc124149caf4ae009a74a79dd5bba9f7dd5196d6d6d,false
SQLI-0417,sqli,SecLists,428b226a23b2369e8738d74273dd68634e91d2bef87d2ee7b6a8a3890aaa8ade,false
SQLI-0418,sqli,SecLists,03ac5cb8a5c80b07dc043e4f7cd8dff876714e7df917c60b9499a1d453270f48,false
SQLI-0419,sqli,SecLists,da9aeb853c6539943b7517c73c83eca9938109c5b5631a20091a14a6d0ab705e,false
SQLI-0420,sqli,SecLists,7201de2ea3ac758a6e49011cc655504d1ed241635b29ac495b36899c7d734b45,false
SQLI-0421,sqli,SecLists,7f7a242d751d87b00f461a259aa2b10a803bb33528f8935c9b133845cd954231,false
SQLI-0422,sqli,SecLists,e3b48d386bca84156c8c654aa91a1dad1f79aff313ad9ebca5e0ff32f6bcf207,false
SQLI-0423,sqli,SecLists,e0550bf06bc2fe1a020457baff71ff56555655a5b789142c33bdcc3f9ad52002,false
SQLI-0424,sqli,SecLists,80200b609d03396b48a55e8c50affbc2f07c457cf056da419a0b4dc463e647c3,false
SQLI-0425,sqli,SecLists,6e2e3e61f1d5f2157f0437ff5bb1da37be0a0bdebd4bfee8827e4c0aeb8ac5e6,false
SQLI-0426,sqli,SecLists,ccd0a38da126840c5876a09bc05a379f551cfe7b7c8d1f0e05b95ba567df7f5d,false
SQLI-0427,sqli,SecLists,74721fa180c8a9e550852bcf0bbd25bcff09326c97401111e83fe492be02631e,false
SQLI-0428,sqli,SecLists,3fc40b63ea43ab25c5fb23b6626174d4c6a0c0b5ef4bb9bfd1f3722efc34d9c0,false
SQLI-0429,sqli,SecLists,d5796054d152e9b9c1609fba6b783a8afe7f8a3fce6dfb8bb549007b55d34a18,false
SQLI-0430,sqli,SecLists,999b162e4ba7a37550c5b4c995107400324782226919edd65a3caacbe790ad9f,false
SQLI-0431,sqli,SecLists,7990d8fb117bb69d34f306c286db8d5bd4a028be2d15b8604905411111ad9a61,false
SQLI-0432,sqli,SecLists,d0719579738946a22845acf3e38a4050766e14e50e357d99f4b8142a8ae6913e,false
SQLI-0433,sqli,SecLists,0aa2a328c1d6633eb1a756c04dcf0458266230ba01dfa71c0f87195b08916404,false
SQLI-0434,sqli,SecLists,d4bf7de6c49fd9c15f2e666c58d6993434f65e24bda4ff2d6b3b8fb205266d7a,false
SQLI-0435,sqli,SecLists,ab19f1a7a0f7717cde56c89469822f9a1a8ad310b22314f515616769c0fc78a9,false
SQLI-0436,sqli,SecLists,4944dcf6d159c557afafb7897df07829cb7f61f6d721106f6d461dd468c220fb,false
SQLI-0437,sqli,SecLists,1ee0955e7276cd614881f34fc605f9cc63135c11c8c8de68791719adaccecd63,false
SQLI-0438,sqli,SecLists,0c3bd454763aaa97162a24b69e2065ec74a5f46938d41a92053ac9b08dfa7aa0,false
SQLI-0439,sqli,SecLists,0d0bbc6d37bed72db2fb7956f1ef14d71bcc3f04596c9b208bf4883ccdebdb3c,false
SQLI-0440,sqli,SecLists,c8898845e416b1799763385e1697cb71eec47e69063b253b0dfa31c1aac90d3a,false
SQLI-0441,sqli,SecLists,03ec1d62de249d7eee073a0a6e224bb016a0bc9b2f11a0beeba808c523d8b3df,false
SQLI-0442,sqli,SecLists,73d6eb8fa9d7be5e9e304a111150b41d1179f4736a540d8c77cd7e02f7d02c12,false
SQLI-0443,sqli,SecLists,c6a0f82659d0d9e0001702ec5dc337f789ba996889421411f2a75a09eb1ea3ae,false
SQLI-0444,sqli,SecLists,414e0e6758dd26a038101921f406204695abbe6d8135f6b52489a15f1e732816,false
SQLI-0445,sqli,SecLists,c2eeef691c5b7038ed17e8c06d91f0fe7333aa47f610fe5ac18d8b247a9cd327,false
SQLI-0446,sqli,SecLists,4b1cc4609b7886e5b557c7b621b0c6c53c58e3cc0a0d63f1989545921290d2bb,false
SQLI-0447,sqli,SecLists,efdd31f4904c659745d0691328298d3fe33a06c4f692bb84f786cddcdee0fc96,false
SQLI-0448,sqli,SecLists,1736a7abf3600c5c8e64c42e57a1b00b598799ecf0b6ccb9c6ff360b69b72f26,false
SQLI-0449,sqli,SecLists,432048941e323aa2a1537388c9e3b72157d74f91e46487557398c39a2283ed32,false
SQLI-0450,sqli,SecLists,798f108dc72e2d6579e4e00a82f330145e1389a65b60d5b2c890ef2b69cb1563,false
SQLI-0451,sqli,SecLists,35f26f1353858db7e972187d66a430de00d19c7d9487013c3bf590e7fd9e6993,false
SQLI-0452,sqli,SecLists,daf6334a79508e14127315b401db7c5d46332c6cb442ae75666d6d8ef32a1d02,false
SQLI-0453,sqli,SecLists,8bc16363078ee163d4cbaf0067faa7889e28e216a2aba59d1435e5b727a3b5dc,false
SQLI-0454,sqli,SecLists,97c755d13399ea49a6d1758981bbae5921405ca3c32666222509cc91fbe99ea4,false
SQLI-0455,sqli,SecLists,472c15c5d623aa3952ae499edf8a0474eb8c1ccaf56361d756216de4e1ec65ec,false
SQLI-0456,sqli,SecLists,a39641c0410213da60bbce104679d20c64d101343b122c3ca44b6e201914b902,false
SQLI-0457,sqli,SecLists,480a29293329122e90c4d0be7686663c4b66524da9e82e8ad8c6221c4d714bce,false
SQLI-0458,sqli,SecLists,d4758f38e6037face4432ad2649cced9bee6760a6fcf215701bb489db2c525d8,false
SQLI-0459,sqli,SecLists,a1be9386e84780afd7cca231ec8004f889aa4762d1d4ddad75af17e0e516bb85,false
SQLI-0460,sqli,SecLists,8665ae82425b46f1eb103d97591fd020e3d6198d2d3bf816bde090afba106296,false
SQLI-0461,sqli,SecLists,253ae62b908a7ff7c3e0bb9d5c532405d3ab0f5099948945ba6c9b32304615d4,false
SQLI-0462,sqli,SecLists,8c8218be13dab5858a54f5a12f28b4c44e9ea54ae3e45432653975dbe2a004e3,false
SQLI-0463,sqli,SecLists,946bbe4b332f4586659c21cea7fbe97809c46e0c4814e26a314aeff95d8889ae,false
SQLI-0464,sqli,SecLists,141cab9f14aaa7c25e09bd45709554f916f86e49be5726da50c37ec2b194785a,false
SQLI-0465,sqli,SecLists,98992d7d83fd675830e8d34180272e46203ef488dc3ea4cf32b4b30fe79d0fa5,false
SQLI-0466,sqli,SecLists,c7877ebcf881ad29ea459a6cc1f48941e9966661358c71eecef8400ff83348db,false
SQLI-0467,sqli,SecLists,eb301532b775fd6f62b5fd2dfe2a53bc163198f8203b49ca81a95bc9ce423c6c,false
SQLI-0468,sqli,SecLists,5d4b104d822062583421ee14e835de8fd0fe02b866a9b7506edff46cb2d1fda8,false
SQLI-0469,sqli,SecLists,cf6c1ab8172060132c90ef0e747b15d21bced15b135f965489f6d55c857055aa,false
SQLI-0470,sqli,SecLists,af7420f49b16a4da16986cb02d1a9ce8929134c3d3e38eeeaefd48ec71da45ad,false
SQLI-0471,sqli,SecLists,40cd2f1fe049cc7d3276fb30c2b421ab90046806749b2d246b158cf0bc4366bb,false
SQLI-0472,sqli,SecLists,2184c4a8be047d8e272b9b1dd520bc97417e1e5d9a10f07f6e2454ac6fe1dc8c,false
SQLI-0473,sqli,SecLists,5af77604812c6ebbe50f48b0166387fe78e111b812eb3a61f1e34fcb434cda37,false
SQLI-0474,sqli,SecLists,0ca0c38f9b956deb7a98500c05ffca645253075bd53665aa29413dc8427ff6bb,false
SQLI-0475,sqli,SecLists,fb9713ccce16baebc2aa588c8254a995b9cd5504c951309f686cb36803253527,false
SQLI-0476,sqli,SecLists,1d3c8f2ea2bad2c459e8d0e6492bfac4297f41b050960046d072a38f6556453c,false
SQLI-0477,sqli,SecLists,f2f0b1ecca79a3e306138a39624890d23a711110613c58df5a370d3a1d5dd598,false
SQLI-0478,sqli,SecLists,c7beef0a179ac24f939bf81ead5f5d01d42beb57f4c6bb981f6fbb38efba0a1f,false
SQLI-0479,sqli,SecLists,c5fa1cd90381aa1ce735d676cef4caf4ac6fdad14cdefa5949ef5c17ffa30182,false
SQLI-0480,sqli,SecLists,d93eefea7efd13f4a7316350046300729d3bd17c5ea9b3befb2428fbb986091d,false
SQLI-0481,sqli,SecLists,6730955e1f48947d745d3afdd64e5e676554deb674dd1c03ab6e2dc7983ef09b,false
SQLI-0482,sqli,SecLists,f7b7a94fa72c525fb539ef57a1e14a87cad2f5162d205d992b7708d79fdf58a6,false
SQLI-0483,sqli,SecLists,f76b5850a88fd70ea91c0df74f5d650569a5c68d048f3492ba8508d348ba8ee2,false
SQLI-0484,sqli,SecLists,6223f2c1a45a7f01942bce92c6ced4e2b906a5000e0b6dfa370baf674274b36e,false
SQLI-0485,sqli,SecLists,564b0fcdef57d4733124866b4a1747220a581752ad601e549378db12fb7c0053,false
SQLI-0486,sqli,SecLists,afd9f9dd0b5ef00ffeca1fbb1594155fae203f05d41377c6aa89fd0ac96c95d7,false
SQLI-0487,sqli,SecLists,995529dff765945a2dbb69762c4a86e813650c6f32e819624165ab6a0b16e9c4,false
SQLI-0488,sqli,SecLists,b171fa01397bd35696593579ffe76537875906da40442870a67ef4038ee9f08b,false
SQLI-0489,sqli,SecLists,473b852e23f5e9671cd3ed6a95527eb1d0e7217400e848f368e78293a552d969,false
SQLI-0490,sqli,SecLists,ee0fc17fa4a39c73fab9791041e318a0d34f5ded76411e41fb3fd0ff9640293d,false
SQLI-0491,sqli,SecLists,8da31174e49d369075da53c2407e257b11897e20b842b83cae555c515a2bd620,false
SQLI-0492,sqli,SecLists,d47a54df8476880b5994c5a8ffdb9937fb0169f0bcaf90d84e18a777b98f57cf,false
SQLI-0493,sqli,SecLists,0608fa9d62c6e74a9cbf4582a42e83dc5bc48be0302f230108236f094b4f4a8b,false
SQLI-0494,sqli,SecLists,b42b918bed0dda446a7a6a2231f599b3543f562d0b503345f379174efac87924,false
SQLI-0495,sqli,SecLists,94057db4333f9265f5513114acf636b4f67adc7acca8fc3cec42a299bc10152c,false
SQLI-0496,sqli,SecLists,5eaf69400ddc7667a7a83f044d0f04055b9df152aef9f3dcbed88901e9243d9c,false
SQLI-0497,sqli,SecLists,889e6e731284063ec4494b19022fcb1e66ff65a56826640f5957603a3ae016ee,false
SQLI-0498,sqli,SecLists,49a260f47c95ba0d003fca009de0113aef4f99528ae165814a9e00af4684cbf2,false
SQLI-0499,sqli,SecLists,14e20688d4a1ff9aca555c4d13df6d9b017dae56a9be9727876fad5552788fe0,false
SQLI-0500,sqli,SecLists,ca1e7abcef79aeb5bfc20e43da4e4454a61788c3b07d94d1b3a2093427e0b81e,false
SQLI-0501,sqli,SecLists,e8b480c6b0510e75b536ff20354d1bb91326d20824b58d6edd083f1b148cd731,false
SQLI-0502,sqli,SecLists,259a55e1c95f5ae7d9cec436fefa9fa46c065cd844f5731b0e42bd2b046de45a,false
SQLI-0503,sqli,SecLists,d8fff2ee33e84a37dfee02ba0498e0830663ff42aa70515677515dabae8197d9,false
SQLI-0504,sqli,SecLists,f716900736a992a3e12e1503e036deca1b2713cd95fe79cd02174911a0cebd21,false
SQLI-0505,sqli,SecLists,13c7aa6bd55878a744d55b597663c6e49444bab208cca92a1f46bfbfb0a62d7a,false
SQLI-0506,sqli,SecLists,68f12f874334ef649b3f212f385911a0af59cbf20f3028f3d5eb138e86c7ca12,false
SQLI-0507,sqli,SecLists,639a89ca807b3ab897b0bca35ba32d324a0e841e73ad2df3f7222f29e6cbad1c,false
SQLI-0508,sqli,SecLists,cf8b4595665ee7b852ccd9b4fcf58e3964a4325dd661dc8c2407c8d284a7bcc6,false
SQLI-0509,sqli,SecLists,d33aa32e42e858ae0d63917fe164a0e0a6c02c15b9e722024172bd0839b4f56f,false
SQLI-0510,sqli,SecLists,453e586caa2d910f8d223d33c2694ecd5b6ca6d2865cc9c3a8c004957ba4b22e,false
SQLI-0511,sqli,SecLists,492d104a892c4b8aa1c4e76da4f0af3e318aa2ddc947b8fcf89d16d01656664f,false
SQLI-0512,sqli,SecLists,c92357b4e684c02c2d2b803ed74078fc3773f7de18d0ac7bb6cd1d28075479a7,false
SQLI-0513,sqli,SecLists,6ef7f9d3df6ed8f7dfc326ee07de9a8899840bd151796bdfa6b4600d7043bb23,false
SQLI-0514,sqli,SecLists,c1021896606cd707097a6a9c64c0c49b69f07ca142dcc2ce417553ee46579928,false
SQLI-0515,sqli,SecLists,ce06c7fa73e10d12e41c6c02006708a11049379aeb46cda0da5f190d0e2d7b5b,false
SQLI-0516,sqli,SecLists,4caff789730993fb7c67f1773cf77345418fe42b994ca92b8309a1cb79aa08a7,false
SQLI-0517,sqli,SecLists,861105d644a32e7b6269dc7285a6e733182391000dfb80f9ef6595f21bf16fa2,false
SQLI-0518,sqli,SecLists,82430c90d55489c93718519cf01b9e7e4ab8883286fabb7e9fa33dcc8665cc55,false
SQLI-0519,sqli,SecLists,4da4a9007510784a711be19ce0610af42b42171078d3e5387d3580ba9ae6d0cc,false
SQLI-0520,sqli,SecLists,ef5d3fe5e145f3ec86f746564269608c547f2b61e02153e2b527344bf0e732cd,false
SQLI-0521,sqli,SecLists,cc2063dc2ef8499b297d5e2117e67955d4946064f75ba5a1aca8544216270b19,false
SQLI-0522,sqli,SecLists,eaf2a73d03b0156d14dc88891c7ac97cdb5953be2abf6a292cec46b96866f9c9,false
SQLI-0523,sqli,SecLists,633ae06f787e57ede19aeb0e1b1f1f2b3f22453f337718ad08536af880083bb7,false
SQLI-0524,sqli,SecLists,9a5f40af8eb01719c40b7986687d2a92a119d3328ff4ec275d5ce1f1f5d38ce6,false
SQLI-0525,sqli,SecLists,0f3c4bc66eb7d1fd84c706ce7a49465ccbee33198793934f51aa1952f177aacb,false
SQLI-0526,sqli,SecLists,fe7600fe405217f948d72d3a21a51c56521d6dc0f5d9e08f21562cf5021a8024,false
SQLI-0527,sqli,SecLists,2cfd3c2e3636e38eea8499650a24f92ac86699f5af159ed91b14b67745a9180d,false
SQLI-0528,sqli,SecLists,a4421235c95e903ff9ad8ea0a52f4f49f09a1c39d563a4438c30dbadbb78bc7a,false
SQLI-0529,sqli,SecLists,2de97cf3a2305f8303a41276656022a82e0631ffe8829b8734577f887d8e2cb8,false
SQLI-0530,sqli,SecLists,dcd69b82269532eb48f63c94e35975f4d4fdccd94e360da1ecbf2078b5862c1d,false
SQLI-0531,sqli,SecLists,f823ac4074175ac7f07b93b3ab4aa6d909d87fe41cf2c2ca595bf52492530b39,false
SQLI-0532,sqli,SecLists,e959d64f276b80a4c48f118cac849457a716e7561e93545e1ab3375037c3055b,false
SQLI-0533,sqli,SecLists,5b4df2a756b51b381fca90f19e844dbac327df60dabd584fe17ae6749ad71c6e,false
SQLI-0534,sqli,SecLists,adff3060887e756261cc3cf0236c53557ea4af83ae7bf6027c214fa2736b2488,false
SQLI-0535,sqli,SecLists,bdcbf555c79fd6abdd78ecbdd3c03c9258dc85569305d61f0b02426742e7f0a0,false
SQLI-0536,sqli,SecLists,8c749bf33feb33df3bfc422320ec1dcadad2a514aa2fb55459115b37ac104d57,false
SQLI-0537,sqli,SecLists,28631d54ae4340dca55f6a3c9ca7d2eb5c039892759b0430a26102e0633a94c1,false
SQLI-0538,sqli,SecLists,811148a5e5bb238f219e826bff8451869600e8dd3ff44debc0d8235beed319a7,false
SQLI-0539,sqli,SecLists,600fffe5bf7b0f86aa31424e5bc98e07f55c6139f00c8722a12c0dfbf50b116c,false
SQLI-0540,sqli,SecLists,0e228ebfba09670201eb673a63caf9a9710751d6b093dc2688dbdbcd714f0b9d,false
SQLI-0541,sqli,SecLists,626b14e8f0759b204db337a5736b32c5193fe18e9599dd49405e5e046f7a7cb7,false
SQLI-0542,sqli,SecLists,1dd4c01c00c9d9c829398a1c0ec9a2697cf5f394be825ce9aefa4dd3d3f907ef,false
SQLI-0543,sqli,SecLists,6c085563448272fa2de4e99de3dc467f83a0e2bbd128cd2339bdb88f8d9421c5,false
SQLI-0544,sqli,SecLists,cdcf13575db30d7c69457ba0ae1c7546e30d97d0066c0a219aa1a86a8b089750,false
SQLI-0545,sqli,SecLists,c1a4f88f6267096af4fa6f1dcf4ff4c8d94b511da56685db9014cb9cf7a4b612,false
SQLI-0546,sqli,SecLists,a6c681f6f3d6657d4c95215f0ca5e600bb4ed36c04f46ba1161d3f9e777e5eac,false
SQLI-0547,sqli,SecLists,d637504435c92b7c5b39bdcfb16fd4b5c3fb6e1fd10f43e9780aebc26ad0f428,false
SQLI-0548,sqli,SecLists,a8a0645b141281cd9da1a0b77c9c1b76ac679d1a05ad7e83317b6b057c81c019,false
SQLI-0549,sqli,SecLists,fdb7fa0cbb39e5619074427944c4555e21c65136e65c1c351d1a99fb8fe8d56e,false
SQLI-0550,sqli,SecLists,5e37eee6b74fa911847bef90ab6bd0e6d7d0f5443f00944dffe7e3e4be47a945,false
SQLI-0551,sqli,SecLists,13d415cb1fabb92edd76d948f012ab7ab4fa2db9660538efa9715d04cff40e07,false
SQLI-0552,sqli,SecLists,f9234b976ac723f066383aabf9ad5cfccca213d3cd651dad1096f7de9b527641,false
SQLI-0553,sqli,SecLists,a58181e892e87a9736afb48edc05404003cc78da26572539c55026ff58c03755,false
SQLI-0554,sqli,SecLists,fdd808103b00e2fde41d26b37a750f710b636788d44c0ce0ada19eba8298e8cb,false
SQLI-0555,sqli,SecLists,f1fb6aa34d19bdc871544d467a1d27e7c5f724996d1579032a7816cc6d4e0a9d,false
SQLI-0556,sqli,SecLists,5dd17b0b70c83402b0ff8ce5ef75300e7151a01a0a67c105cff3258afa0827ee,false
SQLI-0557,sqli,SecLists,950bd8fd09f25f2373bcb57c888b5c72455b88e76779b38bc26da34ba76cfb56,false
SQLI-0558,sqli,SecLists,9dceb58b88cdeb6956e759857bdb23cacac3af191d00ec6bd4eb9c8f7bc773c4,false
SQLI-0559,sqli,SecLists,7ff80b2a9976ec8b079e2ce4961e34a4f49e70286f2fc09f1dfe3fe0f7f063dd,false
SQLI-0560,sqli,SecLists,cf9086a3602e22cce4ad6b56bcd2ea750d24d57dd193ae1cbb1b9203465db415,false
SQLI-0561,sqli,SecLists,6cb49c5b279639c9feb6d4787657a27240de56519009b0cc0759d9c01bb11ac5,false
SQLI-0562,sqli,SecLists,62dddd4b562c4ceb6df9469f7391605b4232b75cb3215bbced8a220b44b2a9f8,false
SQLI-0563,sqli,SecLists,611bcac61a873bd13b50ab1beb24e86646e4cc93256b9bfaf11e7c9461d523a4,false
SQLI-0564,sqli,SecLists,cc6317422c4db9a9a7bd41d84478453c257ba6a075f81308a66832e6cfa89a26,false
SQLI-0565,sqli,SecLists,7e28f047b3f263d1413edd61180fb0a9368f45a9730b3c43e78d9ea7b56a88e3,false
SQLI-0566,sqli,SecLists,a8c1d6e52305d7711286cd0e7ce2e39210e912ccc1df698a5eeb066a12f79e73,false
SQLI-0567,sqli,SecLists,0cb87915c340d41461f99dee457c888db495e398d86269c924b5a1f5ecb9dac6,false
SQLI-0568,sqli,SecLists,265ef23c2e0fe5480efc7f461467b516fff9a549a5ba8533b076a4c8ad4c924c,false
SQLI-0569,sqli,SecLists,7132f5d36c2115a36e9f2b0c258d8032eee96948586c703256761387030a0d27,false
SQLI-0570,sqli,SecLists,ce4faa34fe2ce9273f18ed5c51803bd702a49b67058578d9266ebee7eebcb8fd,false
SQLI-0571,sqli,SecLists,b5666e87d9e5d71a57c7cf7e72b040057f9ab622e6eb2836e86bbc0ac98ddb7a,false
SQLI-0572,sqli,SecLists,7cd9ecea434642619b34cf20006af3260fbc92b2734c8536c3e9fb031bb10ead,false
SQLI-0573,sqli,SecLists,a6e67b3d2926760497d9216ef9b7bd83a72e8463515bfb6c4bb94cc208ae1dc9,false
SQLI-0574,sqli,SecLists,bf2de68c39cace5ee829ddf4adf32e7d676448653284f39d42450893eee90577,false
SQLI-0575,sqli,SecLists,5f72a679cd79243c8111c42e07c06de777e8e8afe8a5987e39618adf0d11849b,false
SQLI-0576,sqli,SecLists,1aa3ab960b20bcdd00edfca3f4b29db8f0ce75bd12efa96198039460baee4636,false
SQLI-0577,sqli,SecLists,060ae853ea85e5cd2fc38561875ef99efcc891567146ae02ad04550163daf709,false
SQLI-0578,sqli,SecLists,223fa1fb246cf16748f1464b7e29866f734ad1c0c3344e2044c3e66ed5e8524f,false
SQLI-0579,sqli,SecLists,377f36c1b98bf60a2539d3f3a349ef558a84dcdab9f8ed9f84c221aec9932501,false
SQLI-0580,sqli,SecLists,391383ddaec8bc104724b2d8f774504f166c1dce3a10ff5428a1b82b239cfbf9,false
SQLI-0581,sqli,SecLists,134ac91b7663c34841825f16fe664dfc1275f974ed8f095ebf24e2af7a9f0f6c,false
SQLI-0582,sqli,SecLists,1b7d348a1ddc3e949c85659e25b9cfc3bbaa325bf55cef796004cb9a0467edf9,false
SQLI-0583,sqli,SecLists,c32452699cf40f0cee0040051948c9e1c59e163b1e2cb8fd7a68b47559bcfebd,false
SQLI-0584,sqli,SecLists,97526f2a90805765f3d3733191638cf615300230ac300729fe9f50e0de575b41,false
SQLI-0585,sqli,SecLists,299d83613c57ba1be94b4732e89665a3f05a72151bec04449ff0255356369517,false
SQLI-0586,sqli,SecLists,a5bfefe8d6e35d77307ed050ec20749cf131dd2b2b51fbd535424c429625dc98,false
SQLI-0587,sqli,SecLists,35bb847a473ff3136923ca85dbb8b2d003f13a0739af61ae6cdbe77e355ecf5d,false
SQLI-0588,sqli,SecLists,72e8ed6b0341c6aedb5369367d100318e9bcda5b73fd2c0a3157f5dc3240c81f,false
SQLI-0589,sqli,SecLists,d62b2cec757c1455c8939d2be551462769d74d6d0e2e22f3678e7528129f8d10,false
SQLI-0590,sqli,SecLists,f57a10e3121d1e93ecb3d04e4d3435718cb67552e2e8058bf45bc2053a2e783b,false
SQLI-0591,sqli,SecLists,d247cd6e767c55817d555e3c84a5bbcc69d7a3ffde44319f22d2f9d44ead986b,false
SQLI-0592,sqli,SecLists,84f44686149e6f065e00af31a346e7cfb5cbc3d76525160b5c413ccee28f67ca,false
SQLI-0593,sqli,SecLists,a7b09af07d847bc2df875885eb94692504e504564f19c14cb782cade4e7f4a24,false
SQLI-0594,sqli,SecLists,238eb00f156164fa60c6d82fced3fecd6187013fe9a96bfd04e8515ef11c7aab,false
SQLI-0595,sqli,SecLists,05b0da6f01d5f95a888d3c73b407ee214293c52faa9090bbaf721c58b1a3ab45,false
SQLI-0596,sqli,SecLists,51d699bc402159f47335e5c49863950fe9ff921b33d79b0c7eb7fe6042826c51,false
SQLI-0597,sqli,SecLists,5ec4b69f12ef385acbfdeae710c00e6557cc8c40fd02c839b2f06e92f3d12afb,false
SQLI-0598,sqli,SecLists,6bf3aaf49f24378af153de49e56e6b0fbf80c075f1ffd3645e38723a48b5a1ea,false
SQLI-0599,sqli,SecLists,c41707004f2f0258a745f37216c3dbb1407396ce9e8c0c83aa9b99ffa76f36ef,false
SQLI-0600,sqli,SecLists,489ef17d1d45c3d3dffb4bc551c2c864dd91e6d96c03d3ad69a2a3a3a24c09c1,false
SQLI-0601,sqli,SecLists,15eb8152863832f79c771f4e56d7118f206b62ca75fcdb4d9c64a3989a71cbe0,false
SQLI-0602,sqli,SecLists,5628e59e2cb4a6a9da19d03e21b19efb957df86ecf04d00840cec76d3294e414,false
SQLI-0603,sqli,SecLists,78bdfcfafcb7645ae28b8e82020e623cf39378c5eb5cff18a7e5755d94db14d1,false
SQLI-0604,sqli,SecLists,42aa479f766261de51d214484bea49e87c4af2efae9ad1d863faac328a9c91e0,false
SQLI-0605,sqli,SecLists,bc37af6b3e2b2966d0130c81b2f5de5087dbc3154fc8e6cd78a5fa121a661a0b,false
SQLI-0606,sqli,SecLists,e448703794ba5d31cb82a73fd90bedb537ef13a3949d24fffc36a5d32ba6eb30,false
SQLI-0607,sqli,SecLists,2807dcaac71c41a56966ada3be6eec14365164f823c8e49a3dbc01543c26ed57,false
SQLI-0608,sqli,SecLists,0eb7f1d9999f2fa94c23f05961b315573c593bf98bcd6c2a3222f2c9cf68aee7,false
SQLI-0609,sqli,SecLists,d1429ad7a83c6e907dbeadd788f735ba1096f1a981f0ec14938df89087d03d6a,false
SQLI-0610,sqli,SecLists,b31c90d2314cdce627929e2dca424639da30b3134782dad7f599d9081a15e0fb,false
SQLI-0611,sqli,SecLists,0a7443641582a3fc1af666eb86ee907c8b462f471e5d0d2b67a71ba3174caf10,false
SQLI-0612,sqli,SecLists,8c09d7b2e9288c04ea7d05f481cdb64d89b1c35ba3269bf97ce0dadacb7cc2d5,false
SQLI-0613,sqli,SecLists,0452cb47963efdedaaef35a6cb0570e1c36750fcd77d8f893769d82ee1bec739,false
SQLI-0614,sqli,SecLists,be2726d70cd9a6dafaf6b8472bc6171efa5c242dda7de7fc4acd8eda983dc17a,false
SQLI-0615,sqli,SecLists,e9e4cc474e0a7ce5d4aec018b5a3255a3f5bb51f0787637e6cf429ca0cc62d0c,false
SQLI-0616,sqli,SecLists,ab8f04cfa2350e82800394f02a33a26e8e1148404411d84d5467e3cf4d6d581e,false
SQLI-0617,sqli,SecLists,05f34ab07dc94d05073b642349f5c2d3d3daa3cb24bc1b4b6abe5790d2fe8ed2,false
SQLI-0618,sqli,SecLists,c74f6190aedb59c220a1d215effeeb3f5657f24ec3aad255cf864512860d2165,false
SQLI-0619,sqli,SecLists,b05fc982010b8c48827681d8d493002d1cc3b1f395d1856e567126ff8e87ea75,false
SQLI-0620,sqli,SecLists,d5fb5fa4b2654f7afc60132c929292fc16b8aa17c963f037bf7cca31fde5c07b,false
SQLI-0621,sqli,SecLists,319b1ca593b75dbb9e1b9ab7304ce01692ad6eeeccd06734b18baf98c10ea2ee,false
SQLI-0622,sqli,SecLists,076a57b6de0f9856d78c50c62251287a83b4b28217861b5690fa7c338427deeb,false
SQLI-0623,sqli,SecLists,126a6edfa809b214bb7a3429e3fb344055753f4ee83b5981dfd04b6af2681575,false
SQLI-0624,sqli,SecLists,798f6d9654a67e72717cb1c62006c85a84d7e5cb9bca25df343f64292e0964b6,false
SQLI-0625,sqli,SecLists,623b3e59e587cabc9ee6c4ad87c4131406d89f57a25b5179ae14efd5658a311f,false
SQLI-0626,sqli,SecLists,b726893958d1e852288501b2e50653e46f355919e1ed35e4ef4e0fd2cbbce29c,false
SQLI-0627,sqli,SecLists,8a8f793b49f81151167f8e0cc1f99eda8a4fea9ca9f204d1671d0a297ed6997d,false
SQLI-0628,sqli,SecLists,6645f266aa1cace181cd65d06532b5a3595fc719c123db50148d8dd533e1af66,false
SQLI-0629,sqli,SecLists,26d0d32759db26a666ec7d3b3a6a5bfe61265dd7778d28d9330cff41a8be7936,false
SQLI-0630,sqli,SecLists,db37f84648bde1c9d0a9a3cd5f4b27b0b8a71f1f08eeb2ca023ce745ece8a24f,false
SQLI-0631,sqli,SecLists,e9eb202198c196b5db51231d094dd0cc983d7e33884a76fb4448443fced192cf,false
SQLI-0632,sqli,SecLists,1bbdf67dd94aea6842d3d98f396ee12df1989730853e21df01ae73e72ffaf2bf,false
SQLI-0633,sqli,SecLists,c9709594d76147ced0f5f4d8b2c03f2f8cd511e5b27978f36ba410c6227cae24,false
SQLI-0634,sqli,SecLists,424be64be02b74d897f71aabf54e61e9aebea8318568773424a51aca66e8aaf9,false
SQLI-0635,sqli,SecLists,a42bb8167ede3824c576450730f0fb427e5ac376d910b72d2e60d5d0058fb209,false
SQLI-0636,sqli,SecLists,7f4b25c6f5a49560ef55d9d9308827a0794be1cf58714d47a8c651639e0195cc,false
SQLI-0637,sqli,SecLists,408f517f722507045873f423aa4d3c173781676dbee33eff40b76c657106009e,false
SQLI-0638,sqli,SecLists,9b5e1b74208a765883f97be8181a7da23376bfa0bb647286f0a0488d7cd9a547,false
SQLI-0639,sqli,SecLists,505c0f1f4e4685e9a1307ffcdbecac8cce34ff8068dcdafe9ed6c128db1b1550,false
SQLI-0640,sqli,SecLists,ad7882c8ff3e08eeaf00411515c42bb2cf1738ac4fcdd4afb411aed77651e87e,false
SQLI-0641,sqli,SecLists,a8cc8950b82d7f92f30eb14bd7ddb4f2f8bf354a9f5ac304b0f1a22523a6ce64,false
SQLI-0642,sqli,SecLists,9adc0762f3df21e2e05c5036f6340d51ecd0a107d1261ad9dd56b66f111b8e58,false
SQLI-0643,sqli,SecLists,d0f4b4b45d3af74a8df7c78ba682f2d6f7f61cfd0fb71633f8802bb8e7bbd77f,false
SQLI-0644,sqli,SecLists,bb1847261da362e2dcf35f9dfef474392c415e7494315aff8087b750aff505ba,false
SQLI-0645,sqli,SecLists,58dc0dc03d4092a35cc8c6dcbb11f6e1de2c706aa05c3a5654580a88c8036c94,false
SQLI-0646,sqli,SecLists,8d0e4507541b5607236d333278625cccbbf2747d8532b6a83296fbcc62d4b4a0,false
SQLI-0647,sqli,SecLists,dafe0b02f709762800827ecfd7ea09c3ae7371b2fba0cba94e4f10ff6c3f0881,false
SQLI-0648,sqli,SecLists,84ca7438d05b290248d53d5740c305f7fe074a3cdab93080fa254edee075ac2f,false
SQLI-0649,sqli,SecLists,46472529709b9abac8f46e52b538354b364ca3115880108c24637d3dc95ec6ac,false
SQLI-0650,sqli,SecLists,18f2469cded5a933969c25ce7085b87e76b8c36a37359c43a2f505d591606e54,false
SQLI-0651,sqli,SecLists,05c66099916f2d5451731fa968db73277020667ee30a531e7f73acd35ae82ee7,false
SQLI-0652,sqli,SecLists,a4cd154e8683e8b9b70df31a9da0e1eb22205b1ed74b1af6c3d26d8e51a7dcf6,false
SQLI-0653,sqli,SecLists,2f2be9a83841e9fc0683f38d33a1e001829147d6b962cac0c9615d2b206a0f48,true
SQLI-0654,sqli,SecLists,816ba67bd92fa87b02d6d0316d70b60f660b0b06db18eae35dcac3c287844857,true
SQLI-0655,sqli,SecLists,2878d7acbc10b082fe20c364fcdd3f5b98eeeba39374dc60e32c0e25cbb7a61c,true
SQLI-0656,sqli,SecLists,9ed7b971177017996958595ccdb945933e693e5be9286a436fcbb1f148806fec,true
SQLI-0657,sqli,SecLists,dc01ef977f0c6077e48f8a33873028c0480ed415df0762f6bfb9a82fb79b06fb,true
SQLI-0658,sqli,SecLists,bf3278698aedc1cdc7ae6fb5e4dc2fcb1c46deff33099ffc51c571fba148ef35,true
SQLI-0659,sqli,SecLists,26312665f0374a0d73d23ff003481dda5cc4abebf3021431e626a0020c7f5c93,false
SQLI-0660,sqli,SecLists,682f6ba908510acd54a18fa9a550888c62c4bebe0c61c713bc8964c5f2fd83c7,false
SQLI-0661,sqli,SecLists,019cdadfe64e471b4af6b4848d9380ebec14bb2d0340877ce0521784c9fa3bdb,false
SQLI-0662,sqli,SecLists,f1b4b03e3bd0af56410f62b714bc5289e1a89df825017fdc4b517054035f7867,false
SQLI-0663,sqli,SecLists,359035f7d6103d3bbff239d1da0cec0e39cc4105cb4610be00aae11457d71847,true
SQLI-0664,sqli,SecLists,ce4a5d53460a43e83144611b8f78a2a8ac6262347f2e3129ef92c7c8759142b3,false
SQLI-0665,sqli,SecLists,98a43e506fa38febf8b99839f912b4c8648ce1ae79cbc7c9333e4f464bcff688,false
SQLI-0666,sqli,SecLists,abd39c7d370fbc0c6da1d896432c78c75f3af2246822022826a6119564ec8c7d,false
SQLI-0667,sqli,SecLists,50396f3a338719d9848b9c4462af46ec9eccb0639744ba9be6de4501f2a56deb,false
SQLI-0668,sqli,SecLists,91a736c153a8608b9b58618ea418e56c4d4581fb2b69a5146cd9b0ab77e4c3e5,false
SQLI-0669,sqli,SecLists,8228e8c3fca8594aca9c7daefa84e9f34d8cc57d090b04ea53bd520414ca298c,false
SQLI-0670,sqli,SecLists,6f02651fea4c5f22b432302e00a1b2789c82fbf27f516ee5b1950fb7ac9a3e04,false
SQLI-0671,sqli,SecLists,ed31a8ae5d7f93812c6b00594627060f53be59ac4c3408b9aef1650c10fddad5,false
SQLI-0672,sqli,SecLists,1c3346bed636a0bdbfecfa430e9a5a91b5d674865d44f87ecf2f3192221d61ca,false
SQLI-0673,sqli,SecLists,bbc8a5380a7320840871f5dde92a551277426a9964e7732828df561db235cbf5,false
SQLI-0674,sqli,SecLists,40dead3a97464f48d6e7c9a1bcf38c66de4081307088f0fd954b6536883e2af7,false
SQLI-0675,sqli,SecLists,dddb89f6f83dfa78efe19e3a018388c4ac950f4ebf667c4d655d32fba369a2e5,false
SQLI-0676,sqli,SecLists,6a26aec0befbd0505d43b5cb742c5612736e069b9391e95f6ec128bfabd3a641,false
SQLI-0677,sqli,SecLists,a6e61cb9d97f454af1505bc93acc4f91fdf78a57c7a215a3b87177955fefc8c2,false
SQLI-0678,sqli,SecLists,7d58cd86fce45791c975428fe1fb8aff84bb80b4708c3bfbef907fb0f9421fea,false
SQLI-0679,sqli,SecLists,4f156082614df926569249bf30fa7ee332f3c2eb08524d3fe780f943ae44c4a8,false
SQLI-0680,sqli,SecLists,6c3f06eec0a6351e00fb61b3634480fb75c8338ab6e9a1d680da64640888f446,false
SQLI-0681,sqli,SecLists,6d82cf8aa583e00f6b5683b5e85640d84b79087acdda44d672b188328b71fa36,false
SQLI-0682,sqli,SecLists,d8e4ff9832217c091e0b115e359fb4999750d013b745ef1cf51cec2cb4417830,false
SQLI-0683,sqli,SecLists,b52f8724bda830133029cfdef328ba7b9f1bc357559467505aa94cd49409142b,false
SQLI-0684,sqli,SecLists,fe5cc654849561184cfa4ab412ae71c0dec98d093a0af2132dd4496c1d8b21c7,false
SQLI-0685,sqli,SecLists,1aa48d368d2c892506be861fe31f9385dac2d1d63e3744bc8b11e382109127c5,false
SQLI-0686,sqli,SecLists,dae22bef8cb00a59495429520d30f05c45b824c2c799bae9aa7ef67ee4b78b97,false
SQLI-0687,sqli,SecLists,0c841dad95ce60e995d13d0dd7e88f3a3cb4efa0e6ea205f238e0951dee6b5ac,false
SQLI-0688,sqli,SecLists,a2416b95200c9c69a2e31f5df96b307fe8061768fee7a964cb44e49e15b3f18e,false
SQLI-0689,sqli,SecLists,b10a527bb14b745109ab0a590bee4d2fb41d688a6a2a2133071f1ad339662a54,false
SQLI-0690,sqli,SecLists,4b4d6c563a76df158bdbd038b2a7fefedc28d73f67c91b3310d9a31f6a07a0bf,false
SQLI-0691,sqli,SecLists,1f93ec908ba912c99e411416376c509419fec669edcef26c56d2bc160bdc2727,false
SQLI-0692,sqli,SecLists,3fc8cbdbd74c94b46202c5af1304084fa7e38801e4501c0f9eadda4ad4809775,false
SQLI-0693,sqli,SecLists,fa34e003e817e3a64934e52ad0410f9190e7684a09d6ed2a9a3f50924a1b0bf1,false
SQLI-0694,sqli,SecLists,a046c2297d70ed23cdfffee435de7ccfcdcf7d9a027cea517c83a611ace8b22d,false
SQLI-0695,sqli,SecLists,338ca4e0301477e3d793c3f6c1ab743ebc97e5948bbcd45e29f560e57a35ebf8,false
SQLI-0696,sqli,SecLists,6a2a07c7d81efa5d62e4a4d1a09ade61dc9be11198f5d091f09e133b4fec4540,false
SQLI-0697,sqli,SecLists,3c220fcef75353c0c702c0841160a1faca38808ed1115c0952779d260c1b4b67,false
SQLI-0698,sqli,SecLists,55f03938272c5708509ae1b3f66603f4292ce7fe3dbeee1c86ce9e2c5532192e,false
SQLI-0699,sqli,SecLists,c9f05d440ddab017c7adb98dfd5e00db137c69bc646e4c26e17280c219f7a121,false
SQLI-0700,sqli,SecLists,e538001298f360e8e641f7bb33d7a7710049b9d374acdca7ca712eca6bc337d4,false
SQLI-0701,sqli,SecLists,6b03f7589adf09545a6a53d425c4c2937af3653a0baad606ff92f256eb726ed1,false
SQLI-0702,sqli,SecLists,e15214cf57e565323cb616aece98cddc0c4ea04f130aabaf0348bb590edab47b,false
SQLI-0703,sqli,SecLists,ba14a124de0071c371eab1e80e050de76f5d0325b6a892b5c83c00a98de0704e,false
SQLI-0704,sqli,SecLists,0f6958c42e608c992e9f58579da58adb1ab267bc0999f51378eea59d7b532317,false
SQLI-0705,sqli,SecLists,0f52d0f63372aefca2365e2baeee2dacd3c8c29a0f3e6718b2c1abd743049280,false
SQLI-0706,sqli,SecLists,7124479348c777bc81b38af29f6238af6ef88a4aa35a3c62573e69a4f3cdec14,false
SQLI-0707,sqli,SecLists,3009b337e0910b7a32d688d46ed0a20a0f1966a2d9fe555688fc23fdaccf4b3a,false
SQLI-0708,sqli,SecLists,c9a2ad65afb0e5c41723db6f84759ccfb6fc9c0a660a5b771d80cc79ab92d2df,false
SQLI-0709,sqli,SecLists,9bc855719b5dc14ec275c9173399281aed0bc00f2da3238ca10f4ff84fad0b01,false
SQLI-0710,sqli,SecLists,7b94e0d020f99bbfcc1950a6d52d959d872e73bcf912bd07c6b4733305978f93,false
SQLI-0711,sqli,SecLists,dd6f77104dd02551bbcc12c53e1bd411a3540df2931ff8d753fddb2782a5797c,false
SQLI-0712,sqli,SecLists,e92c3a4903c193fd2f7aa0e224beef324c113dae807855c57c8b390c2ff9fb3a,false
SQLI-0713,sqli,SecLists,6757b64ee8410900d5a306ca8f04c48f04b6d3a0dd88f70c30ee3a14bf3f32c0,false
SQLI-0714,sqli,SecLists,f08c09561ef46df5288fe9f570f652f1dec72ee44c936ca971ac5a28d5edc6c0,false
SQLI-0715,sqli,SecLists,0bec53a4fe449b150fd229192facdb5cdc17fab60eb3e2abf84b906bcf3a6ce7,false
SQLI-0716,sqli,SecLists,26e740e625f3c76ab581a6894a39c847a56950bb777fde3ea14f30d3ac17a9d2,false
SQLI-0717,sqli,SecLists,e796094185dff3ef65adda50de9fea853806954638f308fc41133153c638471e,false
SQLI-0718,sqli,SecLists,c4dd4d2ed13fefcb8303d4e992d3cbb5582c3ae338ba71e3566f41909114af1b,false
SQLI-0719,sqli,SecLists,9bb56131ea21401a7ee90bf52e54c5a983f7de3993ce569bdd329a781294d370,false
SQLI-0720,sqli,SecLists,74e812d1bbcd37b04df84214f04f2e4f1f0a9af6eec404cc0fc56ffbf51af6e0,false
SQLI-0721,sqli,SecLists,60f6f040a7f925982f4507b19fcec9758475d780ea098a858f386ade34891681,false
SQLI-0722,sqli,SecLists,33b0624320dab51dfec74ced21f7c138fe701d4db3e6014aff35b39d21d6485b,false
SQLI-0723,sqli,SecLists,67a3160287a879bbf262eeb9e7bf233dbdab1c1b5aee09259550de41d42443b3,false
SQLI-0724,sqli,SecLists,bcafb3a94da4f8519e304ffd1bcd0adb625f5fe7ee8fe5fd617e1e43f6ca57f1,false
SQLI-0725,sqli,SecLists,c321f251e6ede728b99a27a695373eb510532d622f0ac36391fc4a8526773994,false
SQLI-0726,sqli,SecLists,06a8e3ff45103010c44aaf16490242210a8177094c82590943fbd676fbff482a,false
SQLI-0727,sqli,SecLists,c44926e9b6d78b47932c1497b582a23c76bc857c26a0409b4774c159b363d83b,false
SQLI-0728,sqli,SecLists,1e1808de6fd28aeaeb5d660123c59686beca6925a9536777c1854604d74440d7,false
SQLI-0729,sqli,SecLists,10c153439dc3008a4320ac568edac3c52357cdb382e97af913a5a6a32b59c628,false
SQLI-0730,sqli,SecLists,c1e66427bac11234b14292de15bb8a511973224b3786c6f9ea66805342412cf8,false
SQLI-0731,sqli,SecLists,4397c030ee87a8834af04caa9bf1f9312af3c4d3b731851243c4425940af08c4,false
SQLI-0732,sqli,SecLists,fa3efef0100f608a0ab541317d4352028e0b9f9ffd4abc620b0e22a47a44e4ab,false
SQLI-0733,sqli,SecLists,e202ccded38a3fe12ff5ed38ef2ea7d496f6ce2ad7091d705af8bfadc4901362,false
SQLI-0734,sqli,SecLists,3f73369aafbc25b869898ac908660419be8bf6b584383b1dcc5dc1994f36f4e3,false
SQLI-0735,sqli,SecLists,f8eb8fd360f99b5ebfd116f7d84d2ed86b2f9a261640b40a9378580437ffe599,false
SQLI-0736,sqli,SecLists,54945a889017f7f088bc742576a5baeb7ebdfd7d9afc06a8010645305786740d,false
SQLI-0737,sqli,SecLists,044cc4164d2b8726143c24d148936dd0e6cad14690b0c59e256c00532985f304,false
SQLI-0738,sqli,SecLists,7c663d88447efeb21ec9623f73cb0f69d6bd684ba56a1a2f3f769b68599dc8d7,false
SQLI-0739,sqli,SecLists,a559ed4a2815655cb44b1016b7006c4571f29a207ca9da4db60bd29643e494fb,false
SQLI-0740,sqli,SecLists,ab55f87561ac185f595e1e7d4f6fb423fd7309cf1e80980d64e739dfebd20204,false
SQLI-0741,sqli,SecLists,db453a4ca8fb2cc4faa9cf7a10025ef27eb18920f3647d904cf9b8d1d86ded4b,false
SQLI-0742,sqli,SecLists,624901b745a50090ff9519fcdaba3dc588d86b1594513025a9899597e981551f,false
SQLI-0743,sqli,SecLists,9a8cbc9db5a64eb4c9989917fae7532840945b74bdde00f3713d3bc65087f3ad,false
SQLI-0744,sqli,SecLists,9a45a081d8c72e57c7570f6f5cfb63b362c878875e37871ecc1bdd05116ea0de,false
SQLI-0745,sqli,SecLists,293e8e51a4389a633e7944a33ebb83e704e733322688cd252831607acef2556d,false
SQLI-0746,sqli,SecLists,7fed252e0b790c21755956d5e7e8c5f40141d19f78a655baf6576fe944c71e76,false
SQLI-0747,sqli,SecLists,8047cd02dde293b7b16fec2c1f4d6ddeb8e36541c528b4281c4cdf16c6bf2809,false
SQLI-0748,sqli,SecLists,2ad6eae7606797ae9bad87f5712912044bbd931bc465c993dc128876051cb01d,false
SQLI-0749,sqli,SecLists,6bb9d45ba16cea4388e9bd189b73bd4c2c90253fa7112cc4b80b2919440cadcd,false
SQLI-0750,sqli,SecLists,7a808dfe15e6130d652818282a245e65173f0e1ce24051373f8b73dc8d13d4ef,false
SQLI-0751,sqli,SecLists,d4eef3f7bfd3fad9866c701f03927402b0b9e51c5e2006188e84bc7a78f1f48b,false
SQLI-0752,sqli,SecLists,cff3fd890cd47420984e1315abbeac3f78501c85fbc311ffe608077efd5ba17c,false
SQLI-0753,sqli,SecLists,c4fb7c41e5a45875d2dd8b4d94e40afa1c1d7fe870b8dc24bcac5b9ca535cb16,false
SQLI-0754,sqli,SecLists,1ba55b88904c660468ab3491aab57e4497b5851014a824b26f429b22bf549c86,false
SQLI-0755,sqli,SecLists,fa5766d61df06feff9780ffa386bbde8a3b79684c2dcd4d037846566f7e71a51,false
SQLI-0756,sqli,SecLists,fab607cbaa6406de9a7ed5ed0a39c59ae0a766a01bbe8269f3d80268d1910b9e,false
SQLI-0757,sqli,SecLists,fb63525c8cc49a6b833c7d74bd8c38a30232b36b29e6b3fb5d0f9a502af93a47,false
SQLI-0758,sqli,SecLists,f391865c01a621a167de186f4a7ce20186d32c1e1b740b0b3ea41db1fa65ca85,false
SQLI-0759,sqli,SecLists,a1d899a790fea1eed96ba23443aec5d119533949e002f1ad75769ee8c58c51c2,false
SQLI-0760,sqli,SecLists,3352c0031d700220c21045df7f7662bc66bd0262d218797aee26509ea1aafe79,false
SQLI-0761,sqli,SecLists,0f5f0d5c1da3a3fb1f68aaafc8237d3212a2d8299e2c85cbab9a00c401555d74,false
SQLI-0762,sqli,SecLists,82419b64b723cf6afc2302a61cca1bb2f1ad8892502e927149010167aedf277e,false
SQLI-0763,sqli,SecLists,fa975f6ef1caeeebdee5f7e7a78eba0467bd6431e3ba8731e2843c7ab5bd59bc,false
SQLI-0764,sqli,SecLists,0b0a7c56d7dfea0a1453f32b25efe4e25583ffc9aa9e9bbe1feffce96dbc5bff,false
SQLI-0765,sqli,SecLists,1fd690de598371c8f6fe3cd02bf63be955a2e3a699123a33e7713e1655a07ede,false
SQLI-0766,sqli,SecLists,bd6989ba4954a1fbb6d77b9394d66f003fee2488f8530bb3be2e1053dc3cfb88,false
SQLI-0767,sqli,SecLists,4219d346c62b98ebcb81d9483c74688cd8a61e437a80cc153483f740d3222392,false
SQLI-0768,sqli,SecLists,6fe09ada11a86b2f8b4a0716b424fa07770621c33d3e1f702ba1b16bc2e47ba9,false
SQLI-0769,sqli,SecLists,ccfcf45e02ba87ee371c2a0a3a6d1afd2004f1a1d85193799583d6fe2c015232,false
SQLI-0770,sqli,SecLists,a53361ec350786bcbbe9f3d9a2168f844d90bef422c99ef6f3a578811c938968,false
SQLI-0771,sqli,SecLists,01a2a4b7a3a3e7e3d98b73868ff4cf55c3f48d3437d1136bcd2ad9ad694509a7,false
SQLI-0772,sqli,SecLists,dc0736d239f215d31730b1d53e0f8593bbf3538b8bff77c2338086afb6a0c5ca,false
SQLI-0773,sqli,SecLists,6a435325cc79e2bee11d20c00e9b02d5b30adc68c6734a04b1d1949d9e143b25,false
SQLI-0774,sqli,SecLists,9e853a402274dd72629ccbe80c5aacad9ea42f58b85e62909165e21ef78b14e2,false
SQLI-0775,sqli,SecLists,0097f945ad86e49748c1114b69f1631112f2c6bd9b3b0ac94ce4865837bf3ea0,false
SQLI-0776,sqli,SecLists,0e59ce8d2d33e9a4bbecf8a4b228f5b7b4920ea387967b5e852e12b2067e2dd3,false
SQLI-0777,sqli,SecLists,865cf28301351fd6ee6869d0d136b27f661953bf247ce32a52a63020f8de52ee,false
SQLI-0778,sqli,SecLists,1fff57c8b005cab6cde5eb70d9ce9052f27736b7f5d650c9a5e29fd5573b94ce,false
SQLI-0779,sqli,SecLists,9dad7dc3b996522429e60e1c9012b3b32b9de56af3e7497a296e07776ef3b075,false
SQLI-0780,sqli,SecLists,a26d41d6e139d766d76e6538ae4541c88ece73922454c98eeccb2a1e44a4557b,false
SQLI-0781,sqli,SecLists,baeea4901f7f20319226d38db01b974800b64faba5c1236e6c5548510f40c7e2,false
SQLI-0782,sqli,SecLists,732759ee49d4c3430e3bab5f6bfc7687aa545aba4bdd3271288b5f9e3702c821,false
SQLI-0783,sqli,SecLists,da8872bdc8b42a656b1483689a782451ed05c3ac9ef7c83a334429c1e01f6c13,false
SQLI-0784,sqli,SecLists,51b5d6cda6efba6ade279ca9c7171d88a39be50dd35e2b5c0c8e83ad85701d31,false
SQLI-0785,sqli,SecLists,de0dbce3ad3585d33a6d9161cd3f08499a0026c0eaf4bdbec00c889aee7e9e83,false
SQLI-0786,sqli,SecLists,dcb48071e0ef59e7db70db41e761c6ab31e7122ee49632048ea78dced7c71f95,false
SQLI-0787,sqli,SecLists,05f2f173b613ffc0ad182cb6512803d9415132545794c3ba489d17724ed885bf,false
SQLI-0788,sqli,SecLists,7755d99f9072e50ede7e055bf3516e5a22a7ce198956dc94fac34ff05a02488a,false
SQLI-0789,sqli,SecLists,821e2e64133a283e171aa2ee56ba9d3fa1c18661bed23a02cf7ba32dbc4e036a,false
SQLI-0790,sqli,SecLists,25c5de64f5475dadec86bb47e03ccb0be730d882c40a310fb8e94e8e25268a96,false
SQLI-0791,sqli,SecLists,c56a0e59b74794e5f278c856ce5b83e72917ad6ab38bb622863450511e4e6f41,false
SQLI-0792,sqli,SecLists,8a53d3747567df0183e79afe3438a04fb407464675899019ef48ddf7ff3bfe98,false
SQLI-0793,sqli,SecLists,8fc7e1ba28b7e92fdd2d1d9c43758de0b3d0934d2f46c324ca32349fb75b0c3e,false
SQLI-0794,sqli,SecLists,668cb5d5184a3938494b3eaa59b5371286310504d83cc789ab55e5f89b7f3502,false
SQLI-0795,sqli,SecLists,3d9e7e509e3c7bbcf74e69c9f245fd3b4244f7e46cdeefb759166f0a7902a511,false
SQLI-0796,sqli,SecLists,65543c35f3cee14caaa458744736631276a0da04589763a25534c737fcf87674,false
SQLI-0797,sqli,SecLists,eed3fa54fc005ab28a4ffa9d072380c09d18c67c6bbb197893f80c9a05e2a16f,false
SQLI-0798,sqli,SecLists,e6dbdf05b603c703d6820ff207f22be873e1c609d4b020cdfafc1e49ad995e9e,false
SQLI-0799,sqli,SecLists,0e792b716ca89857f832196c2473d47dad6a41375130e56eb7d08f8422c53c15,false
SQLI-0800,sqli,SecLists,66a5c2da06651ea92cfeb4ce52a790e4cdb2fa30b62b7dec56dae03a63838f87,false
SQLI-0801,sqli,SecLists,eccbf8dbbc3109de843575ae4da832ae0d70431faa62207b5aa95cfc8ecfe717,false
SQLI-0802,sqli,SecLists,a4934ecc17d7f05a7d6e832ffc87afccc51a79dfe1927d1be9e86cbcd27db50f,false
SQLI-0803,sqli,SecLists,04423be3b8f637d61afcdb4168b79a2b06cdaadded9450efea991eb85bd078b0,false
SQLI-0804,sqli,SecLists,53a36d475085163e7e1e65e61c95dab633d2ff59e7939dd43b415c52a1fd2920,false
SQLI-0805,sqli,SecLists,8065de6e74e8aa88d1357efff8e5c4755bf1729b818d5efadb9bf0b292143b17,false
SQLI-0806,sqli,SecLists,ee142e712381ee77d3a4eacc3250509f86c5a985be3c63a6bcf6110f1975c96d,false
SQLI-0807,sqli,SecLists,076af1ccc847fddb41582a794761d476cf6fecd3d274cc096a377d63baad27ab,false
SQLI-0808,sqli,SecLists,d078ab2a5982b00cf399c02fb3442b02c4ec04551d43fd77a92859400ab2a736,false
SQLI-0809,sqli,SecLists,88a5eb750817bdfa98a8689613b46a1fc0f13e471e9984914fea80b166dcd881,false
SQLI-0810,sqli,SecLists,e9e71f6117fdf4e01797e5091ac53fc0b825d447e23745166b9b5f4b185eee96,false
SQLI-0811,sqli,SecLists,2087d277fe44fe1bb670b3899715f639433a13c2fe77ee9cc345f0dfac67878f,false
SQLI-0812,sqli,SecLists,dc155f292729622ff2b6df2b8c9eaf69c5ce8f017b078266821577f7988c9957,false
SQLI-0813,sqli,SecLists,995827d1db9a9c655a96b86d33e8bfc7f683e143f80479a7234e8e7f160d079e,false
SQLI-0814,sqli,SecLists,e004be4c148b30e05d28e4d5b17600af838eca3370380ddae709b787130bc73c,false
SQLI-0815,sqli,SecLists,00dc21f03f0eef8aae8ccf4db0d5b1038a55035b5cc69c5b6c3e930a90da68f2,false
SQLI-0816,sqli,SecLists,c38c506dfb8842cc9c014ea991d846db9f09d0336c57735336d36dd94e375209,false
SQLI-0817,sqli,SecLists,77567b1a6f974a4773ca7da0a2fef31d640a343bbc296bd6ba6c5ac1913258da,false
SQLI-0818,sqli,SecLists,cebf9ee9a4c5919a892cc3422f697c5e69468529b40ffb8252aaafd05c9acfe9,false
SQLI-0819,sqli,SecLists,6559770378e3da16c27d6e454641c6cc46d28360acbac604319e133b1cc0a04e,false
SQLI-0820,sqli,SecLists,138473e4e53aabb1f79891e137c50c9c275e9da01b0d634ee89b95a244cf648b,false
SQLI-0821,sqli,SecLists,732867fa1e8a158a731e4f9edfb9e5c85f7bfe9ee18d232020d3c55d44f37d50,false
SQLI-0822,sqli,SecLists,24766669234e38566925bc7f8d7ad1cda5a963b9975c0c9d87b95f67a35aa579,false
SQLI-0823,sqli,SecLists,0bbd0f68566456fc6101dce2940dd31fe9380db7b32ea6592f2fa70accb04457,false
SQLI-0824,sqli,SecLists,e68718eb1abc301c923fa5209afaeceaae03f1569cdd1d370c19f160685dc105,false
SQLI-0825,sqli,SecLists,cfc026947526e1a9bd3f8a65a6f5251df3a915ea9cf78fd71d9a482cc67b537e,false
SQLI-0826,sqli,SecLists,4c50d425a3c5c0822691aba1a8845776696cb7cf75338dafc02be0363fb16ae2,false
SQLI-0827,sqli,SecLists,300ce8be5a82cbe93799604bdba3965900c2440804e4ce024b3828c7623148fe,false
SQLI-0828,sqli,SecLists,0b11546be7da08f2582fdffd4952e2fbf7c91847532642bfc089ace6ab76e603,false
SQLI-0829,sqli,SecLists,b05d768d05bc492f2f10dbedf2b6f11c3f27c71f6851ea271cca4fe0bd6b7e57,false
SQLI-0830,sqli,SecLists,04658442c4dd7b0b775b1d89dfe9a8e2cb7fbd7e2c0327a171db1785b83b36dc,false
SQLI-0831,sqli,SecLists,8196b93ef8b8b250180ed53f282cb7c01cccac87c79f404e0093191582c81bef,false
SQLI-0832,sqli,SecLists,cd1345fda0f6d49785f6e1119023be362891992beb8862f1287562723a4f3443,false
SQLI-0833,sqli,SecLists,bf635e4b88b40edb2632d2e0b29562c0d2672795946ad64b6291d29e889f3dc5,false
SQLI-0834,sqli,SecLists,faa5f4b2bcf5fa35182d4bc0d169716d08e90ab4c89ed32f897153c1c9dcbc9b,false
SQLI-0835,sqli,SecLists,54b124af78170f8a5aee159d8b77c8dab15da639db6b45d443ae216d876a34ca,false
SQLI-0836,sqli,SecLists,c0a5596de23639e156681eef776d9cbb0b835c037b21236c96fd9065d042b8d6,false
SQLI-0837,sqli,SecLists,489b49ab9b881d3171461edba5d599b1a606204e2bf9022aaf4d2fa62bbf254a,false
SQLI-0838,sqli,SecLists,22a43a93565915b58e9e5f87c4b373e275ed6ec2c6d481bb7b81c22c3404b503,false
SQLI-0839,sqli,SecLists,415f2e84a8e27cb3b148563e008862d3a65c7c3f86b9384ae4b9154d68704614,false
SQLI-0840,sqli,SecLists,93d877357a5ccacf13a97217f527d033b6bb4b1317e0b6eb05dfb9e9d6eade1c,false
SQLI-0841,sqli,SecLists,d2150144785cc8d4e0fd370732d57b0f18a744bceeda8c3edd8e77308a88e6b8,false
SQLI-0842,sqli,SecLists,7464c31825b51b620df714f6f779984db113067393ac42d03a227337a5d35280,false
SQLI-0843,sqli,SecLists,459e756bb532005477dd47996321efbfa539ac5cc896909bdc955e86ce1a26ce,false
SQLI-0844,sqli,SecLists,2f86fb62c2450dfdac5103d4bf8023ea3843382b8a656da27700e69ced9a933a,false
SQLI-0845,sqli,SecLists,87cd66c5527a266949deda8e4b1516d74a0d24f4a3db2bced8f2cefb8ed14ed9,false
SQLI-0846,sqli,SecLists,4c2e464587bcef78fb149cb5036dc7f725cca4fc4f20187732b589962819c3a1,false
SQLI-0847,sqli,SecLists,14e4b4b7b43b783d815d3d408b1ac77ae78503f1275ace28163802f4fe3ee0cd,false
SQLI-0848,sqli,SecLists,9808bd8232c3fcef4989981300bc878783776c9ac499f6a409376d7346711614,false
SQLI-0849,sqli,SecLists,95114852b7aa00616e7323705e66f38e87a795dfadc04440e0a520ccc34b2f06,false
SQLI-0850,sqli,SecLists,f5357f150f0e3d6e177bd24ba4c04e1e37c0feada2fe7cf37f3a757d9def14e4,false
SQLI-0851,sqli,SecLists,047e83998c74f2bf4a01fc714577e353d3e0844f0b412a9b79adff6a315e478b,false
SQLI-0852,sqli,SecLists,861cd9ac5a45f8be0eb058fe2cc666de4266eb155e95e64206cf18dfc0f49b70,false
SQLI-0853,sqli,SecLists,0be5301651bde6c544a25d63927ff2b2bf32a4667a4ee2b82d4690c013205e40,false
SQLI-0854,sqli,SecLists,a90dc76dd43d79d9b4e548bdf65387717145f3113141fc99cb22bd19b77af2f9,false
SQLI-0855,sqli,SecLists,312197dca67767402d0bb1bdf90e87e7c627b5d4dd779b07a202455919ae3fa5,false
SQLI-0856,sqli,SecLists,57d68120fd8e7841fedbce5223177ac9711ba9d89dfd69eab9a2803d83b0c325,false
SQLI-0857,sqli,SecLists,0ce6e37fe9cfd7a4c1f950fb7537fe2424d7274d3b58034b2fb8a1878f23a71c,false
SQLI-0858,sqli,SecLists,2ac9de279d55d077d862240ca5936d4f5dee240c9d654ab1a3e047685a3a7ded,false
SQLI-0859,sqli,SecLists,07c36bf242838f65e52779b8b209ce5232da93b8edad96617173bb3b43be729f,false
SQLI-0860,sqli,SecLists,69a0e58976534aa760589db893e2e2370898a24e4d3260e3f785cf087bd8230d,false
SQLI-0861,sqli,SecLists,03188cd4a856f99b2a215f9b140c01eb468758cbc723b771bfc855b8e6c1f5fc,false
SQLI-0862,sqli,SecLists,1ed457936c4b68441899cc38b1d34ad204a91fa6a8b779519af72d4c04ed175c,false
SQLI-0863,sqli,SecLists,938ec002ef435f471419deb1e6847f8d78691f6c869cb65e8dba5f77c917ff8f,false
SQLI-0864,sqli,SecLists,1a0899f3bd789b04b2a0dc0e0efbfc36664ff48e8a33cba9d43cd1d497d65e0a,false
SQLI-0865,sqli,SecLists,a861919445698083aa0c5433ffdc7f385f286aaea6a1910483626e17c582d93a,false
SQLI-0866,sqli,SecLists,dc1f336943939a53c1e1e79bb4a3ecc007cc837d718164c6a1f8348c5f1b4c9b,false
SQLI-0867,sqli,SecLists,3b841aa6871cecca059a11f2e586cdce285c1529ad1388227ab412ef9d385341,false
SQLI-0868,sqli,SecLists,a90dc76dd43d79d9b4e548bdf65387717145f3113141fc99cb22bd19b77af2f9,false
SQLI-0869,sqli,SecLists,33faa4368e07172e4d9b3f7d66c6baf011c3081ec4a6045ccbb8723314bc06ea,false
SQLI-0870,sqli,SecLists,9fa306e543870b721568f7eb8ddde19845cc3cbc78aae81684aca061d6461215,false
SQLI-0871,sqli,SecLists,fb20b530a6714525e40e78a179d8fed992c524cfb92a7549040ad8c56bc2be5d,false
SQLI-0872,sqli,SecLists,0be5301651bde6c544a25d63927ff2b2bf32a4667a4ee2b82d4690c013205e40,false
SQLI-0873,sqli,SecLists,312197dca67767402d0bb1bdf90e87e7c627b5d4dd779b07a202455919ae3fa5,false
SQLI-0874,sqli,SecLists,dd30dad62a0b050129db198fe6a775dfd6709a6916e07e2bbdfeb365d0efe447,false
SQLI-0875,sqli,SecLists,1ea9d4441604c2324778607bf712f79fb9a003908d088e59cf96caccd7c84514,false
SQLI-0876,sqli,SecLists,77b1cab32091462470535ec2ef3a751ef5d774655821025cddbc1be7905a0c43,false
SQLI-0877,sqli,SecLists,2a96c671cdcc513ac31989ef5bf35016757fc1562654a3f3c510f0c7b582a704,false
SQLI-0878,sqli,SecLists,04cdc32898cd71fb72dc62f2fb237a5b35932a5beb5b1937ee8b4f2d28fbc1a1,false
SQLI-0879,sqli,SecLists,f000f1cac4362aabcd604e90e7b9e6d31d3a1b95f3ea192b46f603429fe0939a,false
SQLI-0880,sqli,SecLists,e5b068e0033dd84f7d90faaf957a8e684ecd77d922944f2a33ac2c7e8b043d5e,false
SQLI-0881,sqli,SecLists,e6971e3a992ee13dea827a872ae114b491049a2dad59f7a5d7e521ab6021d6ab,false
SQLI-0882,sqli,SecLists,8af2b9363e4ecd42c9c8f684189a175962b81ba73d81cbeb80ad4dc2a2164cd0,false
SQLI-0883,sqli,SecLists,a342e2f0037dc3a476cb6e5a125e2302a8cfdf859979f2f06bdc962f3c565427,false
SQLI-0884,sqli,SecLists,55a4dc39e3a59e08b6babc0adcbfcf41850f5780f2899692cb07b0bca85c8a0c,false
SQLI-0885,sqli,SecLists,af62de72cfe6c29598477f8a7191e54d65ae807fcef636aa5824595d83fa5289,false
SQLI-0886,sqli,SecLists,f65fdb25e64a1efdb4eea1e9d6c5e278b4335d6a692f0a71ea7dc56ba6f8c78c,false
SQLI-0887,sqli,SecLists,6aeff06cd79f4897ef9d8320fe0f29e125907255bf7f80e00528b546c2c3902a,false
SQLI-0888,sqli,SecLists,0cafdf0a6c53c2c1439b205f6c9b60aae9f1002ee0b79a0ead9c07d6087c0819,false
SQLI-0889,sqli,SecLists,1690c2941aa025192f9f76f4acf012a7833109fb2cd36942d7325babe2cfc6c9,false
SQLI-0890,sqli,SecLists,9460400159b47030cc0c657d3b58378117b7350d6f85243a38eea11e4f1330ae,false
SQLI-0891,sqli,SecLists,7d77334259a33138873609e4412fca5fd5a1030eed083d91be246443eaef9c06,false
SQLI-0892,sqli,SecLists,9584e8747205a2b8b318d9a359bd4d90241e8ffaa412b3b18884642752f9e7fa,false
SQLI-0893,sqli,SecLists,4e36979420e484b9bd326157e71baa3bbc40bf3647130689ee4eff1bd4b395d8,false
SQLI-0894,sqli,SecLists,46c9a644ab85b98d0128fb11875561c58e66492227451fce239de7188530ff1b,false
SQLI-0895,sqli,SecLists,c6d9bf52c8abd6fb0b95b97545305702f2b9b47efccb46c0d016f0e1cac16828,false
SQLI-0896,sqli,SecLists,a7464429cc0ec35cea3762738a99654481d32593634e355183e582a45a2ce199,false
SQLI-0897,sqli,SecLists,259ef8a666a22a6f8589e949a9b0a476fd8e189c486f5c3d7b668efd7bab98de,false
SQLI-0898,sqli,SecLists,a0a966f7977d49b77b3d9a2ef2269287fcefe9a8d6af49bfeaf4e93cc6324199,false
SQLI-0899,sqli,SecLists,28964f9218e9aca40de70870854ea4cd0a515f79087c07754d37da1fc73eb058,false
SQLI-0900,sqli,SecLists,5e1fb4a2ffd67678de24e59a076564a172f84bb50bcab2db04d79bb65be28524,false
SQLI-0901,sqli,SecLists,0101e397d49035cc5224d9e51869e2b95be30f922606fe75369b74b419865d55,false
SQLI-0902,sqli,SecLists,35f82e1f5a8f323b7d97d6e1322943500829f1ff1bdec9d8aaaae5994a695c3c,false
SQLI-0903,sqli,SecLists,0184325bc7f27eca7272286c5d494a243a653ea818902584ad7b35dd1badceb2,false
SQLI-0904,sqli,SecLists,77e6000206fbb8e0b9972d32a84aabad20e6b95256fa9de1a04539eb7b65128d,false
SQLI-0905,sqli,SecLists,1ece74ac2521f45cd6819cc84b0e9492589ad889a012eddfbdb233afec359cfd,false
SQLI-0906,sqli,SecLists,cd9e44362699ec19e503386ceff5bc7d5e0349027fe9b09d1adabf52b96bf026,false
SQLI-0907,sqli,SecLists,ef938774db7b5b9fe36276c44b60dd48f0d2db48ad643525425052de68c3bbc3,false
SQLI-0908,sqli,SecLists,b8b0781b3e11f0916ab493c2cc120f4ac5fb056fd887775663d5c4841f822c45,false
SQLI-0909,sqli,SecLists,a8d8e3a6ee21be07502e781f2a8e1db2ce7086f98ab22745fe103ed68fb27ca9,false
SQLI-0910,sqli,SecLists,2a1c9886170c3a2c626d61f20aa2ea50119ead7df0f9f88536ff84388b39cdb1,false
SQLI-0911,sqli,SecLists,2d8b014e8375e60154d172caa2a691c32521e3ff9b54d1ab1fba71d5a5cac900,false
SQLI-0912,sqli,SecLists,2d0e39b2b9ab57a4ef06e962596cafeb5c54264c3b8fb057388f91cf7423bbae,false
SQLI-0913,sqli,SecLists,721369af6c37cb2bd612f73a0f773240d6027c03318920b30f05c25a5d77bfc6,false
SQLI-0914,sqli,SecLists,3651312a656fd6ab383fe745083e80fd1bc388ceb6a18da15071bc0cf4dca3f6,false
SQLI-0915,sqli,SecLists,6b4616c090c3d9b8952da82938967650f8a8e31bbe068de98fe4dab6235811ac,false
SQLI-0916,sqli,SecLists,70f5980f43c5ba0ef6563032e253c3e45ae6805e70e1e786b606a4df1674d3ea,false
SQLI-0917,sqli,SecLists,3a022db32d8790dc55744b60f79829b937fb7b28a869fc6669a7a52907a0938d,false
SQLI-0918,sqli,SecLists,094e7c2b6aac79897d0fd6b26f5f6cbb77b9b273923369a14e347b3a8b1b6972,false
SQLI-0919,sqli,SecLists,a476632efcd79f1ab7944f2d49ac4e917dc2c6e06eccb94a0c957e3862557ced,false
SQLI-0920,sqli,SecLists,64fea6fce835a3471b8daf26bc7e0f856b8b8ecdd4cdae36ab233184733e9c95,false
SQLI-0921,sqli,SecLists,d864da930f158d2d7efa211d55436a0a7135a8f1cbeb324c2c17fb73b314532e,false
SQLI-0922,sqli,SecLists,9e3a8f1de553e0e366e09681338587fea2e0e694425d9bc0fd98aa4710b7dd38,false
SQLI-0923,sqli,SecLists,d092714e65b483b5f7ce217f396d49714c4a49919ae01d88c6778dc538384413,false
SQLI-0924,sqli,SecLists,f029bf7b25b36c04bf6780f6a7261b966ae6bd9f62973b443afe6f4bb41f3444,false
SQLI-0925,sqli,SecLists,6226667f76e934a5c03701c0905322bacba28b23317aebc08618b38fe3a16325,false
SQLI-0926,sqli,SecLists,ede0243b60a668bd571ef4cadaac8da19112fe4256a0886c7e6121e930ff0c0a,false
SQLI-0927,sqli,SecLists,07671fd6a0b4bdcd34df206b38eb8f976e48231c923b0f2ef7d78eb7fe24693a,false
SQLI-0928,sqli,SecLists,0033bbb347de076131e2b52d1eea934ebd828e0b6fbdcaca721fb80017a89752,false
SQLI-0929,sqli,SecLists,ae24a420bae5576aeae88af2c689f13c9369528ceb8fe0e7c511e1204b6a0713,false
SQLI-0930,sqli,SecLists,04bcabb4e2d38c6616ad708287885201d573029b41c1a24b0c9473d60f25610a,false
SQLI-0931,sqli,SecLists,56db5714e3efc22ca94732e509eee7eab916aa7a6ffac42165ff296e61cfdadc,false
SQLI-0932,sqli,SecLists,ec4f3b0cf1ebe0ee19abc0fa9b93171395c18346da1947ab68bc03c592cb7e56,false
SQLI-0933,sqli,SecLists,aa3c07f7f86d130d26f294fea9d19b536277b6ba6ce2d7826d58dbe46253aed2,false
SQLI-0934,sqli,SecLists,0b90ca261c27b0d462e39b0908158d3cd29fb31b8e936ec0d36feb91ba141936,false
SQLI-0935,sqli,SecLists,170909fa0c2f8825e0f8d0d694bb84112f2ac8eaf39fc6da4559f0ad672b0e82,false
SQLI-0936,sqli,SecLists,34c05cad0ef9f8693f08521ab3b6348f420c6d265c8b814cae1dcdbbb3599943,false
SQLI-0937,sqli,SecLists,09c6f312f0cc9faf2d6a050d6f2b673a59102e3508b52e335675209806b89377,false
SQLI-0938,sqli,SecLists,fca20de032f503ce1cfb3936169e7a901243e42b38a7b2b2f99e91452f7a9204,false
SQLI-0939,sqli,SecLists,b6674113d3e0fbc1655e3510d931af21a72b9bd8e0e56fd6e2a03b438a55367b,false
SQLI-0940,sqli,SecLists,1ad65cb42d3d99d63fe6768aa982461d40de8e34513effc6f457e0946909c25e,false
SQLI-0941,sqli,SecLists,81fa339d4c64bb48954c5a6dc86d717c02353d8d3663bed5b422fcec7bb6ddf1,false
SQLI-0942,sqli,SecLists,147e2f1ccc618935a10aa96381e92cdffd4dd44034b1430355b7fb2e8341aa9c,false
SQLI-0943,sqli,SecLists,05465363a86a35d134231742492574083c70b73b5bc53a22850765c480bc9208,false
SQLI-0944,sqli,SecLists,88c6b6c79a92d43ec4b44554ad1f81ff133539852477e741f6852f1b5efe95b1,false
SQLI-0945,sqli,SecLists,ba80459c044a5c3cf7733a128438f1ddf8dd74f318a1f60ecfd24abb5e1f1132,false
XSS-0001,xss,PayloadBox/html5sec,4194f1041ac064d3cccf051a33548d913b891bc29ae734ffd93cfecd074cc371,false
XSS-0002,xss,PayloadBox/html5sec,d7617532de25c666861015265cd3a1d14d4c88c7903b26943e7311d8ea366891,false
XSS-0003,xss,PayloadBox/html5sec,1313fcb3aa8d17d0a9169290db55829ad99b29b93f06e94cb54171afd293392f,false
XSS-0004,xss,PayloadBox/html5sec,f6caaa023b6ea0bc0c26677623d185bf468539c635a4355a81143a577e9930b4,false
XSS-0005,xss,PayloadBox/html5sec,0059bb69f15971b47b5f83ce0d181e915c3ff844a665671bbddb510c812a7f28,true
XSS-0006,xss,PayloadBox/html5sec,9ec4166617252125b4d61da96573297776bdfc0ee65fbc9e5888e0bc049a374d,true
XSS-0007,xss,PayloadBox/html5sec,6177b0ef7ea487d72b17b024ea4961e1c91440b0e386aa7af5556b87b62820a3,false
XSS-0008,xss,PayloadBox/html5sec,79e68ac94012d5c7b579cb9aafd99ccaffd48a17e77bd7db2fb2080796e814d7,false
XSS-0009,xss,PayloadBox/html5sec,8dfdf554e1af315067c62ed7df7614ee0ed8f6a89e0b16a85ddd26e366fdf643,false
XSS-0010,xss,PayloadBox/html5sec,f387b472e60f1879e1c1153a8d41c52ba10e4bb54875196b446cc17a990ac00f,false
XSS-0011,xss,PayloadBox/html5sec,97609170c11661a3e0f4c61067de7cf46ffa93ac3085f44c551d6ea8340cbc5e,false
XSS-0012,xss,PayloadBox/html5sec,218e6b308c625ac5753bcbc7d504595291d24d5af2ec123bc9136f3f488b9335,false
XSS-0013,xss,PayloadBox/html5sec,4396263f19262c2bced16ee768b991823ae124812760e20aeb0034dcf22fa006,false
XSS-0014,xss,PayloadBox/html5sec,7dc1d6c888c4c4f4ef2ee46ff815b7ccfeb86b86fa134d9a6e06c5ae94897e41,false
XSS-0015,xss,PayloadBox/html5sec,2b1e3a22c1ea47d70bc7eafab0464e5e5ab4fbca8bd4b192c0ee058fd0cdddcb,false
XSS-0016,xss,PayloadBox/html5sec,5fd6b6cd55055a7731bf3f50b50f071521c6b68d97111044a75d19fe21cb251b,false
XSS-0017,xss,PayloadBox/html5sec,2d56ec759b969dcd25b32d07aac1bd5b2498e3f8776a7499833f19671f69e685,false
XSS-0018,xss,PayloadBox/html5sec,df154d165d32a9883e53adf09bb5c82de7b60306feed2c5fe4228557c9d85b1d,false
XSS-0019,xss,PayloadBox/html5sec,e43af99629cffa4a82eb98d046dd5a885fb3a3776b5dac8c283c061281c884f3,false
XSS-0020,xss,PayloadBox/html5sec,a02cc7c390da3a120afe24f24f46fb62dc5bf2e8c64f32f9ec1f96ebb07194bb,false
XSS-0021,xss,PayloadBox/html5sec,53e9423b5c70f2b312ec4f1d140282d034bd946633970ec16345d1da817716b4,false
XSS-0022,xss,PayloadBox/html5sec,1017471c9a6baf2dd2fffcc1da77ec8728a44ea06b7164f56de69819d781cafa,false
XSS-0023,xss,PayloadBox/html5sec,7d13590bd53eaf511741fc56ddbfea0b073457eceb61a855116d245ba6e3efaa,false
XSS-0024,xss,PayloadBox/html5sec,a12d46ce37e5c0414c1a03eda0fdf4c4c6c8a3cef0fac6e28b6d8a09f5e437bf,false
XSS-0025,xss,PayloadBox/html5sec,9ea64336769b643bb8ad6d82a2f88e54e4ba36e57326cf9ff1b3278a474bdc63,false
XSS-0026,xss,PayloadBox/html5sec,f2d1258c9453e6f88abe4759fa585e4d9854bc970b1688f6224a850d91934b65,false
XSS-0027,xss,PayloadBox/html5sec,466ade74e036953b787596731a294d39b15ac67eaa65a59b7c92d0a62f8c1e74,false
XSS-0028,xss,PayloadBox/html5sec,53bff8368f9c2f0663bfbfc92bdb1c8dddff74f9a57ce1476f4ad74a2c5e12c8,false
XSS-0029,xss,PayloadBox/html5sec,08e81ec9c387626c62d18ef6ef20b8152b36730e7b04e9a1f10d1595042fe863,false
XSS-0030,xss,PayloadBox/html5sec,01e142145a60ccccedfcdb8e3bf596a55333207b16d0d47db5be8122daffa321,false
XSS-0031,xss,PayloadBox/html5sec,0fabc545b984c4835605b67e736ebdda3ba4372f84a7d3484b4d1386c2e7fb3a,false
XSS-0032,xss,PayloadBox/html5sec,22e8e25127af14135180d698bd90050ad74cc1c22ff6c8b746bcd7affc697348,false
XSS-0033,xss,PayloadBox/html5sec,2653ad26f3c6ad5e8656637a84d01ec722f2a77522318d3bb6c29c1135c356d8,false
XSS-0034,xss,PayloadBox/html5sec,9d840c7ad7c0a06be72e829403728cab2a34d10b2ad044f36b65144efa9bcdc5,false
XSS-0035,xss,PayloadBox/html5sec,acd915c6c15b144ab3b47d705946dcff0a8547d5227b86d2c976966b2d7294d8,false
XSS-0036,xss,PayloadBox/html5sec,45542333b98748dbef5d0ddd46b25c34571cee7c48733b9bbd7b49af5a0ccc93,false
XSS-0037,xss,PayloadBox/html5sec,3c7f0ccab67244a63f0fbc3f6e0baad82bd9fb0616a75649e2b747f5752d10ab,false
XSS-0038,xss,PayloadBox/html5sec,09cdf7933f3637dac16bda2f94f29e9130f0915587620c1b4ae7375b270f3685,false
XSS-0039,xss,PayloadBox/html5sec,55010ac002433955f9db16c4c838f49d58d6154cde813cec7509869e8e057d59,false
XSS-0040,xss,PayloadBox/html5sec,bd5ed4104a0c1384d1d7b35cabeb0802ae4f5f44de0034aea3b145dde5c03409,false
XSS-0041,xss,PayloadBox/html5sec,ceb423ea3ac4b092656254295ac3b5e40cbd15878310c5fabcbfe55b17540e94,false
XSS-0042,xss,PayloadBox/html5sec,e5c28721a79ae1f0350f82131b9a07343a9aee8f73996f12a1b9244b9a0022f6,false
XSS-0043,xss,PayloadBox/html5sec,1c2adc95de53e3eaa843e8eb7cb3c931076d61620f2bcaba19f0067d9bfea383,false
XSS-0044,xss,PayloadBox/html5sec,cc623133e87fb4cc3a35028f4f47c6e1b5f74082838c25da33317d4a97f53dc0,false
XSS-0045,xss,PayloadBox/html5sec,41356313d82c49871574d0efb1488c35987d0911d3edf1915094cfe539dee486,false
XSS-0046,xss,PayloadBox/html5sec,399f18dff05f4efb0d40e5a34069f115aa78ea68ce46e63b73467bdd7563bb08,true
XSS-0047,xss,PayloadBox/html5sec,acfe26d68cb0bd9dfdf6551d5edf97491d42eb3df49e1e1f33c889ac72b5cd33,true
XSS-0048,xss,PayloadBox/html5sec,dc1d840d3087333e9acda349f697e2afb5d5f09985f45b16569ea4bad6a46691,true
XSS-0049,xss,PayloadBox/html5sec,d068422b6a2f0a2e5cacb3d73d83356dfdca46b5260e45fbc6dacbb2f339ceae,true
XSS-0050,xss,PayloadBox/html5sec,6a9b83fbda278e5ab6a0947f1f6da39c82e7a9f4f189afd33faabcebd2d34d85,true
XSS-0051,xss,PayloadBox/html5sec,0d731d824d88592b622f20510adde141c2f6d5e85a14d78c1f2df579ddbb2bc7,true
XSS-0052,xss,PayloadBox/html5sec,c672390b7ba1650a484f243a3bf2b1bff3b2ef7d307c961674b5ebd93bd1aa05,false
XSS-0053,xss,PayloadBox/html5sec,b9a7f9369857e197efbea3a11cf257b05b312350e873a144d4ae5fcac151c939,false
XSS-0054,xss,PayloadBox/html5sec,57f6f010cf232339a07374ddff29e2998f3ddca7e1cf87faecdfb5e0b1f5e6f3,false
XSS-0055,xss,PayloadBox/html5sec,2524c98848c31a8cf9d3318ce5e7edc0e83a3028fd6357ee33e0aaa5d33f4f8b,false
XSS-0056,xss,PayloadBox/html5sec,39a868b1f2bb16d5d4ace43feadfc56278d7a26ce0aa41642fe6bef5d1eb0d6f,false
XSS-0057,xss,PayloadBox/html5sec,9b5c6027ef6af5664661a50db68f2bede148089716c1692302c552e6ffa32d95,true
XSS-0058,xss,PayloadBox/html5sec,9de1b236b8c7876e12ad1cefec8d83c4cbb6db93bca8135eb2f421bc0d3bf3d8,true
XSS-0059,xss,PayloadBox/html5sec,1cf679475105de4e6bee2d71e7cee6feee5934336109b092d3b6d771ef39d3e5,true
XSS-0060,xss,PayloadBox/html5sec,730f49ba7322ceec591dcbac122d5441432a90d52ef519cfba46b049e6194aae,true
XSS-0061,xss,PayloadBox/html5sec,741fd2bf6422caead05d502279509f4ec399ce18f2c2fefe21dbd758c3ddc075,true
XSS-0062,xss,PayloadBox/html5sec,2789e733d174b01a42142240bd587d6cae14ccdaf48269edf553e4d39f7132d1,false
XSS-0063,xss,PayloadBox/html5sec,5240af4bcabf63076dde85b30a358ae8f4ae3d5008519a542fab31a7fc6c50cb,false
XSS-0064,xss,PayloadBox/html5sec,d0762ef98ac8134d1a18851508b8e804283509ae0065b5d83e4f07c967a20e5a,false
XSS-0065,xss,PayloadBox/html5sec,88573a573643aff13b7e74baed81e39598a1dc72c5072090fc5beeeafe57a334,false
XSS-0066,xss,PayloadBox/html5sec,1e34c94c182ac4e03f95bdfb7f3390a6334f642e924b882811202f22de97cdb4,true
XSS-0067,xss,PayloadBox/html5sec,6deaa6c4b0471904e2ffc3731aa9fdc4ef0bd707be72415cab16e8b8f62fc550,false
XSS-0068,xss,PayloadBox/html5sec,30ebd7716d7c0ce12c7e8cdd7f63300d8cb3e9b89f21a6ed23140edc9b00bc08,false
XSS-0069,xss,PayloadBox/html5sec,1767e98f04c4b0ee1b90fd6ba2ae7cff1d4a076d88ebb0c2cd5633dd8ebec1ff,false
XSS-0070,xss,PayloadBox/html5sec,14eb972c5a827ab5b3d2d4027dace8eed544ca5f830d8bc6be02b7c51531c8d6,false
XSS-0071,xss,PayloadBox/html5sec,2cc0efc90458bf87c8c63e4a5b7e9ccb2fef1fff5f09c3767db897e6a05354f2,false
XSS-0072,xss,PayloadBox/html5sec,fef52017b010e5ac17ea569a8e5a3a923a59e3a233994113b3668a494d3157c6,false
XSS-0073,xss,PayloadBox/html5sec,c194e156f52f94c0827ca33cd7002a98a9b4ed5c4dae0ffa1f96f99b7186b48e,false
XSS-0074,xss,PayloadBox/html5sec,bd856549ae8b7afde78195a354dc465b7369869049d4048dfdd148d92bc494a8,false
XSS-0075,xss,PayloadBox/html5sec,e1ec809a957010a660e86dc0114c20f803d8aa5ee1ffe7b6ae752f62dfd435e2,false
XSS-0076,xss,PayloadBox/html5sec,4eff281371890c1394d1c1df7a3cfeb113cd2b30a2f5c6c545d899e8f07cff48,false
XSS-0077,xss,PayloadBox/html5sec,4053db84e15d798384b212234b7a3c9f3e28eee6b0d06867db88a1a2492cbece,false
XSS-0078,xss,PayloadBox/html5sec,4c24d226f6f7e51b60bbbb11c6f816ffb747f7571576f05bfef176aed4d52d2b,false
XSS-0079,xss,PayloadBox/html5sec,dcfab0c0686831f55f92aef57dd8215fc6f5b3b3277688c0b5ee01765f8d1da7,false
XSS-0080,xss,PayloadBox/html5sec,ff3456f98e82522fc6d719aa9b42a4ae50b9d4b6a295f7614cc29558b49c6b6e,false
XSS-0081,xss,PayloadBox/html5sec,b1fe0d3463c336cd3a58c201516b7321fdb0f6c6004672b4b6ad7e969f46ea6d,false
XSS-0082,xss,PayloadBox/html5sec,7aba7c7b30c173feb515e31c73bfe35f664a1d5826110e3d20776460dfcba23d,false
XSS-0083,xss,PayloadBox/html5sec,e11eceff2203b0a832aab206d601573dcd8f6a88aabdd9a6677182003262b765,false
XSS-0084,xss,PayloadBox/html5sec,f88d04bde370cdaded3e44c2e2c5d415924de04edf8d84a1c0fa0e9828e485aa,false
XSS-0085,xss,PayloadBox/html5sec,2c53c5bf947982f8e9811158cb0ff188214abd40555f4fc55b8be84674b259ea,false
XSS-0086,xss,PayloadBox/html5sec,8bed7de94f624d93819918af4b3ae5c4a5245608e4aea1ca988a81d1969069a6,false
XSS-0087,xss,PayloadBox/html5sec,3198266455bfd515c27d71d2a8865f3620ef5a60a34de7ecc6defeb2eedf3341,false
XSS-0088,xss,PayloadBox/html5sec,cd677df689c0f74b31ba106db55267ea21085427fb721c52a1d07353cb9d4d51,false
XSS-0089,xss,PayloadBox/html5sec,972b447d73867bd71cf78dad95df4b3e1a382e8eca50ca0def38fb95d3fa1879,false
XSS-0090,xss,PayloadBox/html5sec,aae7dad853bf29a1b5ec4aebf850a54b4edd1184935b5d7486c12575500b5124,false
XSS-0091,xss,PayloadBox/html5sec,4fadcefbd82bb6d5a2c91858481c874028d9270f8ac52cd2cc01b794d6d87b22,false
XSS-0092,xss,PayloadBox/html5sec,b1152bc795d691331296262b9a5e42e437d37cae1286930ab8764918615ddf7e,false
XSS-0093,xss,PayloadBox/html5sec,5ee2729b1c09dfea7dfb6ce4a93e727dd95fa34656e249524754827c509b3db7,false
XSS-0094,xss,PayloadBox/html5sec,381c7321d0c514c7364eb6f299d85a7e045c68a540591c27fe0db167cb523931,false
XSS-0095,xss,PayloadBox/html5sec,ea68eda2741561deb0f4dd8e210db9245022636b71dd314589c8d5a97198be3d,false
XSS-0096,xss,PayloadBox/html5sec,c383ad1c6ca8e68d8247ee80a1d2dfd2df38c4256b7481e925f8383046e16700,false
XSS-0097,xss,PayloadBox/html5sec,670249aed0843d77700e24ee51218af90a7fa0732f120038e267854ece37e8b2,false
XSS-0098,xss,PayloadBox/html5sec,7dd32d67de0fb48da6fcb6b9604d4cc31c9c161cc84dddc2fa6b82013c6dac34,false
XSS-0099,xss,PayloadBox/html5sec,096c27160ed94f129bd747abfda7c7225faadf03bd642fb871d7dd1f00c4a524,false
XSS-0100,xss,PayloadBox/html5sec,77153c16781b7993226fcf609729bd94aa9c55c2e7a87addc8a56db70c61e686,false
XSS-0101,xss,PayloadBox/html5sec,62d955333de53f3299590090ff750c0c7e91249e517a985c21913d1bf2071bd7,false
XSS-0102,xss,PayloadBox/html5sec,4a845ecdb8d54afb2ceee395e5e93b14011ca97aae0d9931b9abbd7957c5c3dc,false
XSS-0103,xss,PayloadBox/html5sec,ecbf05607ee916ce8d557030abcd9fa3adcac68e5f18fb30afb7ea7f0b8da8f0,false
XSS-0104,xss,PayloadBox/html5sec,fa69540cb23366cf79aed5393054f4c62e270e786fbd345ba103a74df106c449,false
XSS-0105,xss,PayloadBox/html5sec,bdc5ebfc84b4ed2a7e38c74839310975f5a97f208479e1e125cf110b2bb4a7b8,false
XSS-0106,xss,PayloadBox/html5sec,5f088353ffc6ab23de046e2cf11f439e6fd22307a3be7aba65fb04890ade7de6,false
XSS-0107,xss,PayloadBox/html5sec,299d52e79152ace5073f94c4ddca94bb7bb9488d6ecb38599a58b03ad4203d66,false
XSS-0108,xss,PayloadBox/html5sec,61e60b985529998da6f77649b0cf3f92e900277655d8e52a45fb4477b3bd91b0,false
XSS-0109,xss,PayloadBox/html5sec,f04b9261100fcfbd0f948db600d3b4073788c39714d1d070c032476d02a91527,false
XSS-0110,xss,PayloadBox/html5sec,04175f7bf15ce71291aaadf127218f90b565e91fba589956f0f68c6ffb19ebba,false
XSS-0111,xss,PayloadBox/html5sec,f3b80ce837b476f20e9a75180e41097f42f9b6e256b8c0382a5a87dcd52ede24,false
XSS-0112,xss,PayloadBox/html5sec,9bdc87f7e113ba6d23def286727fdb56454d136f41b52b949878d42420045aa4,false
XSS-0113,xss,PayloadBox/html5sec,dfb5dbe3dcf87ee804eb7d6787a35943d1cae824d07b141f6592dc1c9932b438,false
XSS-0114,xss,PayloadBox/html5sec,7121260a4cf174b775c7c34d16f0c9a91f098af6fe41eb8e614c9363d93c74d4,false
XSS-0115,xss,PayloadBox/html5sec,bbea99f2db755db4f7cf36594ae224c09a60aa67e58cee5f85b5c95e421fa277,false
XSS-0116,xss,PayloadBox/html5sec,bbea99f2db755db4f7cf36594ae224c09a60aa67e58cee5f85b5c95e421fa277,false
XSS-0117,xss,PayloadBox/html5sec,fdac16ccdf1499e4627b66aa65bd4f2b394e30120c79991b4414ce4bfee44cdf,false
XSS-0118,xss,PayloadBox/html5sec,0614fca99a6ecf8875bd736d52e3928b8ddb590ece073da0d051be513d3b8924,false
XSS-0119,xss,PayloadBox/html5sec,dbe6ed97de175da04285142847f4d35788e994c7eb190e1d9e84f45ce75af6ab,false
XSS-0120,xss,PayloadBox/html5sec,3ee290c9baf7ea40977f17bf56a0f14d6f902555354246e9261b98866973e656,false
XSS-0121,xss,PayloadBox/html5sec,5b61a59809d1be6d7b695cfe84feb91f434af7e10ebfafa8f24494ca388f6159,false
XSS-0122,xss,PayloadBox/html5sec,95083c918a3e0557e3e6832315c3b21ac6d7a84a34d10898252a27315a1d83a8,false
XSS-0123,xss,PayloadBox/html5sec,1559fc608c3fd01970d3a97ad76cb4baf91a2dcbdc2824d67f44e3c4978be450,false
XSS-0124,xss,PayloadBox/html5sec,7654b13c9449ed06a8bc62dd35f6bc90acc5db60fc20aabe1b155932a08f0885,false
XSS-0125,xss,PayloadBox/html5sec,f8cb5898e9e7f8e8a947afd6dd365229cc7366e759dcf9053a8bf002d13c69e3,false
XSS-0126,xss,PayloadBox/html5sec,0dd6c4fcb786eaf02d719de84b084754af48d8b340c3943e6d5071f6caad0be6,false
XSS-0127,xss,PayloadBox/html5sec,e84bb9efc2565cdb349dfd18a0b12c572d3c4febab20fb4eb54c40b8c6b43466,false
XSS-0128,xss,PayloadBox/html5sec,0743a64a1304a9482adbc852a878727cc31291446c2ce05dd607af6271319585,false
XSS-0129,xss,PayloadBox/html5sec,01a014ad05c0014db9e857cdbf7313ce2bbba1203c9df1a749cb89b8686fcb45,false
XSS-0130,xss,PayloadBox/html5sec,cc518c8511f7385282f16d5e097608fe5980355e1435c076fd0f422732dd5d1a,false
XSS-0131,xss,PayloadBox/html5sec,097ca7e405f3f8f6dc5fb193d0ff5f959b76c2176e79226f462bc6bb32705760,false
XSS-0132,xss,PayloadBox/html5sec,88f8f92bf926d8f7229f3c2b9d2982a4a01963cdcd80c9c6e5961008bf792ba8,false
XSS-0133,xss,PayloadBox/html5sec,61912bb86e509b7a6264636ece1190f3ed03eb45f8f04d5b68adab604ee5d891,false
XSS-0134,xss,PayloadBox/html5sec,445b95370df448bdc65fcbaa837dbc2dcc57b480e4e2068db3fc6276b7c7c6d4,false
XSS-0135,xss,PayloadBox/html5sec,0c5ff9ddf91392954ff8091b8caa266b931dbb170450bd0d7f8496cb495c439b,false
XSS-0136,xss,PayloadBox/html5sec,0a3d402ad7555545763ca298f5db1361373a265f3c02c99fa2f40177c23b27ed,false
XSS-0137,xss,PayloadBox/html5sec,7c52025daf225b75327604957b86814fbc8ad9607f4f9d9fddb112e4428ff3c9,false
XSS-0138,xss,PayloadBox/html5sec,fb7b7ff48c464e03b59daee1c82a8e8d9b14eb4fed63d58fdda7938208d199c4,false
XSS-0139,xss,PayloadBox/html5sec,a817cf4a4eafd721bca98cdae564cd8d4c472239a9e45f19d6265b083f56720e,false
XSS-0140,xss,PayloadBox/html5sec,5f9844387243a048c7214391c2f8936d69c2a1dad6d138426f993f96402b9be2,false
XSS-0141,xss,PayloadBox/html5sec,ebea3dd146af7bf3044c47dfdd496ef26c48d0700052c3a06f8cc80c4ec692c2,false
XSS-0142,xss,PayloadBox/html5sec,4e440359fc450d7c3ae57471e39d21b9b9e589e6a9ef5714b0b2b06c4a5843eb,false
XSS-0143,xss,PayloadBox/html5sec,8edb72f67e9af6a6a6b7206fa69b0012a3c4061f8534bea1d5be16e58d7dfb9d,false
XSS-0144,xss,PayloadBox/html5sec,8e6fdcdd3df935f48517ff08822c3d6699a6257ae7dc4896539087f0bc939263,false
XSS-0145,xss,PayloadBox/html5sec,16217c8a982ad26bbc767822de55404ec092e7a49d58b80a5c23bd8e153ebcbf,false
XSS-0146,xss,PayloadBox/html5sec,56de62f1d743e4c391483be62821625c04e6961d27496f4f6a291d5f03712746,false
XSS-0147,xss,PayloadBox/html5sec,bb24e6cda9654353ef77c325c4f24825d8f99e23d40dafd2f4779a2793f088b3,false
XSS-0148,xss,PayloadBox/html5sec,3dd81e38705c962af6ccba6561873de4b0f0c762b0699d51d93fbb60208cf57f,false
XSS-0149,xss,PayloadBox/html5sec,13d7c00011de6691ce09cbc91bd6eb0b751f0fc4c6c4ca94b4a8f8f456dc6884,false
XSS-0150,xss,PayloadBox/html5sec,834a0f8ad74123502afdc1507e93431feed065304711b9d583818f05036cce41,false
XSS-0151,xss,PayloadBox/html5sec,880cccf66d624c5be8b0a4a8dae3a5c34fd91414f8dd76bfc6c903a0af46444d,false
XSS-0152,xss,PayloadBox/html5sec,f92b606718b6db9e35c89fd6b5965057a8ac9b1a2a51bbaa101fe33b07a5e9b4,false
XSS-0153,xss,PayloadBox/html5sec,e5d635d75a8dc1123e0a99306c0c889a7072b37ade45f4631ebedb51da9b784c,false
XSS-0154,xss,PayloadBox/html5sec,0f98058423920f97f0475d0242d8679f9d152a1cc3ee6285a762405f9ca34efb,false
XSS-0155,xss,PayloadBox/html5sec,7f4d18946a03c370514b10804150706829d6ba7edc42951a933c1a404f802470,false
XSS-0156,xss,PayloadBox/html5sec,19b7486a186d90e6fc2705bebf744c859a4a3a7bf7142dae1bb24da5872b9c5c,false
XSS-0157,xss,PayloadBox/html5sec,3c4a948ebce3a4c7db520ebeb592c45e0d5748150c2dbf84bb031946da9fc3cc,false
XSS-0158,xss,PayloadBox/html5sec,8f1eebc90f7c053c3bad441864886cea5b7c463569979ea2d7a9ab5bfb50a008,false
XSS-0159,xss,PayloadBox/html5sec,1cc88e598afe7734a39877097aa5bf11e65f471055dcd372999907f4a91d29e3,false
XSS-0160,xss,PayloadBox/html5sec,8824ab29ae1a19ab689e82dad7657bf2770a46b6ef92df659e3f4bfb582805da,false
XSS-0161,xss,PayloadBox/html5sec,af5e25aa8698c96cd32ad171ab1e2d9bd34f029fc18c6f3552a1a61bdda49fb1,false
XSS-0162,xss,PayloadBox/html5sec,d3619659b96c9eb82a6a8fcaac9acf1862389446033170db9ec196d1cc028906,false
XSS-0163,xss,PayloadBox/html5sec,ef2cf895fce4f758e9c9d1880d425b81c74853a37661c6976c8200658540bab2,false
XSS-0164,xss,PayloadBox/html5sec,71597b53ed7a205efb3f98627438b1c2f61376ea220ec08f496b4ad6cbd7a0ab,false
XSS-0165,xss,PayloadBox/html5sec,3cef492671d7d72e2f9f6fd78ea3614c6ecf34a32b81b569f846a7325064d657,false
XSS-0166,xss,PayloadBox/html5sec,807ab817d10ff9f10d492e7357088cf0d65043d1d7bb5474ca0aea144c2df699,false
XSS-0167,xss,PayloadBox/html5sec,2b08715d5cca79ec97c90d70bb43f0338311fe85ed7449a8c9f7ba13240d0c56,false
XSS-0168,xss,PayloadBox/html5sec,ad48057b71194595d882560e68bfb6ee87d73929ab9953d71c8fed335f3e9cb8,false
XSS-0169,xss,PayloadBox/html5sec,dcbacbf166e01f406dd0664c195b338e1ba08dd7d61beb3cca7963f44fa615bc,false
XSS-0170,xss,PayloadBox/html5sec,f77c3d715c0bf37d4a46839eb60487bfaafb485361aa0d9052f49a418d3aa93c,false
XSS-0171,xss,PayloadBox/html5sec,d0faf7e493b9cbc5332bcde899660879785d3c094359655790a1678647470783,false
XSS-0172,xss,PayloadBox/html5sec,eeb97a55415c639e8f632d0b0a7882e33dc865edbfdf1d27d2befb3619843768,false
XSS-0173,xss,PayloadBox/html5sec,df11f728bf057e6c78314e75d8466252793ad3b5255aaf22d33d59ca5daea685,false
XSS-0174,xss,PayloadBox/html5sec,bb7c005338e3df17fc185c8e9e8ab2bb8778a0bb7101ef17d2aaa04748bcc4f8,false
XSS-0175,xss,PayloadBox/html5sec,bbed2385c1758bfef0923823e8342185c34b4ed3dfd2e9d12045a5f06503a126,false
XSS-0176,xss,PayloadBox/html5sec,0f5d1cf71be9ad81f6afb0442e8e57db6aea51a385d8f0d21b4399096144bf86,false
XSS-0177,xss,PayloadBox/html5sec,a86342b05cced8ddacd44a5c9eb04e48838040feb646b19401916443ef5f79fa,false
XSS-0178,xss,PayloadBox/html5sec,ea4f903ba9edd2d0333048c1e21bfe6406bf396a266ece2de819a5cac5ee46a6,false
XSS-0179,xss,PayloadBox/html5sec,0cd82f63db3f639e6bf64f3ddbe94ca1cacd98966f1857782b4b733139274560,false
XSS-0180,xss,PayloadBox/html5sec,a717350dd5c0b51c088044d3bcb70e9f8fb9610da5b1e4af26d56362db61a351,false
XSS-0181,xss,PayloadBox/html5sec,53560e125cfc3ae8c1672fbc2b5fc653d11d5a3dc8eb6fa50f844a2316f82b87,false
XSS-0182,xss,PayloadBox/html5sec,8ced01424e2edddff796d1ee2650f60c1eb4286b485e0908e6f1f119432df997,false
XSS-0183,xss,PayloadBox/html5sec,c346bc2f0faa6cf565d48a422c3c2d14c76ee8a4d98d306447e87cc57702ef45,false
XSS-0184,xss,PayloadBox/html5sec,1309e5bdc6ecab9c301787ca5c4b0e3958e4af7ffb2ed96f6b2752cb492345f8,false
XSS-0185,xss,PayloadBox/html5sec,0618b9e521c47e191f19185915638103005a7e76123010d1779fdd4d553febfd,false
XSS-0186,xss,PayloadBox/html5sec,a1d32873f0afa84b1df8e483b4696e6bc96948a86dd08dced822ed09ca7d5011,false
XSS-0187,xss,PayloadBox/html5sec,f60b2ee732bf9b2d187fc14c77520a0c9c7bd1d9de6a2bd5b17a250a941be1e0,false
XSS-0188,xss,PayloadBox/html5sec,396db10fd2ac4cd222337f161118e4b637199bf1e266fbb9cd862c3164c5feb5,false
XSS-0189,xss,PayloadBox/html5sec,a3f855ac3dc31b6f51433db2e13fd6f8afe017197df63998caf6bc9ec8862f09,false
XSS-0190,xss,PayloadBox/html5sec,b84f84486754819401bae31864ec6a8c1cba20422990dad47205823df300f5f0,false
XSS-0191,xss,PayloadBox/html5sec,80585716b1d5e63d3b5df9330e80af9ade2aa29f81a23b87d63d5a4ecf6636ab,false
XSS-0192,xss,PayloadBox/html5sec,52d7a82fba80acc68a730f0e7c8b5d00951e7b2b34233ff59ef31768647301d9,false
XSS-0193,xss,PayloadBox/html5sec,fa6ce87555e45aba635126374e03b7878ef247a2ccd5792dc074e4ba97094ea2,false
XSS-0194,xss,PayloadBox/html5sec,be8234d591addb2794bc78fc6b13d19258322920d784832534bbf3cc1b46ec06,false
XSS-0195,xss,PayloadBox/html5sec,4c7418b09c9e29dfe15be14f8da1137ab94e6cce0de35e955c2250bd559ba3d5,false
XSS-0196,xss,PayloadBox/html5sec,006b8df58cbf5525c1e4d600b4bd0803a2be89e8c7d0290c6b713560c6acfce2,false
XSS-0197,xss,PayloadBox/html5sec,7e66901a1a122db1767723a507a476196a91a57827e5efeca5a0b05373225052,false
XSS-0198,xss,PayloadBox/html5sec,21103cb4608a261f2645f407738e4a6b35a00bca634b439cccffad700349b2ff,false
XSS-0199,xss,PayloadBox/html5sec,6658cf8288124b5646b27bc9f3ba07ad8d0e4015c66efd2da2da487a2fe7f111,false
XSS-0200,xss,PayloadBox/html5sec,cc2ad7cd30333f6ee7334e17fcff50374ed23410e56ad11ed6d1769e700e3af0,false
XSS-0201,xss,PayloadBox/html5sec,13b62ceed94da605ca9c361fbc546ae1ccf87627a5d0355ca82d1622f2afe2d7,false
XSS-0202,xss,PayloadBox/html5sec,2eee12f0e28dbb1b6100fbae8f0f6a19dfabe03036b3961b02070454e2a913c8,false
XSS-0203,xss,PayloadBox/html5sec,cd983961cf451da28328856ffe2594465bec590d7fe369e921fe6f1fd652365b,false
XSS-0204,xss,PayloadBox/html5sec,d30e6f73f3a987dca0929603b7863ecd806e0e90ed59c8ae128fa4af9bb7ee02,false
XSS-0205,xss,PayloadBox/html5sec,3a3b39b878d7c0fdaa593b8706e5722cce6f04a8f307621a2c181f86b67cb304,false
XSS-0206,xss,PayloadBox/html5sec,d1b510d589c5d47b510417ea8ade8b7cc318d44b1cf1b8b6c7dda843ba2878fe,false
XSS-0207,xss,PayloadBox/html5sec,f576f50bbff39ae9150c4dc7c599010fa967561c4df8bba28549c360fbae611b,false
XSS-0208,xss,PayloadBox/html5sec,5c0ae26351c2b41acfc89a2788a2bf6662c6bf637d72e30cb1639232e893261c,false
XSS-0209,xss,PayloadBox/html5sec,fd36c25359dfdea3ddd170e151c21d1e55b35140be7522032f1fb65a3b4eb6fb,false
XSS-0210,xss,PayloadBox/html5sec,1703bde41725d7e3985a49b790ed7a880f8cb5ed74a26e7a96da438888828b22,false
XSS-0211,xss,PayloadBox/html5sec,6d1aa8d6874fc66d90c91834baebca73d7eb23720dc1ff93af714439eb9d187a,false
XSS-0212,xss,PayloadBox/html5sec,6c7e0693a235846b84b9d39fa91ea23ac4ba926f563e28e1bff623ef3a866bd7,false
XSS-0213,xss,PayloadBox/html5sec,c38d71f87950c664ca8c2b730835c21e1348fd8728c4fd0f79fa44212f4d33d9,false
XSS-0214,xss,PayloadBox/html5sec,aed5e443aa78af37235c5538f64bc3f967773bb477bd380c6a03231a7ddd0a77,false
XSS-0215,xss,PayloadBox/html5sec,10c57c00d6e0a9d1062128b13551c9fe401d48c9eb3c729d53cb3702c8dc91bc,false
XSS-0216,xss,PayloadBox/html5sec,10837586b5f343dd5b38f8c5be3ace0358654c2060ca68fc6f8af07847aad7c6,false
XSS-0217,xss,PayloadBox/html5sec,a6a317a6dbce8f54e0f410d944dd6b8440b04ee36471218b758d434edb050c7b,false
XSS-0218,xss,PayloadBox/html5sec,e903207cc7eb3d84f06fa30e90a6d0c5cb4e1a3fd9ff26409f399c64e8035a46,false
XSS-0219,xss,PayloadBox/html5sec,e4f6925c7bcaebe63b0f5a93b2010d2317271d047d5de7e08dc0882bf4c69ced,false
XSS-0220,xss,PayloadBox/html5sec,0140683599a4ee060978e23d8f812eaa6f213c73871280a96eedc77565f29e1f,false
XSS-0221,xss,PayloadBox/html5sec,ed96f4942c8f0229d0b02c12b39c222cba48f366545a2d9d6d8714379576f65e,false
XSS-0222,xss,PayloadBox/html5sec,0b7866c39f4d60e5696f2d78fbc138bec194b9a4b700682354c5c27f98976f36,false
XSS-0223,xss,PayloadBox/html5sec,7d806a099a39c546f4857c286654ade12931c148010cee23e4ffa1d2c4fbba93,false
XSS-0224,xss,PayloadBox/html5sec,d141bf6e68d7c9e4ae6222fc8b0478ee72cde7d80e89c1d0af08942430f6dc6a,false
XSS-0225,xss,PayloadBox/html5sec,ace7275796809d0016b56a8038b67a3c1203ec9845392b12f66debfea60cfcf8,false
XSS-0226,xss,PayloadBox/html5sec,f36a203ede2a5435542a2276fa1f8c257f314f6f5edf4707839aeb0b9d37c0d5,false
XSS-0227,xss,PayloadBox/html5sec,4cb89f3a8787bc61606e65796731337e99bad511f2e41f2d8798fc3f7871fb11,false
XSS-0228,xss,PayloadBox/html5sec,c842337fa870a3a8e8aa5a74f3e900d58d6cb5158864476cca4a836c908f560b,false
XSS-0229,xss,PayloadBox/html5sec,3db1a3ffe30a04b475da8fd77c3f88792db0d9e4eaf77af773dc9da647fd2b8f,false
XSS-0230,xss,PayloadBox/html5sec,41a256523cc20db5424b90a90b1d975ee5928d3a082bcf20352ae92a2931b25e,false
XSS-0231,xss,PayloadBox/html5sec,a5a0884ebbf887bd28195d0621f16a1f6bb49bc2ba46ec54eaf8a4ea791b7dbe,false
XSS-0232,xss,PayloadBox/html5sec,79bdf2d413a4ee43e444dc9ebd0255072699e6d76af762c9d3f1f5aa56fffb43,false
XSS-0233,xss,PayloadBox/html5sec,f2ed3d031fd0f88b9b7e5e3a1eab90d13805acea64a47f0867f384708b77cac0,false
XSS-0234,xss,PayloadBox/html5sec,a72eb276f0d9fc547d00a4046e359c20a0b1c52085fb377c2c9593e78645e4f6,false
XSS-0235,xss,PayloadBox/html5sec,c0853900a9961631a1bbc5f9a578808aaeb4e17aff436ac439e2b931f8e43988,false
XSS-0236,xss,PayloadBox/html5sec,19b5d68fae9660bc05112003f5940234f2c68b1eadfe2ce4e8a8beb45cc149cd,false
XSS-0237,xss,PayloadBox/html5sec,606044ea92ed887649fe06ad2439e4e536e14c1448a5f6d8f74386ac032ce056,false
XSS-0238,xss,PayloadBox/html5sec,fce2d92e22ba6108883fe737b3ada1aedac485753ff860b3a6f318a25f63ab7a,false
XSS-0239,xss,PayloadBox/html5sec,3d843f19c6740f3cac8c63d18200bc2efa2dbe2b3cc7b167eacd58a14d25c47a,false
XSS-0240,xss,PayloadBox/html5sec,9aa6fc7c7bb492c905e5f6dd61b2f81e622010fd9ca88f5754a14434c46fd019,false
XSS-0241,xss,PayloadBox/html5sec,ede35e3acab20cecfed5ea90a644c7a9e6f2208d517f5565773c11adc57011aa,false
XSS-0242,xss,PayloadBox/html5sec,7214f10d583ca7797ba342bfa9a77d9381424b202a02a86c4241f38c91fe77ac,false
XSS-0243,xss,PayloadBox/html5sec,b19befdbbcfe3dbacefabfce34a500becea475c71509341296be415884bad171,false
XSS-0244,xss,PayloadBox/html5sec,bca297f860b7e496cb1eab06b7ece99dc78a7e8bb4fc55ad3be77c1454e68f61,false
XSS-0245,xss,PayloadBox/html5sec,5a38e9399e21bce962463bc82036020abed8ba024e86e0cefe463c26cf1a1c2f,false
XSS-0246,xss,PayloadBox/html5sec,028999e27698077e1542f47209a953df44d4a452677ffd8d6625565fbc31c16c,false
XSS-0247,xss,PayloadBox/html5sec,eafc5bc743ad9b428b57679491de301ecf960155a9679039c6a4dfe7ffab5688,false
XSS-0248,xss,PayloadBox/html5sec,ea4309b1c1fb19024cdcc5c6cefc138745766d966b09d701495494a8e8c4e102,false
XSS-0249,xss,PayloadBox/html5sec,69ce5ca5c235e26ce04daac00067be89c91afbf8e7d56bd4d691ae911224007b,false
XSS-0250,xss,PayloadBox/html5sec,ea4f3b3079f9a15d0d29cd56d68d85d42cfa66e2f70dcdc0109c36a69a106176,false
XSS-0251,xss,PayloadBox/html5sec,484079bc436b10eab415be0befe92af244821f516f1b791ef3156cbbf9e4b905,false
XSS-0252,xss,PayloadBox/html5sec,3a6acf4826ee47a8172549b17f3e50185b3b58811a810c8cce162828c74f2127,false
XSS-0253,xss,PayloadBox/html5sec,a28e5ab821e3aac042f283a19a6e2592952f5a7154bfa492b7d8df0d97eff214,false
XSS-0254,xss,PayloadBox/html5sec,e0698008994aeaf6adc3bdf285243854c31cde54fac862c306704db64d5e4b9b,false
XSS-0255,xss,PayloadBox/html5sec,0cda727484216d2114185a7c42548c28e4596e1e3d2dab58694f778b01aad063,false
XSS-0256,xss,PayloadBox/html5sec,e21d013cb7fc8bf50b6e53b8f96b1d17ab5504206bec33d956a732a3c2b85415,false
XSS-0257,xss,PayloadBox/html5sec,0792b94a0553414a5832c96650c359addc9cc9afb1246de8f38beab0d223b8d3,false
XSS-0258,xss,PayloadBox/html5sec,4caf324c429fe2c1e072043179322dc06d53cc2add2de98cba71df52e2aa9a4a,false
XSS-0259,xss,PayloadBox/html5sec,639901e5e54aa15e7f500d5c24c88c24b564309ba533b9e78e43c1485d0a1599,false
XSS-0260,xss,PayloadBox/html5sec,6071fd1723f01bdf71ded46cb8b4c55485b7a1b0aeb0dcf7aff1dace8fa5c64b,false
XSS-0261,xss,PayloadBox/html5sec,f0c0732b06e143ab45a4cef2fc3be7c543e53a9a6e927302c519d097c78b18fd,false
XSS-0262,xss,PayloadBox/html5sec,db98360dfab931da0d7d3552efa56ac8e7d51471f5b07452bec7978eb3e9e333,false
XSS-0263,xss,PayloadBox/html5sec,0b7edc4348cb500ec7d1e56f96bfb79d9dbabbb32ef98dc78da0a9b1481f73b1,false
XSS-0264,xss,PayloadBox/html5sec,df2b2b7d462dd28f562e73dea0cc4af37e475d7929189ec8e6e1c50e1c2b2076,false
XSS-0265,xss,PayloadBox/html5sec,b96048c5a54334686b93e463db754531f679423082fdeaf9784ac854cfa1b099,false
XSS-0266,xss,PayloadBox/html5sec,f3f43d287144e1f03332d4bb63d7b05eae7380b8ba5455dbe23d9ba577b84714,false
XSS-0267,xss,PayloadBox/html5sec,ed2ff4624ef8924421232491e9f0c2ca9f2767f4df0048bbbcb76916998b136b,false
XSS-0268,xss,PayloadBox/html5sec,c5efdb16c2c52f14341ad69f97a1c42e0e00228edfe25575b6bcb5e48c794df0,false
XSS-0269,xss,PayloadBox/html5sec,ea57f59cc10ec600cb219d7736dccd61028cd5ca59f2f93660dd71ecbd6411ee,false
XSS-0270,xss,PayloadBox/html5sec,ac209a7b33ae29e314c8b6058a6578beeb2810f3d573c416b751c912ba7fc792,false
XSS-0271,xss,PayloadBox/html5sec,a5d231cbebc362ef1fc449cbce4a73353da44be8930c4dcc86fab217bbf56586,false
XSS-0272,xss,PayloadBox/html5sec,8711c20783811e49940f07fe22aa7ee8e64cec45b7ab4e29c6c54f31de8d6cd7,false
XSS-0273,xss,PayloadBox/html5sec,6c20043f4bb26f72cc18c2cd2a9f5b65dd6456abe8e30d431478b306e1a9df06,false
XSS-0274,xss,PayloadBox/html5sec,6aacf7046c6db95b685a1d580c56f1ca2ae062b4e33184b37245af57a8ade4aa,false
XSS-0275,xss,PayloadBox/html5sec,6d8bec5defa96840e673df44579a85221cd2bf49ff6f269cbe837f3e459f84ec,false
XSS-0276,xss,PayloadBox/html5sec,fc904237704c0e57c48ffd333e55d4960cec100c4337e77ee2ea947680d5e1b4,false
XSS-0277,xss,PayloadBox/html5sec,a0190bdac8330a74c40d6cc15a059061cd86130f0b2c203ab3ec71cc5b5ea4e9,false
XSS-0278,xss,PayloadBox/html5sec,f1accc6d1640dc7885afe9f4d641c1c1d099b72e8c364fb5e7798ead55881afa,false
XSS-0279,xss,PayloadBox/html5sec,f58403bd9c3df3e35a66596259c9932df8050579c7448f3a2341d4014087c089,false
XSS-0280,xss,PayloadBox/html5sec,e5e892d2b8082f699817acc8ec8250418aed0d3df7d93095179ecb3cbab8b0d4,false
XSS-0281,xss,PayloadBox/html5sec,c4a0b9da2d45f977ad33d1d718a70d67333d5ea6190ac523e8212c40246cefe8,false
XSS-0282,xss,PayloadBox/html5sec,434ec4ecf26ecabe0c84dbb67a0ceb78644a59efd060f30c623d5b49b8223614,false
XSS-0283,xss,PayloadBox/html5sec,ee46383b9db01852a22dea5c3a6b9c8a817e6dd8d1b6beb2c00965d8838d0a63,false
XSS-0284,xss,PayloadBox/html5sec,892df75f9e49aa3e95688a864a80e4d7a1dea43bb69ed53106f57cd3c38c85bb,false
XSS-0285,xss,PayloadBox/html5sec,18debd1652f8140d00ac57ad77d541815965367e8a6962a798ecf8b7d5870867,false
XSS-0286,xss,PayloadBox/html5sec,b7637eee4dcd57c69ef40ba6331662e32a16376e71415d2a6a387853e9d120d6,false
XSS-0287,xss,PayloadBox/html5sec,d47c0f169e23483dedec51ea5c9c6609da3523913cbf58f06a4403f094918fef,false
XSS-0288,xss,PayloadBox/html5sec,9b04e432c9772063b4d6367f1cff37a478062ede20caa29aea428cef178593d7,false
XSS-0289,xss,PayloadBox/html5sec,dd2344e3a0c673eac634e57413b3693bd1965fe2c493855f456b963d67a08e8c,false
XSS-0290,xss,PayloadBox/html5sec,c4649265c6ae91962f3e4664afdf363fbe1926f9ae3413d415fe804712f09d86,false
XSS-0291,xss,PayloadBox/html5sec,43d8a2ffe61bae898eebfc3aa1c621fbec26a93e3175f8fd1ddb7814158b9d01,false
XSS-0292,xss,PayloadBox/html5sec,ad43c7fee8b15a1918f1bc4489b507c18c0695663dc8d75fb2ad3a934b725217,false
XSS-0293,xss,PayloadBox/html5sec,956e4702cf45d3bbc1ff269372be6c9b0586e4c2fdd6fe9357e6ab6251cd4d2c,false
XSS-0294,xss,PayloadBox/html5sec,71ef1c21b1a2413a3c53808b1e54f75c0c6abbcf29addce626becb56410a78e5,false
XSS-0295,xss,PayloadBox/html5sec,e626fed21c456dbc335eaf0a4e3fe48d8421c5185f04bf7d51d62826e56ecf62,false
XSS-0296,xss,PayloadBox/html5sec,b5766a07aec91eaf246a66f1b0a704d55bb8eb0dd331444a1e93a19183958da0,false
XSS-0297,xss,PayloadBox/html5sec,5a43f8a0cc8ac2061ebf62d8cf047cf2abc7854c47b03085466495ebf8694ef7,false
XSS-0298,xss,PayloadBox/html5sec,a4c95a0a174363c3f17aae694f47d8f0346321fd209f98bdba070f3da5c7cd03,false
XSS-0299,xss,PayloadBox/html5sec,eaa9ab80bad2c67ebb34970e62e458e847cdfc80be1186bda87d4c9942577424,false
XSS-0300,xss,PayloadBox/html5sec,72d91b3e4496dc0c5a9fef2072acfaf84f911c79550faf03891a27086d5f71b4,false
XSS-0301,xss,PayloadBox/html5sec,8ffbff63b9ac7665c72fb03ec52c96c192059d990f6d50846644ff4b2be40143,false
XSS-0302,xss,PayloadBox/html5sec,80a3adcb9d7d0b371ad0ffa57549c21fb992e352680f0e0ca305b7f6c8260554,false
XSS-0303,xss,PayloadBox/html5sec,06509cc305dc885fc02c77f037efdb9a5fbed7ffe94f3f5420caa20e31be5b0d,false
XSS-0304,xss,PayloadBox/html5sec,f595ccfdb4e971334b8ed3a5e0c5a7f56100479b1870e7ca729cf808b5d1638e,false
XSS-0305,xss,PayloadBox/html5sec,916d4826d5a5cd5cb8af381374aca6bc22f3db48d028b00139d6e72920ca419b,false
XSS-0306,xss,PayloadBox/html5sec,bc1b001f0560d59adc285c93f570b5d0bde429d33c9bb4be0538d65f9ec9c1b1,false
XSS-0307,xss,PayloadBox/html5sec,85f6bc8c9981bd05eea1b8b7b3a12b51604e7e2398d3d36b6bd827e7ee26fb98,false
XSS-0308,xss,PayloadBox/html5sec,b0229602de7c5a5d27cd53d6b3971b66fad679c007860c945e76fb4f8bae841e,false
XSS-0309,xss,PayloadBox/html5sec,e1fdca4a32d056c43b7e8d276f985de210070690477567f1d5f305cb4490ab57,false
XSS-0310,xss,PayloadBox/html5sec,22762b93177c45f9f5c7b552ed8aec42a9c68b22571aa727ea2ec53fee2f6fd5,false
XSS-0311,xss,PayloadBox/html5sec,6489c5128ffdacfde63f7f6da0d6f0a3225e9ddaef0d36f1596b63a09d47d239,false
XSS-0312,xss,PayloadBox/html5sec,7372e33ba7a96467c0c3096c618f771f1c549442bfa55d7cec9ca302791f7310,false
XSS-0313,xss,PayloadBox/html5sec,528b8a05ab0c738f57ec288a83cba42fbe43a48efc5a8397df51251c77296d37,false
XSS-0314,xss,PayloadBox/html5sec,1a9a4c5fff64a7def7111b666834fba3967f78f016e2de8592ace6e5e1ce8a04,false
XSS-0315,xss,PayloadBox/html5sec,67595f1ee08388163f7a23ef2636e30c030904370721f65d84a1d8ab34f5cf60,false
XSS-0316,xss,PayloadBox/html5sec,e743de15d42fc778e72f7957c14dd1453ce84dfcdd0ff253b3eec733fe492752,false
XSS-0317,xss,PayloadBox/html5sec,8b19da6eb76adad047e4b624b4b3c098e29c91cef91ad93ca1df380692692825,false
XSS-0318,xss,PayloadBox/html5sec,541945cb38d7f84f662d3eeb27f79b82796b41f6ab1a6c515f5f93d533f59026,false
XSS-0319,xss,PayloadBox/html5sec,ddc32147bf2c92f3bd51a330843fb279201ab7e3d30386c3fa8b8e378cce5374,false
XSS-0320,xss,PayloadBox/html5sec,d5c4ffa44532d58124b1c30b795e2bec8965f29f7758647a176f1fc076425120,false
XSS-0321,xss,PayloadBox/html5sec,4bfa05366b20a40a16668347ee9c29611a54f70ccebbc14684b21a2b7997ae3b,false
XSS-0322,xss,PayloadBox/html5sec,fbef75c3702f1bbfd3f2697c72635963fe9578f87201bf05cb9dc92a1eeed874,false
XSS-0323,xss,PayloadBox/html5sec,37a46d3b39b840215a29a45e7b0935ca53144b552c4871ee0b4f15a26d71eeb0,false
XSS-0324,xss,PayloadBox/html5sec,48d48aa32b80bbf5fada7c4ba724f26410a1545408b006e4967e6d2998bad3f7,false
XSS-0325,xss,PayloadBox/html5sec,8bcd440b774ad0eb9ecc68e03099513aa6a70e73be8bb07ba002acd447acb081,false
XSS-0326,xss,PayloadBox/html5sec,d49037b8a5ff75a1ff91731c711e0e5381f4efa7904dcf3f2e2d819b32797c3f,false
XSS-0327,xss,PayloadBox/html5sec,cd1f66eb375f12c70c2d91be46ba48df331971beb5e969d5181ab339f834c1bc,false
XSS-0328,xss,PayloadBox/html5sec,f636af7ad08eefd56cd118cf6efcffc5a2a24ec4048d12d6cfa6ca26b5dc7630,false
XSS-0329,xss,PayloadBox/html5sec,37f5adca45509ff2d4d8211e2da399d11e485e6d1f001440748a9af3652786ca,false
XSS-0330,xss,PayloadBox/html5sec,c75fe1a8b35aa48800ca7a83c5c18f312a9231a3d3c630a26862d0b43b5a4468,false
XSS-0331,xss,PayloadBox/html5sec,6ee0e1ab37a39d360236fb4d78b8d4f4203774446a842788abe15ca7de3641c7,false
XSS-0332,xss,PayloadBox/html5sec,ea7388c2586062a2e15f1085133a2b9f8e95677ae59dbb0b9863d7d3dcd006d3,false
XSS-0333,xss,PayloadBox/html5sec,f744c781a6e0f36388e2b55f88d8d21a5c13dbb60fc2dd4155aa033c2dc94803,false
XSS-0334,xss,PayloadBox/html5sec,8690f8aa7c2149f4f2d586239271086120539edc3550e2900bed4fe599f27077,false
XSS-0335,xss,PayloadBox/html5sec,72a218a5558ce0bf7c5b804fc869f6c3f15e2a185b043379f7de5c4e25df2d43,false
XSS-0336,xss,PayloadBox/html5sec,0f1e1652f1442146f2912392406e67acfa0f98e7bdb6525f588d34380e6f1532,false
XSS-0337,xss,PayloadBox/html5sec,5c6250ff6d85e54b3b137ec4f34c852e5b3cdd7fa4d0bf306802e66deb2ae74a,false
XSS-0338,xss,PayloadBox/html5sec,5dd3041b3024175bdd7abb074aeebe3bad1b3b4307945fc6e535c40589ddebee,false
XSS-0339,xss,PayloadBox/html5sec,d1675e0e445dad5a5eb76c96cc7648b14be99caba72ab3ed5e37b82ab01d8d85,false
XSS-0340,xss,PayloadBox/html5sec,565bc3f614db9b9f622b1523eaf943ef338f0658e594ec0ec901c1e3d88dde56,false
XSS-0341,xss,PayloadBox/html5sec,d6cce66ac29e3d92645a9a101f6df5c78c12bbc5a0d0920b55f1bf40ecc404df,false
XSS-0342,xss,PayloadBox/html5sec,d362324e1beee536256547dd53122000c2e453af2beb4d41ecf0b8be5384909d,false
XSS-0343,xss,PayloadBox/html5sec,d570658e9325db0d64efe58c2d6297454302e71309415001f688f65eb08dfb51,false
XSS-0344,xss,PayloadBox/html5sec,a7e28ba76d9013c4f84bafbb3632baef05965834fa52accda3ab33594a7e20dc,false
XSS-0345,xss,PayloadBox/html5sec,fce6c9d2149f6b12531898a1e3342a07c5a326bf3c454a0b32174d88c201c3ad,false
XSS-0346,xss,PayloadBox/html5sec,d1a31305f36f5c73200f9694decbc6ce9257227b7348c34d85904607128a8cef,false
XSS-0347,xss,PayloadBox/html5sec,11f618df7b30c3a94100ff0f3c8be1ad87659890983a5b10cd4f9fabf8d68528,false
XSS-0348,xss,PayloadBox/html5sec,8ee22a5706626b942e90425216b5186889bd6401141d4d7c2880fc1a4264a4da,false
XSS-0349,xss,PayloadBox/html5sec,335ad9c3593e3e0f3e9bacfd8db4a66288c728dc44b7aa531fcb54359beea252,false
XSS-0350,xss,PayloadBox/html5sec,07871143c58a78840b4a1e7acdad6d8ea9c00e5a9f25015aeb5c05655dc3beda,false
XSS-0351,xss,PayloadBox/html5sec,58662021d20baaa7cbe73cd2ca5d294e23fe1e183f41d9992836622258fffa68,false
XSS-0352,xss,PayloadBox/html5sec,e22d46477fe26e06211c29359540f6b2530f3f0eecfd4ba241c036cc1e991668,false
XSS-0353,xss,PayloadBox/html5sec,88276be2a0ee545cf96a010448740011947a76d54f03781d65ad118552a36f9c,false
XSS-0354,xss,PayloadBox/html5sec,27a1f6196996460a1219653b9f44d4b603b2d6788a11279f769d5cdcf37410e9,false
XSS-0355,xss,PayloadBox/html5sec,ef5fd0e214f250178ad2ad1d61a0edf8317541dc9eb9137f0bd43f8a7096273e,false
XSS-0356,xss,PayloadBox/html5sec,6b46aecbeb82fed0ef827f7c729fec78b0896cc2b730e12f57144e61a49bdbd2,false
XSS-0357,xss,PayloadBox/html5sec,e9bfb9b6c23c23b0114ed55bd07fabfce93f6f59a4cc050e34623c987f90b735,false
XSS-0358,xss,PayloadBox/html5sec,46ae4a36b9fafdcbc310f417e3f5de318193d1b05c49a732911e7267eb5d8daa,false
XSS-0359,xss,PayloadBox/html5sec,985c969ca119b2362b5ad50f42b41d7797aa3b2695f3433954fd3ff66cfb8225,false
XSS-0360,xss,PayloadBox/html5sec,2ba2fd161de3e3b992946b2fed8316206631d9e5e826eb206a145f87614ede50,false
XSS-0361,xss,PayloadBox/html5sec,3e1f1c67b766703995474d6326b7608400dddbf64690559e94dc3ebcc0cc94e4,false
XSS-0362,xss,PayloadBox/html5sec,ec86026ef604cf47aa99bfdbd2cf927dd06d7cba8472f908d85dd1f814c16bfe,false
XSS-0363,xss,PayloadBox/html5sec,131db86cb16c7b08a2689fe948604fb457b6165e7bd2d69ee4723c5a226822f9,false
XSS-0364,xss,PayloadBox/html5sec,cc58bd5c3e0d9d03e13fac1a6bf371338579fab35f81471f0514d9675a739a4d,false
XSS-0365,xss,PayloadBox/html5sec,9faedfb5777b70c67304518cb2069e2af5951acd629d434b639470fce85d0b66,false
XSS-0366,xss,PayloadBox/html5sec,416cec6df5c44be7dac18ae0771eb64b25b3452879536504332fac69c1badf09,false
XSS-0367,xss,PayloadBox/html5sec,45899f26f16ee806c83a2317fe39c1b96c8c5a001b0896aa96fa1b3b9ec9b57f,false
XSS-0368,xss,PayloadBox/html5sec,111d2e2bf65d2eece5934a945a20cb0fc0f7ed546b534a4958c27f6dd11c7a45,false
XSS-0369,xss,PayloadBox/html5sec,0f6c9cdcfefe029bc7367b7a169eec91667a4cad9672c75e05104794de538927,false
XSS-0370,xss,PayloadBox/html5sec,0f680f4fa8b76cb071ef6b7a3fbf32643795e959e07941bcb63dc87b8d3e8261,false
XSS-0371,xss,PayloadBox/html5sec,8c41f9f1af28c463c28c2ade4cc9e6a0d8dd03b320b01a1b89c08a43ab1b20f6,false
XSS-0372,xss,PayloadBox/html5sec,194b351aae4782bbbe4953cb2f30362c0c0042905aeb14d6d2570e28c85a9694,false
XSS-0373,xss,PayloadBox/html5sec,5e7a6f1f8771ade7c3ca871fa85feb5463f8dc637068362a5be8a8a0f5cafaba,false
XSS-0374,xss,PayloadBox/html5sec,2f88121927f4ee69d69fc32c45f9d3125bc382d39c050893048888a6cc73b220,false
XSS-0375,xss,PayloadBox/html5sec,e1ebb6467c7c1f1d95e1063a82d493d83a096fa48fbdb86b0487fbcf219b9839,false
XSS-0376,xss,PayloadBox/html5sec,046cf7327866be388fec4dac24a3c9b75f386af504c2f73f8bdf26a15fe2ba68,false
XSS-0377,xss,PayloadBox/html5sec,79f4aab89788e0881f9306f4b8021051bf95c39f648a225cf0fff676658375f9,false
XSS-0378,xss,PayloadBox/html5sec,635d80804e9c5ec394c8609652ea0a1b05ef70cac2eb540dbd4448337600412f,false
XSS-0379,xss,PayloadBox/html5sec,4dc5e05ebd9a4ea69b3a069a52c3c43a71e8712fdb4c61d0cbfc3329a675c622,false
XSS-0380,xss,PayloadBox/html5sec,cb3bf9f171504a6542f7050e2798b7c3bcb9952b4f82ffbacdeadb8ee6f55589,false
XSS-0381,xss,PayloadBox/html5sec,29b4179861d2bbb2da3d18e338c6ea4af9bad86849544ebcf6e1df47facdf1df,false
XSS-0382,xss,PayloadBox/html5sec,bbcc6814e74cce6239224dcfdd8dec84c422641602eb22bc61fbb27a3bdf2a51,false
XSS-0383,xss,PayloadBox/html5sec,b10b4ddbbb21f0af3d4fa3a641fc2b73c17a9f2ff00e83befba8897877d03339,false
XSS-0384,xss,PayloadBox/html5sec,d9ff84489aad61a28165059ff7046f03f11d5b6502a8e65d1af7b07b2d9813f9,false
XSS-0385,xss,PayloadBox/html5sec,5fc2d77bb1defd4d0842e1cd7e76a5707c5f28c4d82bba3a31ffebc1741913a7,false
XSS-0386,xss,PayloadBox/html5sec,0c94f37924181b9bb1376ca9cccb038e2fc93a04e5a93f5699fe9da9bef6d661,false
XSS-0387,xss,PayloadBox/html5sec,1dcd0033b03427b5bb33ce3b368f355c1cff7c714822acdd60106913f4b0cc45,false
XSS-0388,xss,PayloadBox/html5sec,efe6bb52b618aafe73e9554e57bdaee7f6d5aa9beb48940c50a37e650d847e44,false
XSS-0389,xss,PayloadBox/html5sec,d786d7209c1c177a4112d499365ac701dda310d92cfb97d6d4235467fc3a6b66,false
XSS-0390,xss,PayloadBox/html5sec,4c943202a7d9be62bf055651859d4de02fa4df0fc156e9cab03bc42ccab04741,false
XSS-0391,xss,PayloadBox/html5sec,d9cc3cef6d759abf081cc53742c981511915b3424f92f92a777e56aefd6891ed,false
XSS-0392,xss,PayloadBox/html5sec,6f1f3bdfa86622c1dff82d15ba948f1bf20a03aea598e7791a2769dae4c12393,false
XSS-0393,xss,PayloadBox/html5sec,39505fe40980dea1ff03608ba3349a11de5a38fd8786c4c55f487edc8a7137fe,false
XSS-0394,xss,PayloadBox/html5sec,a4d84b9a270d5b0c76a60833a20422c2d5f721c830988a4cb43e8bcd438099ed,false
XSS-0395,xss,PayloadBox/html5sec,e0cf6b487381265844069e7d9860230f82fe8835a4f501b1c90033ee50a2960d,false
XSS-0396,xss,PayloadBox/html5sec,8b8958bf86815bc324c62fb38762275d264073be08ae23ac22bc4564f161599f,false
XSS-0397,xss,PayloadBox/html5sec,a9f4e267960ca36a308d2aa7114538732c2cb8688d1b10e2bda6bee49096ebef,false
XSS-0398,xss,PayloadBox/html5sec,53ef99a70b040af63e84d1ecb87b14f38101b7efa5f1d3dad1ecbe54d6e13b71,false
XSS-0399,xss,PayloadBox/html5sec,68fef9de0dc9de05f03b058a721a991f23a3dfe50cc0477a222b1433988969d1,false
XSS-0400,xss,PayloadBox/html5sec,366d2e4a281a7467238f513959f5e8473d7dbc44b597f85c38305b82a64bb645,false
XSS-0401,xss,PayloadBox/html5sec,25442632b9eb2d261cc578d16a566b773ecfe692e04997f4c05883a39c3bcb04,false
XSS-0402,xss,PayloadBox/html5sec,63685236a0924ecb85e5416052be7bd96b6bdfa0ec4f53710011cbdde4075ed9,false
XSS-0403,xss,PayloadBox/html5sec,8f706ec41e88d95087609ed4e54b6346d6f63b440cf6594b0dcdb0c30f7dd36f,false
XSS-0404,xss,PayloadBox/html5sec,ac4a36dc1927999a72fcc48ad40e84b6a1e474db1f0b8b9468ad91dcdf3a26d4,false
XSS-0405,xss,PayloadBox/html5sec,b26104f5d98da69eeabd41634b1bd1213bb411f3db73eff05902bb2e996b50cb,false
XSS-0406,xss,PayloadBox/html5sec,c2a4ae795c05b1b405724b5b32044423e4d941b4731c1e711974a245085eb297,false
XSS-0407,xss,PayloadBox/html5sec,542c554033e1c4cfdaeb80f5fab2c94a8e9a1f4c5ddbad443ead1a2d1e441d00,false
XSS-0408,xss,PayloadBox/html5sec,564b323705eacbbdf30aa1716eee5555761f7b636e2c0810261d2da51ad17d3e,false
XSS-0409,xss,PayloadBox/html5sec,c6bce1ce9c7c13c92b5ea8fd065c3cfb141b56b2916f8f109301f30243deffbd,false
XSS-0410,xss,PayloadBox/html5sec,ed8160b7aec5014214bdb0ed30094049ac207d4895be8e071cd190ec0294eb4f,false
XSS-0411,xss,PayloadBox/html5sec,d37799002237443b53f2135bdf563c7305d53c2082c5092a6f9d4a42602d6363,false
XSS-0412,xss,PayloadBox/html5sec,066137f9a8abbfaba36ad51eb62e46135f8e4636d26909c8f89a27874a3ef45a,false
XSS-0413,xss,PayloadBox/html5sec,71c2092c6530d30a76954d1fc8ca8b705fabdc293ebdaf30f351add0067e52ab,false
XSS-0414,xss,PayloadBox/html5sec,fe48cdef39435f8dcbf7a91f410f29df83bc554d31e588c0b091030a5cea0f54,false
XSS-0415,xss,PayloadBox/html5sec,48838594d69446ed88e88e1427cb4e348e1f84ea06113f98d37a3955ce7f9c67,false
XSS-0416,xss,PayloadBox/html5sec,d4e13aed7b9283fd76fd4148a6933885761cc623de8bdd6becc06f6f420a25ac,false
XSS-0417,xss,PayloadBox/html5sec,edc16141ec1c85e92ff4737047cb317675facd5e4117cff256a69cf006130a64,false
XSS-0418,xss,PayloadBox/html5sec,ce3cf6320b1b4751fc25542507e0cc9f92e577beabf0e069e49e8484af8d2b37,false
XSS-0419,xss,PayloadBox/html5sec,578501bfc151c7551769aff7ef3072daead73da738e473156be0747ba221d346,false
XSS-0420,xss,PayloadBox/html5sec,981c8549ec9a16206760eb8a2567a889f0d07a628778af4898db007b4d51868f,false
XSS-0421,xss,PayloadBox/html5sec,c3cb92b52d5521a16bdc6f9928b083ce1ff95692db53df5e50229af7352bf011,false
XSS-0422,xss,PayloadBox/html5sec,f1eacb17d48504461171a80c5f9018ec80bc09a620bffddb5ed111a7d707750a,false
XSS-0423,xss,PayloadBox/html5sec,0cd798d33072a5716e64a17493ed6a0cdace96338701b4bd07a083ceedf6d56a,false
XSS-0424,xss,PayloadBox/html5sec,4f6b645a86192afdbbf011b8877683394688b00c5fa65b5f6c9f1becb2b0b52f,false
XSS-0425,xss,PayloadBox/html5sec,82d4495e8ec95abf268742dc3d795f1f25142ec400ba2bbc1a6ea92be5121fc0,false
XSS-0426,xss,PayloadBox/html5sec,07ef30582815ab2eaba0f61d20ef3336881c8998ffe3c6bffe8f8537c33deb8d,false
XSS-0427,xss,PayloadBox/html5sec,a99b4736e28e8ba0c6fad688c14ef4dbfcbb90ed1c54b31648f86b890c698625,false
XSS-0428,xss,PayloadBox/html5sec,a4d56f8690a519b94c6cf13c5c98fda6c9e2615c1fc44a9d9ef2646a86c8ff37,false
XSS-0429,xss,PayloadBox/html5sec,a077a4a3cd8fc486df05f220242baa8ed34f532c7b87a8262333d3904a8a6187,false
XSS-0430,xss,PayloadBox/html5sec,1bf74e250fe380c2894237434e26fc3acf505ca17b3074b70d6e68a1860029f6,false
XSS-0431,xss,PayloadBox/html5sec,37e6450a180f26fd1bea5c60cc9e98799832dc722eebc4c2ca9d005649743d29,false
XSS-0432,xss,PayloadBox/html5sec,5d8484a1681a2de66a3eb07163ae7db5109d96ff99334f86c021c291ec7eb8d6,false
XSS-0433,xss,PayloadBox/html5sec,8541e7cfcc768b14a28235d2129eccf7aaa6e1de6d6bf23098cb33cca131f1a3,false
XSS-0434,xss,PayloadBox/html5sec,d8a96acf5efc53ba8c21bfdd5051381bf934db6a0b7fd1d8915c9044436c494e,false
XSS-0435,xss,PayloadBox/html5sec,0fe1f32cb1dd570719302a87f83cb89a590ea223d73896054ec89cff0dafbced,false
XSS-0436,xss,PayloadBox/html5sec,4e914c7a78dce0aaebad554e061c087aacf7226e1be8487e79e8822d83c5457b,false
XSS-0437,xss,PayloadBox/html5sec,03e9dfb17d004b4e8a8110a004daab905174195d5c8774443fb1a21bc2bd198a,false
XSS-0438,xss,PayloadBox/html5sec,6c95023a8a0ce9ee4b184b9ae3463570e2c91684d1d9e48c3623807543f597f0,false
XSS-0439,xss,PayloadBox/html5sec,e30219f26de9fa5c3630a0cd535e7c90ece62fcee90861dc93e6ab00867d7168,false
XSS-0440,xss,PayloadBox/html5sec,4ea945982a89c7566a06a8118b9bf7f442c3d1523a18dd953a723b8a986cf51c,false
XSS-0441,xss,PayloadBox/html5sec,0308ca73f93f1ea70dfb9c125f060931c35fb2042d79a439d2808a7c930afe96,false
XSS-0442,xss,PayloadBox/html5sec,76eaa6d623ca89bb5df2f0b327513c8808301cd4988fb37429c2da19dbd93ee0,false
XSS-0443,xss,PayloadBox/html5sec,b0fc6313918fb74cc2dd494873707a4b9e7648a0cb21ba480c9008419f3f5100,false
XSS-0444,xss,PayloadBox/html5sec,acd3be8c4dae990c879d1574b97d7cbcf18500fd1cda88305e50573907b7f713,false
XSS-0445,xss,PayloadBox/html5sec,519f6a7fa83a65e47e0113521ff969d628703ecc9b500743137826485f5920fe,false
XSS-0446,xss,PayloadBox/html5sec,533f1d8369ab5577bbda935d4248e888bc61732482f8de52719244aca7e30e24,false
XSS-0447,xss,PayloadBox/html5sec,cbe20c2d07851b669c89c89df19e9f8445d1e306268aa77836651b64b0284f28,false
XSS-0448,xss,PayloadBox/html5sec,14decc6af084a3eb40d0ef3bc593c7d51fe01c7695cd11af80b61e5160177af5,false
XSS-0449,xss,PayloadBox/html5sec,51d376a2a3c983e00e7d4eef3cb1401e3d31101221565e2141b6010cefab1dc9,false
XSS-0450,xss,PayloadBox/html5sec,a680aafb5ecd6af4ba8e99e6d2f737f44242300cefb62c699adb566e210545f5,false
XSS-0451,xss,PayloadBox/html5sec,1eefac6332a90467f9733d6fd807a0bcc7c3306c71994c6bb2cea707084aff1f,false
XSS-0452,xss,PayloadBox/html5sec,8a8a29bdcb4d9116796a1f4ac59f5f6366a46d8cd3e8e70c23369f20d96ee631,false
XSS-0453,xss,PayloadBox/html5sec,6fddcfa1254c2250240e29ffad5b5ece49e9fdb7648bcd26381248c7b9588967,false
XSS-0454,xss,PayloadBox/html5sec,f9e67c88086e4293ff27a36923ecb616113e7e3fd63d3078056e0d961d35e6df,false
XSS-0455,xss,PayloadBox/html5sec,9d898f662d3f47a0bee22cf640b2c73c9221387a613da38b4c98d01c51c5d696,false
XSS-0456,xss,PayloadBox/html5sec,3f4df6a10a7ef1a1db9b145432353762fddd59deed8d690f154f677acf01265a,false
XSS-0457,xss,PayloadBox/html5sec,4c6f9d562814ba672a3e66e48860fd271407df35534fb4835feecaba0daebdba,false
XSS-0458,xss,PayloadBox/html5sec,37df9ff3e1b2f849056e4e1eb29b058c5667ffcfaf54d0fe97e84da1aa3dd0c6,false
XSS-0459,xss,PayloadBox/html5sec,90e40326825e1efe087986759e25cfe27ac91b07cbf33150e747b5d0f28061ae,false
XSS-0460,xss,PayloadBox/html5sec,940bc135bc7b67f52f306f3f8c67bcb1a5b3c438b65f8bab7e0fc22716db3c61,false
XSS-0461,xss,PayloadBox/html5sec,f68fd2b29560abb81b5768a21512559783ccd08a5ecdec40e8f53a57c2e2607e,false
XSS-0462,xss,PayloadBox/html5sec,b96414cd116211e6b14404962c91cc64651c2bd284d2b88f173dda2f652af67e,false
XSS-0463,xss,PayloadBox/html5sec,59b2d3318725f01f29547a39804714bbf4e40b36f89b92c943ed01582d10244f,false
XSS-0464,xss,PayloadBox/html5sec,927aad6a42d9a713b5847c20109edc04b125ff007e6f25fa4da7457b45dbb239,false
XSS-0465,xss,PayloadBox/html5sec,40afa494caace918c5b064e1c96c5a3e86c86596f03e0a47fe8b3087011232d6,false
XSS-0466,xss,PayloadBox/html5sec,c02b27fcca3d6b74213c32379884f335c927b93ad46fbc30d43de7a7160f2118,false
XSS-0467,xss,PayloadBox/html5sec,268553467d236beea71841b71e548bd98f824dd8839389a88e0c656b8f3171b8,false
XSS-0468,xss,PayloadBox/html5sec,e32298cf096d52b7afc7bb1e644c02d53756d87f7127343d5242954c6532aaf5,false
XSS-0469,xss,PayloadBox/html5sec,51e152f6dcca45b7362272113ee041ccb1d2b12bf4496e5fbd8ac708022a7cac,false
XSS-0470,xss,PayloadBox/html5sec,32458cbdbd0d0cb1066ad2ebcd4b7e1b0bec1f339167e29ad9e9904a8f4c6d80,false
XSS-0471,xss,PayloadBox/html5sec,5157a4450ce5e02ddd87ec5a9d5292c114c5605cee4bb647933b60b11c6229ef,false
XSS-0472,xss,PayloadBox/html5sec,b44d50305aee38d0a3924d50100a52e5e14e7c03abf45abcf1e547d7ea145ba0,false
XSS-0473,xss,PayloadBox/html5sec,b14128c79356135522a6ec6eabcb73ea7cea506bf8d94ff0b9fb0ba3ef65f4ca,false
XSS-0474,xss,PayloadBox/html5sec,c6dea8792e3abafc83169492195c51ed9d43cc1795d80ea271740fc28320d1fb,false
XSS-0475,xss,PayloadBox/html5sec,a6fc5850684430548ee7312a54059d6c6c84331897d8c8e4ee9f6ae8cb43366b,false
XSS-0476,xss,PayloadBox/html5sec,6f36c9bb160b86e0e710caf97d9115aa68122e80e2cc85e9793fabdbc40d4ad2,false
XSS-0477,xss,PayloadBox/html5sec,cdfc822b198e5ee1f63064a480273da8fcfbfc7f4951c172310bfec694f4f6f1,false
XSS-0478,xss,PayloadBox/html5sec,64cd734b34fac7e799faa0488612347dbf5e2c349d15fed78b9fa3bbb92e3a05,false
XSS-0479,xss,PayloadBox/html5sec,8a47bbc472817e50cbb3922f8f51bb90bbb1193c2c3143013932c36329a4e6c2,false
XSS-0480,xss,PayloadBox/html5sec,476fcd2667b163af357b6ee0ccc8309f2b5755f6dae2a90cdfe496d25f06ae0c,false
XSS-0481,xss,PayloadBox/html5sec,991ac75601490a00b447f283362444fff34367253c93dec43839e8e64b103686,false
XSS-0482,xss,PayloadBox/html5sec,4d695d38506977e3d704d47b999e7f3bd320779158f0d0ede518623e8aaf9757,false
XSS-0483,xss,PayloadBox/html5sec,379827bf4fad32d83816e16b669cd527ab5b5a922404a7346211bf3eb921ab63,false
XSS-0484,xss,PayloadBox/html5sec,a7ddd1619fe2b8b781b48dc19741493e306ca178e726c657e438ac1b68beb47d,false
XSS-0485,xss,PayloadBox/html5sec,daaefc877787ac0e2d1522cb57707152e62d6620d81019f4f3563295a6a6b52a,false
XSS-0486,xss,PayloadBox/html5sec,f5efeeffcb35eb99799713d31feff25fbd239bbc1022180e1db0ad471180d6a3,false
XSS-0487,xss,PayloadBox/html5sec,55d85df9ef91b3247e38efc4b560256d25c0036b1f310b46fe00a27934826caa,false
XSS-0488,xss,PayloadBox/html5sec,bd1689c3a40180ca18157486e2e7a0bc15fae8df3d14410ff5d05df0f8fae389,false
XSS-0489,xss,PayloadBox/html5sec,0ab96190da6bdb0e116f909c33d54f919b9ed461519a2cf73803c6a926082777,false
XSS-0490,xss,PayloadBox/html5sec,db407d8ad23f1386b821a6a39d73e25fcb2e3bfd13f322c18201180f8099ad43,false
XSS-0491,xss,PayloadBox/html5sec,e88c03bd52bf9e04ef256e0be8e3371f95ceb6a7d49af6c831626be43a773b2f,false
XSS-0492,xss,PayloadBox/html5sec,6e9008760dfb61fa4725aaa95a18f85034cfd960c4258a12995c07e785e00982,false
XSS-0493,xss,PayloadBox/html5sec,c9e1c41279aeb749f2c87b3da18559636ab062ca4eaf3229c47a10b2b43ec533,false
XSS-0494,xss,PayloadBox/html5sec,ad19e482c9b2b00522073795d6fe56b4afaaea10236d87fa5e7aa8db53630709,false
XSS-0495,xss,PayloadBox/html5sec,122dd2053bee86dbaae8b3131569b4274e9d9b796abfd3fe3efd243eca3f5082,false
XSS-0496,xss,PayloadBox/html5sec,cac14ba7be2e32bcec65afc1ca5adc78ddbabb42811168398c13469c698cce19,false
XSS-0497,xss,PayloadBox/html5sec,10de52a489fd3413d62533234d0ac107080011c50951ff6963d2a79b6197749e,false
XSS-0498,xss,PayloadBox/html5sec,dba666a7edd6de86bf3f8a284016009d4ba88efebc68151c1b7502967d9f6651,false
XSS-0499,xss,PayloadBox/html5sec,f9f8893dc26988b29f312a03f777285fb31c366a83a7dba68a11516918268524,false
XSS-0500,xss,PayloadBox/html5sec,9e6d2cba36731156acb25c7daa49e99d9ee687d0668e48b59ed98c41cd4c0740,false
XSS-0501,xss,PayloadBox/html5sec,8b07ff6c944387c3795f8701ffc9a820590e98001530478807fc39d94e98eb51,false
XSS-0502,xss,PayloadBox/html5sec,64817769c602a2ab3327c69a705185d21437e135e15bde17216a69acadc01f11,false
XSS-0503,xss,PayloadBox/html5sec,87638df23126e54a64ffb5c5a07d60c2709ee611d96a87eef6129dc19a4c4bcb,false
XSS-0504,xss,PayloadBox/html5sec,2490afe70376eb42d9e4d12da71a94cef87375d34acf28af3b50512120f5a8dd,false
XSS-0505,xss,PayloadBox/html5sec,7901b9b877823db377a4eed17f12e5632fa25094be489a902d5f80ea88d47769,false
XSS-0506,xss,PayloadBox/html5sec,dcad6026036c7a710b8fb4b8555b99607812bcc90fd0ae0b09179bf826c9220b,false
XSS-0507,xss,PayloadBox/html5sec,4739b1d1c8e6b2146ced0a1726886d6dcd42a9497d6077bbb51c42adad9b34ef,false
XSS-0508,xss,PayloadBox/html5sec,99d4f1cd4027a53a7020823d861a1f4d7d6577a15855bca72462446af7a31fc8,false
XSS-0509,xss,PayloadBox/html5sec,a0362e0d5913759d5513cb91479699497d244fe5b1ba0cff78dd1fb7c1fea193,false
XSS-0510,xss,PayloadBox/html5sec,17595c6eb5b7a29691de4416324dd88576df78349a4027a8dee4554d19844ae4,false
XSS-0511,xss,PayloadBox/html5sec,7f1ef96b896c35233dfe6c6228096c7a753ca147d1c2b454f17e23556e1a5f5d,false
XSS-0512,xss,PayloadBox/html5sec,f2a9e80cabdae761212b07ab01ae06a2a0f2ba2e9199c11c04cfd2fc50ff7cc6,false
XSS-0513,xss,PayloadBox/html5sec,1c3beca4ed61c6da4f939e7d6ccfc91141e2236df90d62beb166d6d68cc438e6,false
XSS-0514,xss,PayloadBox/html5sec,4a7c957e57c3b3bb9032e2475067bb2809a397ceead0ddced4af803dbdf198ac,false
XSS-0515,xss,PayloadBox/html5sec,a6d23e64596b8b7fae9a5159eafa045536de0b207a6a52b7d73a8b1bc915d6d5,false
XSS-0516,xss,PayloadBox/html5sec,539877ef2d060b694fad350c85b116d2b43baca2dfa4b10a7041cb4361bbe81b,false
XSS-0517,xss,PayloadBox/html5sec,b21ce9530e772a2998abf33293ab3bba18f05d2f8a2d552ccc16cf8f45eab3e2,false
XSS-0518,xss,PayloadBox/html5sec,adea3b19e5648a30dabd1b452d106b5f155e04e458d835ef1b409278eeb7202c,false
XSS-0519,xss,PayloadBox/html5sec,5cf5493d11996cda0cc2779ef33ad4cf811865eddd0ef48f2edd5b947dbdf774,false
XSS-0520,xss,PayloadBox/html5sec,58d4e54b11389050efe468061e2b24cd9d6d7645f2faa786c47b59a301a87785,false
XSS-0521,xss,PayloadBox/html5sec,9a8a9b6a31398698dfc32aec8a17141143bc9e5f277a9e88fe974d8300febac0,false
XSS-0522,xss,PayloadBox/html5sec,aa92e676c8e321c1e1af3274af9a8e8fe1bbff57bff1b6a4d5575d3ec491a526,false
XSS-0523,xss,PayloadBox/html5sec,3f532658fa1d27bfbd68197bc855b3638e25743cf4dac6ea05140f62964e1595,false
XSS-0524,xss,PayloadBox/html5sec,9a212559570102c374b5b809474a2629576e79d0429ae6186c88f977d17f9430,false
XSS-0525,xss,PayloadBox/html5sec,8e9d499978f66ac11f4fae484e3a82687a3908a5d41dc15a135f94bdce6eea3a,false
XSS-0526,xss,PayloadBox/html5sec,d807f1cd262cc3bb96f482208f3388b28430413507c58773fd6965ad6a59a88a,false
XSS-0527,xss,PayloadBox/html5sec,9b9b78b826a6d73735559b4110172ba855cfb128f9ed953154e3da4bb6131329,false
XSS-0528,xss,PayloadBox/html5sec,12a95849a404d8d1fe9dc92d89be517e75f9ff95c53cc9742059bdede56d5514,false
XSS-0529,xss,PayloadBox/html5sec,77e4b2b8d32f8d557c46e2ecce6824bc1db75923642a82fcaf30eb9eda8932a3,false
XSS-0530,xss,PayloadBox/html5sec,fa7a52340310fbd89bc3664b932c9b87fa7b434d761ed8111d32840c4a4dd4f9,false
XSS-0531,xss,PayloadBox/html5sec,65fee1b99017eb38ea2852114505bfc42031fa05563ca8505cbeafeb7a51d369,false
XSS-0532,xss,PayloadBox/html5sec,b72dc0ced7db08a048864a27d3166f982adeb6f04563d6027dfbd9aa3295f485,false
XSS-0533,xss,PayloadBox/html5sec,d5764a9c443edbb98ccd4766855c802cb3ae656b5b838a628361418d5c1da773,false
XSS-0534,xss,PayloadBox/html5sec,4f17b14a0b16a7fe9a86d22bceafde544fb49023f27de6a40e44ee162ea89b21,false
XSS-0535,xss,PayloadBox/html5sec,638cbb56ba827469e689f58400114259c297485fd53e18b0aa5ac1f1cdad1c3e,false
XSS-0536,xss,PayloadBox/html5sec,0e55a0bbcf6aed80d2fd1055b56208a06948e53517a1d1c97067d04a9ae427c4,false
XSS-0537,xss,PayloadBox/html5sec,58e4cfdcc39ced975542b70a58aa830e568d7737f8943adec45f369bdbdf317d,false
XSS-0538,xss,PayloadBox/html5sec,ecd01598bdc1e747f6bab437d21166faaeeccb0fea51e3b050716ca4b7d84f52,false
XSS-0539,xss,PayloadBox/html5sec,193de96210230ae388ad4c23a56f54123af0c849c0852475b9de81dd9a47cc42,false
XSS-0540,xss,PayloadBox/html5sec,dd4bb66c4aa914391fff1f3222a6fef40dcd49a86e881c9a192f22a80711f0a0,false
XSS-0541,xss,PayloadBox/html5sec,fa9e9c84f418d4fa36668dccb5bd8bc5a08992a74ae75b557bf20d7ea731e24e,false
XSS-0542,xss,PayloadBox/html5sec,7af15173490aae5985c13ce287cb3ee6bf60bcac2d364829032603c679050293,false
XSS-0543,xss,PayloadBox/html5sec,5e151108e1610ba9c81724bc87878efd16c0d2f0b54a649fc7b9196f7033c90c,false
XSS-0544,xss,PayloadBox/html5sec,41d3e10f12c498ab75da100cc403b5f27990c0cbbad56098d9a036eb1b2e5468,false
XSS-0545,xss,PayloadBox/html5sec,86260f91a80fd19428a135eef81568c6addd09b1b8657a1d84049b159e37f004,false
XSS-0546,xss,PayloadBox/html5sec,e2f3bdc26e7f9df48241d65aa4781eff2d91dfd25b6fda3acb4b8f5fc3c09acd,false
XSS-0547,xss,PayloadBox/html5sec,133d31f20062dae64e2e84c7d5bcf045c0cd099d1806b19cf72d9270e320c38b,false
XSS-0548,xss,PayloadBox/html5sec,5d4eb6d87cae63aacfdd415eca7094a9420ec1ac89fc359fc57de89124fc6238,false
XSS-0549,xss,PayloadBox/html5sec,368af75810e469fc7e61d17897869f32aa945629ff56d6df9fcbeed0dd143614,false
XSS-0550,xss,PayloadBox/html5sec,0b52f07e5cb377bcd473f4ed8b8f81d3ae00965ef6e376db36d2f3bc86e56e84,false
XSS-0551,xss,PayloadBox/html5sec,d62b97feee634d9c08d14e12a2a4b6313cfe84376f025ae944a3862702d459a1,false
XSS-0552,xss,PayloadBox/html5sec,4dc7a1ab12df9735bf685aa8635328e18cbb1d245333bea2d126ef0adfe7b2b8,false
XSS-0553,xss,PayloadBox/html5sec,52f0fff0db4c0cf432c6b0fdc03c8a070463e0933c5489f0f9b6205d1866562f,false
XSS-0554,xss,PayloadBox/html5sec,884b17b2ec8680870940d023d63df8b5174f992169905d25e42de2b9f6ae323f,false
XSS-0555,xss,PayloadBox/html5sec,2e7aafe666d937c916e2d8d4de41eaf99b09fb6772c1ae7995173c29908460d4,false
XSS-0556,xss,PayloadBox/html5sec,c8abb6943a6398a3b691ea96f2bc65ee0ccd554db4a17548977b22501e98962b,false
XSS-0557,xss,PayloadBox/html5sec,24fbc7d529690af5020284e02c56e078a3459b014449c82a6d8b56d8838d06bf,false
XSS-0558,xss,PayloadBox/html5sec,d9f7fe7ec5036a74d7570fd3aaf33c42bacdd98caa83b9532e01f7b56b6c6712,false
XSS-0559,xss,PayloadBox/html5sec,3e2ae1abd2c7ebebb500bc2858d3ad64d75b27c1e21106eea46d11210ec4ee60,false
XSS-0560,xss,PayloadBox/html5sec,5962caabaab7521fafa7ee1d3177f13645741118ec90db05c76e87a6139d547e,false
XSS-0561,xss,PayloadBox/html5sec,0cb8d459186e5eda797238bb77fa35b65939dc3940da6b3db9975f35b894ea3f,false
XSS-0562,xss,PayloadBox/html5sec,6d8209b32a5d8b3b62ff456194c230b1e66a86414e5bd1185c46598921fd2d58,false
XSS-0563,xss,PayloadBox/html5sec,91b2deff7d66c94d16fa15f2fb9ae6e59333d31b1193ff8148ee3674dfb52bf1,false
XSS-0564,xss,PayloadBox/html5sec,7955fd09f50c9465984540d9db7396f04a725dad939434cef1319973fd6e5ede,false
XSS-0565,xss,PayloadBox/html5sec,92bd3d9ae2538186186cad5fea37ef8085ba18d3e433afd8aadcc424772a3ce3,false
XSS-0566,xss,PayloadBox/html5sec,3f6fe43725b31fea4523f4e05bad9039cf2f3d264d9626520a49201504e3986e,false
XSS-0567,xss,PayloadBox/html5sec,2077260e773dfb13d628110a29e36f55da34e3e75ae6ce08e50672dd024dfbc3,false
XSS-0568,xss,PayloadBox/html5sec,4a023613ee49a13f2a14b342bb62380a544c0ceeffd83d681b522d5a4d09cca9,false
XSS-0569,xss,PayloadBox/html5sec,44d3860205220223925a47a32fbe2a45c72aebcbfb3591f85088a823632d5b92,false
XSS-0570,xss,PayloadBox/html5sec,b919791d8886f9318e2aa8d2d751be34ac09390d1439ba0349490981fb10558c,false
XSS-0571,xss,PayloadBox/html5sec,6fc0169304dee6348d6c2be0d88e960feb5efeb5b0f5f5238ba0ed0c21ea2c90,false
XSS-0572,xss,PayloadBox/html5sec,854b0acd4d35f46ea3de5a619d526b4c98d6ec0684eb00e00c7c548be7f34f9a,false
XSS-0573,xss,PayloadBox/html5sec,3a1c2c80186641831ef232b692c8785bf6f8c0e768c51773cbda6eb6fe625900,false
XSS-0574,xss,PayloadBox/html5sec,b8104fc44ac211ce058ffdcb6c45fb4705cf3022da31d308edd899be76dc6a4d,false
XSS-0575,xss,PayloadBox/html5sec,8fed094e024e24c807d94073c0cce6829b96b836f7bb3d30ca7274caa6902e75,false
XSS-0576,xss,PayloadBox/html5sec,e547020127ef04147ca39f19f7e7a2362f492d1ec5c30f47d4ae098202096c5c,false
XSS-0577,xss,PayloadBox/html5sec,626ac5e11cbac53e5bc6576a5c5a70cf38b9792bcccf5ffdce60eec3432540e0,false
XSS-0578,xss,PayloadBox/html5sec,38c613471b7ba7c8ef2acda371aa70b3998a7f0d39f4c48a39da6905e031763b,false
XSS-0579,xss,PayloadBox/html5sec,40d6d5349a94e2fddd12f15fd7866d623f95a737f86c184423fdd2ab72c73214,false
XSS-0580,xss,PayloadBox/html5sec,2eb247c45b121679f0b2e5d5393779922e5d2d1db766036c870454f242e1f7c4,false
XSS-0581,xss,PayloadBox/html5sec,4f9853dfe25c572896601f41d9c16bef2c85c18b00793551d1fe201cf5e46817,false
XSS-0582,xss,PayloadBox/html5sec,4bea33d538ef3f588efb0e2510f72e091545866314cb4c14c76f513f746113ae,false
XSS-0583,xss,PayloadBox/html5sec,6172a924f50c3cfe0271cc2180a1155b9229aec5ad28d757fd4461c99ef35b38,false
XSS-0584,xss,PayloadBox/html5sec,24c7c28be65633d0814c58f0c2c7ff880f73cbfd0f1b194f883e3208cbe2f898,false
XSS-0585,xss,PayloadBox/html5sec,956e4f216cf6cd995614dda2aca4f797a2b38f3460c47114c85514165e85fa61,false
XSS-0586,xss,PayloadBox/html5sec,d003be3a1c8a2ec0d42c17125200a6900519628fed0611e8597290e443130fc5,false
XSS-0587,xss,PayloadBox/html5sec,89d0f6806ddf32e1d755fbbf29a7d9209fea7e0a5130e56122358d72e4abecf1,false
XSS-0588,xss,PayloadBox/html5sec,41ae0a2e3153f813f995cf97bb9c9484d2a5dbb8932da158dd8c25d9a72efb47,false
XSS-0589,xss,PayloadBox/html5sec,ce5781a6548b14454225180321fab1b330d0fdb9b72730fa92026a7b427ff82d,false
XSS-0590,xss,PayloadBox/html5sec,95e48da2644257050e4ab38dd5041dc714e46984d1164d9d251a3a93e32043d1,false
XSS-0591,xss,PayloadBox/html5sec,1935ca45f05d383916f557dfaa42845bde2e9c6a105f5d94e7f2be2b06b82dec,false
XSS-0592,xss,PayloadBox/html5sec,f9480428fbb9a364721f60de214762d53ca7253a5cbe699c3a1602d03cc78e01,false
XSS-0593,xss,PayloadBox/html5sec,2967103aedd8b993f67cf57b27d3d2decd739872f06a9a1d46b92d92be4c30e5,false
XSS-0594,xss,PayloadBox/html5sec,9fe0b1af038d166dc30c338b3aa99be9c6e37df1cf4ee15d8d39c9f65103d299,false
XSS-0595,xss,PayloadBox/html5sec,62cf21c0b825611c2ee65bb6b965d39db927983042ce9e250f0afcc389ca1de3,false
XSS-0596,xss,PayloadBox/html5sec,0911bcc58efd1258f757ce7b07cf0f41343fd792f444a5ccc709e11ae95c6a9e,false
XSS-0597,xss,PayloadBox/html5sec,a1e892e601e23c27c241eaccb662fe672a31df774c5861b42212b56df3c0c51a,false
XSS-0598,xss,PayloadBox/html5sec,3350e36cb54dfadf86b172fe105f75c68ce69c365bbffab43e059378da8020a6,false
XSS-0599,xss,PayloadBox/html5sec,baf513cbe89251927c090403d63ed9934fc2524a7fbb917dca2f03e21a5a03ee,false
XSS-0600,xss,PayloadBox/html5sec,97823068b8b6ddc985673c0919e42eddf7463b14d2e8d081bf1d315c4c028b3e,false
XSS-0601,xss,PayloadBox/html5sec,d23c654a1325034199a01c2bb9d07a7456bc822bab4936e4ea0a945b2e9dd772,false
XSS-0602,xss,PayloadBox/html5sec,c2f0ad0def5a8e52e43a0afef24aac8798b0676ca7658c770142054104858082,false
XSS-0603,xss,PayloadBox/html5sec,4875e2fe29a4d3635b606bdf8627737b79457da359b04b21418427f7123025ad,false
XSS-0604,xss,PayloadBox/html5sec,e7dc9131076236d42e63860482de5a4f7e5210b1cb935fe5cafb504d94644d7c,false
XSS-0605,xss,PayloadBox/html5sec,8310c44d675017a96aba7554355d8463014fd92b065caddac8b2f5ea2e28ce40,false
XSS-0606,xss,PayloadBox/html5sec,45859da1333f1c5004d977cac946562e84d32a3bcd5e2f19c27aeec0cc76d5de,false
XSS-0607,xss,PayloadBox/html5sec,4c0f1121d94be36c437ee13b169c209cf56444cd26885ef9d1b03e088a467b56,false
XSS-0608,xss,PayloadBox/html5sec,80a24274a150a56d4bacec5bf6967132aae06bbde18e940eb8de99430353ca1a,false
XSS-0609,xss,PayloadBox/html5sec,fde5a9284753f609477eb75c516ed2959377570a4b057e2a22d37d5ec9eb37d8,false
XSS-0610,xss,PayloadBox/html5sec,c5bd65507a981a1fdd709b63701695fec67ade5d7b5915f099489adaf2a0b176,false
XSS-0611,xss,PayloadBox/html5sec,78daef71a5770d4618f57145edf5203d462ec59ff6f2e2c9d39871910c4fefab,false
XSS-0612,xss,PayloadBox/html5sec,7409888756cd1a4da88687b6dabf20a8a96912515575d1267d19bacf488a4e35,false
XSS-0613,xss,PayloadBox/html5sec,a9aea715b8c94b454c9600cfcef148eeb29c2eb462db0af4bc30256d958f77d2,false
XSS-0614,xss,PayloadBox/html5sec,9eab818cddc75f0681b3f5e08fa33feca68630de056f5553233b2ca1093de783,false
XSS-0615,xss,PayloadBox/html5sec,6f22a0cb839796a61fd329edbe49e7ca9953cdde34fc3a5d3f586656ac828943,false
XSS-0616,xss,PayloadBox/html5sec,4b7e83039776098b0074e00a7a339c1386703d551352fc63c97a547c48bd569c,false
XSS-0617,xss,PayloadBox/html5sec,e0cf5489144a0c135421d3af8d90c3508894c8118089c6749c6452ccf6ae7a25,false
XSS-0618,xss,PayloadBox/html5sec,54808cce963315ea4e80a1d30b34f2f36a8060c9b71b6256691c96d18e0a0787,false
XSS-0619,xss,PayloadBox/html5sec,d3aaaeb4a627f55613dfec0a513be994b974fef9fdd8b2620b59410173088ab8,false
XSS-0620,xss,PayloadBox/html5sec,36e368bddab8df195ec1d1ab5a5a63b1d10455a411070611894853c6dbaf30cf,false
XSS-0621,xss,PayloadBox/html5sec,57e862b94b8cd88e3d61ca4e203e673fbef4f05c107b36df2671114fe07a1d05,false
XSS-0622,xss,PayloadBox/html5sec,0f795c828ca88248f1ee22d3cdc7708c06a3aff4be518f24f87defcab02e89a2,false
XSS-0623,xss,PayloadBox/html5sec,f4ecdae4854e3ab93eb9bbf43d1879b7b3c9a5b5deaeffa19df609b42fbd90b6,false
XSS-0624,xss,PayloadBox/html5sec,3b0ea693828b405427a1ef4415bbcc22a4cde9731738d8f3432fad409e289d5d,false
XSS-0625,xss,PayloadBox/html5sec,a27d9c4eb1ed35b7f04c1f9f29d2b154aede760fe53e6f6ae31fc05ab1f78feb,false
XSS-0626,xss,PayloadBox/html5sec,776bacaf98d9a48af7e8f41078b88df07df2e11e6739b0f028395ecb04343d62,false
XSS-0627,xss,PayloadBox/html5sec,83cf82bfe28b7217005d7a762cd321aa798a2eec82e3d530dd710839cd569150,false
XSS-0628,xss,PayloadBox/html5sec,cd9285efe010ce8fa2f9699f14cb90544e1328206e40d25359defc784939a463,false
XSS-0629,xss,PayloadBox/html5sec,342e74b887b634c698c195b39694478a7bac78bd3fe42404522ec22c9c0f1d16,false
XSS-0630,xss,PayloadBox/html5sec,8756f2189ba84e94771134bf4e7691698ffb5ef733c820909778b41de4edc725,false
XSS-0631,xss,PayloadBox/html5sec,0d4f28dcab8984b6823b9e137955abd8b0dab6262e70fd719a48bfd6df94f5cf,false
XSS-0632,xss,PayloadBox/html5sec,c20136b0599e3b0ba78e2822a9565ae84fdae611d04c5aacfaa0604061061ed9,false
XSS-0633,xss,PayloadBox/html5sec,f8634418c00c4f41bd353182e4d0a6fca89186c23880e14508078fe0417b538c,false
XSS-0634,xss,PayloadBox/html5sec,1bc19069f430875cfe4d65adabbe13d0ed24fdd31ce1627ed7ead33ca64cd627,false
XSS-0635,xss,PayloadBox/html5sec,cdb8b463b3c8e072a3a496731c8514ac72d77794b7787bbe5f606bd69dea4206,false
XSS-0636,xss,PayloadBox/html5sec,1d4b3b4008fe9f31d9cd779c4890a24e712f0e6d8145984e29f8107a90d3b7cc,false
XSS-0637,xss,PayloadBox/html5sec,a76e2a0fa3687646105f826af69ce6bb98fe4ff7cbcebc67de025cae9653e0a5,false
XSS-0638,xss,PayloadBox/html5sec,fccb5c22df3ee720b31375f2726e607a228ea87200faa1ee311b6f6b0f4e1bf4,false
XSS-0639,xss,PayloadBox/html5sec,3c5886bccfab3c2be828774648c7c039976dc679c12024fcef1b1b9ce0390453,false
XSS-0640,xss,PayloadBox/html5sec,74da4c72f688f58d614d458cd2d8a80a5c6a872a1d3179b7f9acc788a32c9f7d,false
XSS-0641,xss,PayloadBox/html5sec,6dfecaefacbe4aa07f2240b7425db3ecfa96e1f1c4ea7e459f19361248840874,false
XSS-0642,xss,PayloadBox/html5sec,927c31a39c426880bd5d07b1a2245c7946db2e9083b570a7af3b1e63c3e7e929,false
XSS-0643,xss,PayloadBox/html5sec,0414807d4b540a063c6fc19c70765982ae3812ea37429658a471f4c180a63435,false
XSS-0644,xss,PayloadBox/html5sec,44a266ee1074233a9eb2c1c91541bc9df42d749a851cce04ab87e2934ee0835f,false
XSS-0645,xss,PayloadBox/html5sec,2e1e2ab5a10e4f435d6e068a4239858c4167c9a20ef414f419cd566876371e82,false
XSS-0646,xss,PayloadBox/html5sec,1b88518a66eaa529904fc014770b3214888b1ee614ebf098c3fd1c380e1d735c,false
XSS-0647,xss,PayloadBox/html5sec,12b1af3ae554431bb7254f8094b908348e6aa977cfb607a8fb125dfd1b5c1337,false
XSS-0648,xss,PayloadBox/html5sec,3ed115665e3ded4a1a42f117023f062fdc17fada4bfe8b43d434afade17b93d7,false
XSS-0649,xss,PayloadBox/html5sec,2ae5f971706f8804d1028d7304afc2872f80d375c91fea074a70c01215ce2504,false
XSS-0650,xss,PayloadBox/html5sec,865ec370d333d3a283ffe81f1d7fc817f6b9269b08f9d1a06199d5062bba3b19,false
XSS-0651,xss,PayloadBox/html5sec,5a8ce36dc06e72080771efeb235d8e4ffefba25332a20eff06379b697bea97e4,false
XSS-0652,xss,PayloadBox/html5sec,c85750b391fc3ed637795d81bd787820ced13761a838793b739bd1901594cdbc,false
XSS-0653,xss,PayloadBox/html5sec,420c646fd8da8e9b87ce96a39a1ccebbb6eb14b084495e2377c29d7135530da2,false
XSS-0654,xss,PayloadBox/html5sec,a72d22a3b7836e0ddaa20cd3d0ad013a5d9a4f24e1aac41000ebd5e57937c65c,false
XSS-0655,xss,PayloadBox/html5sec,d479251f570c86c196e1bac24f991e40c64a75209cc0c5853b21bcb2e10efd96,false
XSS-0656,xss,PayloadBox/html5sec,86175abd12ad576e26074ab893608ac31e304c0e275b17cb7f99a01d1a05e989,false
XSS-0657,xss,PayloadBox/html5sec,3772950f0358f5e1cb880c106a5d23c77a4246507732e88a3fe7b5143ba19ff7,false
XSS-0658,xss,PayloadBox/html5sec,4a180b0999f14814ae7ed650ef3689a4921b4b7cf1c685e2e9e1a5d7e55700e7,false
XSS-0659,xss,PayloadBox/html5sec,8aa4977310615dc4fb0687506fc9706d0aaa8b44a7a9c5051e8351f0708ad685,false
XSS-0660,xss,PayloadBox/html5sec,08591b7d3d7e42dbe83f7936d54509e8d79f9b20f5c83f4f74b74a72c67f65b0,false
XSS-0661,xss,PayloadBox/html5sec,80ef8944201d9c3c53526ced0e0a875793d537e97cd79a6b7404f18eb34b05c9,false
XSS-0662,xss,PayloadBox/html5sec,8eb69083e2477602e8cfbefc59e020eea74dde7dd7a4bc89228aa9b7ef29023f,false
XSS-0663,xss,PayloadBox/html5sec,52e75516bd1752a1d8c4f3774ea877faec245691b805f2a9880ab6585541bdc1,false
XSS-0664,xss,PayloadBox/html5sec,84eb9bb620091733441fb6b02fb4ffa07b703c203996b22c6bc9886f6d959cc0,false
XSS-0665,xss,PayloadBox/html5sec,190c4b919dde27e3168e33d8b7d7f91d08429f6338b18b1a452939cc5f0bb11b,false
XSS-0666,xss,PayloadBox/html5sec,5c44529ae6da025c737ac3fd766c8838b528d00a35659928a4eeabf9d62456e4,false
XSS-0667,xss,PayloadBox/html5sec,d0c913555e85c6f1c1eef05e662445f438ceb32b82137c39704c74ab0c51b723,false
XSS-0668,xss,PayloadBox/html5sec,bf9b10fca39a92e1e86ca2952267e2984b335c1116f98fc3971178cddb9b52c3,false
XSS-0669,xss,PayloadBox/html5sec,1ea573e389c388eda07e27a9ab4023b4d8252709546f0454ce557db03a1c7dfb,false
XSS-0670,xss,PayloadBox/html5sec,761d287612b5732e8c523195158b0cc81832e567b3eaef42756b94205b859eca,false
XSS-0671,xss,PayloadBox/html5sec,1a1ba3bc53f8b0687a75fcbe44beac8970400b6cc4995c29cb2ec60bc1432690,false
XSS-0672,xss,PayloadBox/html5sec,5f77715d67238af74651f9b34ab2338c3ba94256b3f99adef06562d0a17de12a,false
XSS-0673,xss,PayloadBox/html5sec,91c085d17dbd2ebf14503d666697a40728c9709ce6f40d46bd74427a27bf20c2,false
XSS-0674,xss,PayloadBox/html5sec,80c1b81655cba9bfa171dc20dff3ba35997b294464ed0b97b96169ae19de5d54,false
XSS-0675,xss,PayloadBox/html5sec,54903fdbd6e20a37a002375a46d4409c508fc9f680546d57b5e6577ba7a9911f,false
XSS-0676,xss,PayloadBox/html5sec,65971ba54b3d057ab475bad1190c3a2872cc08fefa3b1e6684ddbdaa3508c41c,false
XSS-0677,xss,PayloadBox/html5sec,2e6e1464ec0693edb71797a7c05950f706c0c07b3a13fe4f08f81fab7996ea4a,false
XSS-0678,xss,PayloadBox/html5sec,de17e330b81d37d00f45360c351e1f79d0b1dcda4d472c57175b7925e82dac8b,false
XSS-0679,xss,PayloadBox/html5sec,2a9cc8413014cac9b1ff09fb126b72c8c3fa97b0064db124dbeb56cc267bbb29,false
XSS-0680,xss,PayloadBox/html5sec,6756ff7e17458b5eaf7f167ab766db9337c3738b47ecc5248813e59d501ce6fb,false
XSS-0681,xss,PayloadBox/html5sec,b9e1c144ce6ac04309b7e3654fcd1111d82e0187faa7df5be3b18f21eafcbf09,false
XSS-0682,xss,PayloadBox/html5sec,00df3874430c18890d22828763b5448b7b5120507983531dbfd955b848c4eb68,false
XSS-0683,xss,PayloadBox/html5sec,08b26fe30df4476241514a1bcddf9b14bcb92a042d73ea8dae9ff801dfd50f16,false
XSS-0684,xss,PayloadBox/html5sec,f07eff6264d8fbcbaa6d1889eab63c1a4f567f6e4619ea9d8e80aa289c32872b,false
XSS-0685,xss,PayloadBox/html5sec,0b242f0b9aecfc5ce9ba130beaa725af465704561f4aca0d1fe39709591b57b6,false
XSS-0686,xss,PayloadBox/html5sec,dd11539b42422f4fac62e2a512d39233ffd7e3b43fa934e71c47ac08e53f2b01,false
XSS-0687,xss,PayloadBox/html5sec,df5cb874c97f60b6a0f68234010dfab066ce8cb8859b77b3ba4c51e205b2a5cc,false
XSS-0688,xss,PayloadBox/html5sec,91ec58ff8dd74d35942c6d0f2e90b1a04b7eaae497574f995d4ae17a754dbf60,false
XSS-0689,xss,PayloadBox/html5sec,33c593b32246570ff09c5f56d3ee8da9bdaa7c0b1e9b6fefcb6d124a37a2dfc0,false
XSS-0690,xss,PayloadBox/html5sec,a783ed6afba9a59eb87703f1d1e3d4613631cdd8cb4c5ddda685fd7769560fcb,false
XSS-0691,xss,PayloadBox/html5sec,7f2390febb42a47cdac7dc8f6ca2e8a2758923b889d53e703285b8db00aa097b,false
XSS-0692,xss,PayloadBox/html5sec,66770c16762c50dc5463ee6c2aac5cff3f95cdb16c63ea374acd4f9c02e8ce5b,false
XSS-0693,xss,PayloadBox/html5sec,0189625a0bcb00f80a3e2a4ed2f4f21d4433182e6c45d2143d0b942a134ee11f,false
XSS-0694,xss,PayloadBox/html5sec,8131e8c8dd224442bf8fbe706100be08ad8041a6267cc62bf9ab2f614ddac229,false
XSS-0695,xss,PayloadBox/html5sec,bec521d1ab54cc773f09e1d0f42c932f9636da4134945febaebc1b1451128aeb,false
XSS-0696,xss,PayloadBox/html5sec,20dc0d520bdc3c3dcaca86cec61a78d3dcdc8cba6cad87b60b92bdf26ba89082,false
XSS-0697,xss,PayloadBox/html5sec,e1c8db22b090b44051a190880e71286e5cc5a5ed36ccf7d857292cded70b10b6,false
XSS-0698,xss,PayloadBox/html5sec,f165ce446f12175bfc63c0077f704e358764493068420bc1e843e4cd3619944d,false
XSS-0699,xss,PayloadBox/html5sec,3690de6aa98189f621be298d36049dc4de3ac2147378f0e9f94bac457bb5a9e7,false
XSS-0700,xss,PayloadBox/html5sec,b0b8a060b20f5a734571dffa94cf9a1ed7897d1ff9ffa123d05d8257de4e91fd,false
XSS-0701,xss,PayloadBox/html5sec,fa71faf5db5ddff8f7dfc182090e51dc55ed49eaaeb27d21a513c4fa8edf4bca,false
XSS-0702,xss,PayloadBox/html5sec,88800feee74643a10269772511205b0d7305a943cbfc28259bad0a6f2f7279fa,false
XSS-0703,xss,PayloadBox/html5sec,81e79b9f8e3425ee9b124bfaf9bb7e644d86a8e9c9fe72c0e3278d54ca4af8d9,false
XSS-0704,xss,PayloadBox/html5sec,76e93140e570f868d5a9d811116c70681ca7440fbaf8992c42c057f5bd1aec15,false
XSS-0705,xss,PayloadBox/html5sec,5a7f8a165d9b9f52de16b839e5b929fa46ba381e46ea81e92054af695654c2e2,false
XSS-0706,xss,PayloadBox/html5sec,ae7d212fbfbd99c7ca31f6c039bead04e8bb61399daec8c6e7447f029b30f51f,false
XSS-0707,xss,PayloadBox/html5sec,f846ca9ebb5551936c86b5d202447dcd79ab7338f28ad1070b03576effb8a81b,false
XSS-0708,xss,PayloadBox/html5sec,0f8199d8195ba2b29fd6cebec6750b68ed689353491d0052870bab14ee552d93,false
XSS-0709,xss,PayloadBox/html5sec,8a6bf189493c74a42e0f86560060eeff3dcdf7b1c95014f7f20fc38de9e7fe29,false
XSS-0710,xss,PayloadBox/html5sec,ea8ea8b181351cb1fe2117eda493e88d47cae40cab4aae270aa4bd00bf893f2f,false
XSS-0711,xss,PayloadBox/html5sec,592b03024eab33541f4847ca549b93cde4b26021c267c125c3487a047d89e9d6,false
XSS-0712,xss,PayloadBox/html5sec,3c0cf50a2e05116e023eed246e28a12e48e0dcac95de9600a4a9e0ec106af6e1,false
XSS-0713,xss,PayloadBox/html5sec,90c4f415a40d68d1ecaa2f04514016bc3535661fc43393d5a2a6c9ae3d5e31b2,false
XSS-0714,xss,PayloadBox/html5sec,ac76be375da6a88b90ab7269b0933d15a63431cacb5ae5be834494fb7a882d58,false
XSS-0715,xss,PayloadBox/html5sec,89b2250f820f9fc40a09f6fdd864e356f22f2272bb79e6da4a0421145a5ebf8f,false
XSS-0716,xss,PayloadBox/html5sec,6421402bf1a52f0dee68368be6f4c373dee4b463e98313eb4dcea9d24990d304,false
XSS-0717,xss,PayloadBox/html5sec,5f7fe54f51786bef44c6936832382d8d9735056730810a04136ffe3f0108244d,false
XSS-0718,xss,PayloadBox/html5sec,bb49322a24b365dd5b8912f1f199928bb0f8fb4c7caef73da3e97671cc115f44,false
XSS-0719,xss,PayloadBox/html5sec,1326a525efd039703e7de5cdb15fb2f5f0ad060d85a3aa5623929839ca53c01a,false
XSS-0720,xss,PayloadBox/html5sec,55e11d913d9a8b8300a0ddb4e1a0204c871d374ae09f4673e7b3331656b1d074,false
XSS-0721,xss,PayloadBox/html5sec,a09bbb4a9ce83e0057b6a546245e23c7adc2ecbf4ae101d546cf06c812a2e3d8,false
XSS-0722,xss,PayloadBox/html5sec,eaf2f6409cad75543ef1606098170efe80dfef0a08ee11d0aeac1f82ef09c798,false
XSS-0723,xss,PayloadBox/html5sec,a46a5f4545a506bda384f6f30e284c5835e1a4db7594d5e5175d31b2380bf949,false
XSS-0724,xss,PayloadBox/html5sec,f59ae39616be18bbe4c73350bb7b498e2e096782e7f45364607090c44ea47cdd,false
XSS-0725,xss,PayloadBox/html5sec,e273c2c8657936ed4980c37025ac87fab2feb03f72cd7747bbd22885e5e687c2,false
XSS-0726,xss,PayloadBox/html5sec,768c0dd945a57d7ae3eb5d3e64f13b2b3cf4b43038cc986a61c42964ad9aa13a,false
XSS-0727,xss,PayloadBox/html5sec,a86bd1c6c1a1f39c20c93e9c5df10c15cc1a612be9c25514681b654660d28d56,false
XSS-0728,xss,PayloadBox/html5sec,068eb0af2ceb0a0a4b72b21c3abda49183e2c8913697080a7977dc4fc7379a3f,false
XSS-0729,xss,PayloadBox/html5sec,03851919ab78a419f715b214c5a0846448b892812f155627ba6c97ea828b4656,false
XSS-0730,xss,PayloadBox/html5sec,c71f7de2ff0cbcda0dc89903883ea108aedc4687f47da49a335bb17374657a87,false
XSS-0731,xss,PayloadBox/html5sec,29821fd6d8798036a480e385b6e70ff186e33f48f4b59e834e3523a2924755e2,false
XSS-0732,xss,PayloadBox/html5sec,802e4443ad67d48f543f2a8f95e38660815978810fdec17102e12002da86d8bf,false
XSS-0733,xss,PayloadBox/html5sec,e4998659476428e2e437b64de8324f95ee78254d67bf6ab2d034cc3c570e1a62,false
XSS-0734,xss,PayloadBox/html5sec,4eca886fb0b7246f7c32a356a058996da74657f3a7c0a7b3a8a5457988fc72d5,false
XSS-0735,xss,PayloadBox/html5sec,355045ab33d1ef27e446927d619b4b6fa864fb3bd65e147fac7e976c223f9168,false
XSS-0736,xss,PayloadBox/html5sec,7418837393314ce0eb272becc22217fede1ead298d60c501b4f12ad0ab2740e6,false
XSS-0737,xss,PayloadBox/html5sec,0ec8e28c5cdd5b5fd6b08d05bc3cf9760c697bf1c69666560cd134b66b49bdf8,false
XSS-0738,xss,PayloadBox/html5sec,61bb77fdd83314713469d0308087d6fdfa55dc24cdea1d76887e53a951e90144,false
XSS-0739,xss,PayloadBox/html5sec,f85c50b0906d85a16984fd74a6aca760a98dec94f2ac5ee9cefb7e640c2908c0,false
XSS-0740,xss,PayloadBox/html5sec,d5ee27c5871ecd7b22e8a6666bddfbfbc7ce6215aa10e464f104b94e91f779e5,false
XSS-0741,xss,PayloadBox/html5sec,537dd2c77a9dd76c032c0a22ec05fca4145b32d07c4cd355efd0b5d574486144,false
XSS-0742,xss,PayloadBox/html5sec,6ffe87809b280ab82d446d88780ad298c71c83ce014ca6ed69edf3b9348cc51c,false
XSS-0743,xss,PayloadBox/html5sec,447a23faa298c213fc1b9507e541321c8b23f76c19bbe5caf9dacb35b97044f2,false
XSS-0744,xss,PayloadBox/html5sec,578189e4db4b72b3330d17395628728118af8068500c88b544232c27075e0529,false
XSS-0745,xss,PayloadBox/html5sec,6c478dfa728c57ca7c095b86559c28b6070de115f69738c8c4b5bd46e5ec862d,false
XSS-0746,xss,PayloadBox/html5sec,c2b8d056da1b216bbddeadf966cc805e2d563ca12d0c66650c8414a4d230b61b,false
XSS-0747,xss,PayloadBox/html5sec,6e71061485082e8cf2eabb533357cf6e575b059d25f7623b98fa8ec163c1f98a,false
XSS-0748,xss,PayloadBox/html5sec,47d7a5c282013c1636fb3b1e5be16f9d505b9c3ddffcb195d5b6badc60b57e23,false
XSS-0749,xss,PayloadBox/html5sec,c6557695f4eb23a21ec6ec9c41316b8b9f9204f7b636d7469d6f188697b6d21e,false
XSS-0750,xss,PayloadBox/html5sec,d1a21513bedfa5c45993ee9d7179da9839b0d29ee602a22deb2300e58dd96c50,false
XSS-0751,xss,PayloadBox/html5sec,b1c9d4d03b70dc59566bf128a06d3c86c29f2a4ead6167bd241edc23c600e8bd,false
XSS-0752,xss,PayloadBox/html5sec,b9f620d29945377984cf16f01cfea7d36d61d4069933558d045544a55be9a3d7,false
XSS-0753,xss,PayloadBox/html5sec,8222cde3e03a1ae43e283b66b71aba2c3d066017d8b7ce8f3fb0b3938e5aa786,false
XSS-0754,xss,PayloadBox/html5sec,58a1937ad1551e8743be09b25a9abc977614d677a660dc795f1e3c745fc45d32,false
XSS-0755,xss,PayloadBox/html5sec,4c58cea211dac7cbb7eafad187c76057acbdcd79e5f814432f2b587d066077bb,false
XSS-0756,xss,PayloadBox/html5sec,e9b41fee6b8cf53c0b0aa3ea43422fa4d0bf728a35cfcc1613cd8989f1226462,false
XSS-0757,xss,PayloadBox/html5sec,da8bc3eeced31c105c4926aaf58b8107d95b9dca2320a6410376c54e244a207b,false
XSS-0758,xss,PayloadBox/html5sec,f46a76119984c00320c9655a3f1e7519efc125e748fac6492f605f08bc441184,false
XSS-0759,xss,PayloadBox/html5sec,dedac13b6d4a66c5ebf3eccad5eee60dc747c2b05362afcbc6277bb4cbd49c5f,false
XSS-0760,xss,PayloadBox/html5sec,cc449dd2c622464a39a7e348ba454f8149cf88efad5d3eaee8eeafa0c704f696,false
XSS-0761,xss,PayloadBox/html5sec,6e423131746821def5fa482684c3b4f070977c30539d596cd94f368ed6f3b9b8,false
XSS-0762,xss,PayloadBox/html5sec,f04b9261100fcfbd0f948db600d3b4073788c39714d1d070c032476d02a91527,false
XSS-0763,xss,PayloadBox/html5sec,f002bf9d88b29084d7f2f05f2a4f8f12b7a7920274e4f9f64693f93b7bd092cf,false
XSS-0764,xss,PayloadBox/html5sec,ea92c1d4616ec526ca34fb17d454a16db1e5b07d910779c0a996c3242ae6adbd,false
XSS-0765,xss,PayloadBox/html5sec,669680b607bc92395ea0c64d8aae79047c271d132475bdfe1ee320857c6c4bf6,false
XSS-0766,xss,PayloadBox/html5sec,673a11576e9f65208d22f7b623e1031888aa6b66bc3af1e11c1d7ebcc436517b,false
XSS-0767,xss,PayloadBox/html5sec,dc0b6338a53595a9c6840f1855a530d8e2225cfe091d915c20ebeb995d2b0950,false
XSS-0768,xss,PayloadBox/html5sec,58fa77a29b426396f075f2611bfd6104c6415f545ff8a0bd231f51937623572f,false
XSS-0769,xss,PayloadBox/html5sec,5a29ffc9544a181d3359b279e867b4df53274505f063e4a501e41f135bca4fc7,false
XSS-0770,xss,PayloadBox/html5sec,70ffef24d8d8ba5b870fdec4ce1bcd313c62a7548661843e744fdeab3adf3456,false
XSS-0771,xss,PayloadBox/html5sec,04175f7bf15ce71291aaadf127218f90b565e91fba589956f0f68c6ffb19ebba,false
XSS-0772,xss,PayloadBox/html5sec,1ab3d65c694502acdbdd4a1f7aa19bd7d70eaf22b4cd923a5576a68f8485efba,false
XSS-0773,xss,PayloadBox/html5sec,78c63dc6303ed0e9b235e159fdfa0eaec8ce7eae6100ae934b655e4782cbc1f3,false
XSS-0774,xss,PayloadBox/html5sec,486e24530b94ddffd0d620c5c7cd856612632e1ec721939a1c07ee7963510342,false
XSS-0775,xss,PayloadBox/html5sec,cb0ad2c37860ee875db3eaa58c2bfafc52c3187d8b9dc8869d7bd475629e404c,false
XSS-0776,xss,PayloadBox/html5sec,a867e71da6711229201a0f901d146af08170df18f9327b00085c7c6721a72a4b,false
XSS-0777,xss,PayloadBox/html5sec,813ff2197714c83650b36ae18332c777c3024faf7f74cac932d0df64d3ce560b,false
XSS-0778,xss,PayloadBox/html5sec,c463fbb534161d1c31df28fe59a1e81b716a5cb931858f61b87833594fba2821,false
XSS-0779,xss,PayloadBox/html5sec,3e2e315a24b36fc71dc99ce1d9e54c6488832f58a41b2a1ac4b96e488c6e1036,false
XSS-0780,xss,PayloadBox/html5sec,c17e582706512fa15cba82064d084f45247297819f486afef9e44a294887918b,false
XSS-0781,xss,PayloadBox/html5sec,b81e46ab12cba9d4e5f7cf097b966aa9f58a8132d3dcfa220a6bb47c60c76ac8,false
XSS-0782,xss,PayloadBox/html5sec,91417aeec8fee4831c92b16ec5c66f31676ec54923c0a7d201368d657c0d940f,false
XSS-0783,xss,PayloadBox/html5sec,1db7e2962fad13a83db15f53a05181d9c18a4f6ad89c3b0be2087a7d330dbdd9,false
XSS-0784,xss,PayloadBox/html5sec,09d719b68f4837aa89e38c1282c87bc5b535616d92f1ee7745da5e8366bf81cc,false
XSS-0785,xss,PayloadBox/html5sec,30468c23134f008950f6e926298e5ab259b1b3b47a23aba4870acac77c6972cd,false
XSS-0786,xss,PayloadBox/html5sec,67769087ad51de6a2410de7121e427549c525f2c8e58b063edb563838de12330,false
XSS-0787,xss,PayloadBox/html5sec,03fd09407a858b031c830066115128c2f9893237efdbe6c2a94c3b8219e2c9ba,false
XSS-0788,xss,PayloadBox/html5sec,ee9d9c13faaac337d0b50462ac308a7f6c5ea5d6b98f65cd76ce3686b3358488,false
XSS-0789,xss,PayloadBox/html5sec,cfc2850fa0dc94bbf802b54f55a6e16811b7b1fe953a78801eecbd06bb66d832,false
XSS-0790,xss,PayloadBox/html5sec,cc16d2352555970067222084f7d79952337fa60dcf9a582765343267a687ef29,false
XSS-0791,xss,PayloadBox/html5sec,4b7307a6153cdf316103ee2bafcf74844b2775c7a2cc4be051598a286c9f3790,false
XSS-0792,xss,PayloadBox/html5sec,642d23a5f0743f18e4f68c9929e0e151c5f69ebe7d9ff6c657483e5a87d64674,false
XSS-0793,xss,PayloadBox/html5sec,68d1c135202bc9fd0a830a89bbc6641ba086ef6728fc8653cdb1defd34ac0f11,false
XSS-0794,xss,PayloadBox/html5sec,a14d781352e2b86411111a17c49cf791b3754dde5d96bc4deaafdb9f82e34bae,false
XSS-0795,xss,PayloadBox/html5sec,b7925de5e43c8265e17e8a5a103b74e7dcad7f13a71c52647278337f2f1978bb,false
XSS-0796,xss,PayloadBox/html5sec,1ede5c1a356e205adbc8ad630f2b973a59e7cfd7493876cb91eeba15bf2301d6,false
XSS-0797,xss,PayloadBox/html5sec,fa3bf19977bfd44dbfd499dede25b2773b8055e84ef524b44076722f24d174a5,false
XSS-0798,xss,PayloadBox/html5sec,478fbbd91f6af708aa6ec96cf48a0bf994f5ea8252bcbe454db5bfb497893856,false
XSS-0799,xss,PayloadBox/html5sec,6b01e52ebcc57aa15c433e25f72995faf63fabf6d7e9ed7f0b704d5bcc626112,false
XSS-0800,xss,PayloadBox/html5sec,eb7c668746d76f32cf8493d28742fe9bda9661ed943604e78db19cb6d7a424f6,false
XSS-0801,xss,PayloadBox/html5sec,5d4f3cb3d89a14fdb8ef5ed088a19240bf7de52e202fc23542a7ecc24f44a43b,false
XSS-0802,xss,PayloadBox/html5sec,1a74259ee1335015cbd732e0db3def69ffab98d0ab582c746c27b60075fd5128,false
XSS-0803,xss,PayloadBox/html5sec,8663ea870e068f7b194dd290daaa06ff0f802eb6a1b9f7d42fcd8c57115ad0c8,false
XSS-0804,xss,PayloadBox/html5sec,063f8206e7a742f119e7656cd96bebc59c709eceb53224389fb8ad8e8ddbff52,false
XSS-0805,xss,PayloadBox/html5sec,eab727ef765d0ef94331f5994b7dec24198d0e09d5b981c7abbd364a888d57d3,false
XSS-0806,xss,PayloadBox/html5sec,a9f34821bb2e33005357acc53a35aad478b8bae611c52a6919f3274bb6dc790d,false
XSS-0807,xss,PayloadBox/html5sec,84c014199bc501ca44aa6b3ec988a2f0b869ec7fc94c836c34805ce9ef0dc73c,false
XSS-0808,xss,PayloadBox/html5sec,8aef5d1879b9833a1fd4352365233c1f4d260cc0bce47be00cdc59d4428145ad,false
XSS-0809,xss,PayloadBox/html5sec,7c052d05c1e32c7191de33b458d00c3e8af6bb22d7f0e53513b47a18572cf2c3,false
XSS-0810,xss,PayloadBox/html5sec,35ace4b551e879c3e5cdc07dbb783fb01a9383887f5942efbdb9b3d48e6b0e55,false
XSS-0811,xss,PayloadBox/html5sec,dfcdeddecaf047ef56062fadf73b77cac60e39d003db4cda057e6e2d9659cfae,false
XSS-0812,xss,PayloadBox/html5sec,9c21e1eecd03abbcf67c2e8af6cf27e810143da4493f82f8acc90c7c2ab350d2,false
XSS-0813,xss,PayloadBox/html5sec,a795c0fcc61e69140852899c7a879e4b3908cfb9f7b2a3a806628a727463886d,false
XSS-0814,xss,PayloadBox/html5sec,c0d036c8b01f5d7bc0b246b070745666cdad920254f79b97c026f107cab69ee7,false
XSS-0815,xss,PayloadBox/html5sec,191462ca9c5b52c47941961110551d7cedc47c7bad9e70632301d897b1bd2ed1,false
XSS-0816,xss,PayloadBox/html5sec,8a3ab585572c733352a51bfcf1d8187c9f50381a6b641a85db40e8edcd1b93cc,false
XSS-0817,xss,PayloadBox/html5sec,7d35ffd272c865c9a77c9695de2ca2485b31a43b8e04e6768072a6f0de72b493,false
XSS-0818,xss,PayloadBox/html5sec,beb4262224904a3adc51521a812461c2b3c0162813bdba9aba714b084c70d97e,false
XSS-0819,xss,PayloadBox/html5sec,cecd7dfa6999af625846b7b1aaa5f205e111cacb691e1ad577482e1d53627f0c,false
XSS-0820,xss,PayloadBox/html5sec,91619a9c76dd8dd4c8185f2cc336982aecb12064684baa8d4930b80c655ff878,false
XSS-0821,xss,PayloadBox/html5sec,463afad42638c53e42bad769247a6d2771ea60183a07b10fd564d2e1edd34e02,false
XSS-0822,xss,PayloadBox/html5sec,da2794e8ad18e8837d704aa359e9aafd31901a87ffacad25a5dc3690c0c4c8d6,false
XSS-0823,xss,PayloadBox/html5sec,f909a38194d9ad72aa66e6aa958d794621d28bdc2844e8f879fed5f80e34c08e,false
XSS-0824,xss,PayloadBox/html5sec,5a5445689e95e816e2578b64470982791cdb0158aa00b327b18dfa569d3c975a,false
XSS-0825,xss,PayloadBox/html5sec,45d56bb21b9e2d5d13d2e2f465e9212ec58132be1fc8c7821262de83f363a361,false
XSS-0826,xss,PayloadBox/html5sec,ee1f70d751bf194e9f09fa349a7f8c711a8edb2caf560061b80a570ba22964ec,false
XSS-0827,xss,PayloadBox/html5sec,7888052f01665b9c05c9243ac5d80adf8c865e59c4e9b48a55aa016bab4d3d88,false
XSS-0828,xss,PayloadBox/html5sec,74a41b0f4589b229711af505351ff3c294cd11daa13ca74e0cf1f81bd8b3f0c1,false
XSS-0829,xss,PayloadBox/html5sec,40928117d7e0e2cc88df7181ed9f3d0e8752ea0084d1841e1e241086643b41b4,false
XSS-0830,xss,PayloadBox/html5sec,2ac70c8837c083d004f77cd82efc637f57074c1ae36abe9a71c6a27c2f03860d,false
XSS-0831,xss,PayloadBox/html5sec,9f6006ab2f1a60563c42f02a606d39f0f2b7421d832f2a9a731012243a85b032,false
XSS-0832,xss,PayloadBox/html5sec,4e36da4f4b56066bbca2a280a2b4fb9905b16eb0028583135630f961f6a9cdd5,false
XSS-0833,xss,PayloadBox/html5sec,231dac4555b68a0aab5220a25d9e247ee1d09f42240fe69f77c0421b9e4cd982,false
XSS-0834,xss,PayloadBox/html5sec,1f200d9e2037527975b8c24039d7e533c419e7b179c49040be4dd8e68186ab8f,false
XSS-0835,xss,PayloadBox/html5sec,c354ca8b274ceeac01f1bc396e29ea410b05121eb647a01c0f7320762b5aed54,false
XSS-0836,xss,PayloadBox/html5sec,0bfa25bb9250cc43a5cafa71c14fa3c68d70c0e4c81e8f8daae04c4b12500cf4,false
XSS-0837,xss,PayloadBox/html5sec,1a6545a34b783e5e0dd233381cd7317509e5d148100d77126a73e07985bb971e,false
XSS-0838,xss,PayloadBox/html5sec,e13221908da608988d4d3ea7b5920d0156c32c97e8e450f1630313cbb80901ff,false
XSS-0839,xss,PayloadBox/html5sec,ac8b012de9dfd22be3f213aa414cc8995124204b9e1bc3561a747472f2c6cd77,false
XSS-0840,xss,PayloadBox/html5sec,567a826ab4f7cf1983e4e8b69edb58f56561227396ac6e03a4330f1021984d55,false
XSS-0841,xss,PayloadBox/html5sec,2a8eb4b46644ad6c576c65ebde52a11b624b714a56c0228e2481c36949972104,false
XSS-0842,xss,PayloadBox/html5sec,2e1bf304ebb5a9d8dd87805aebabf9d26fef576e7a2f449ed531efe285ca0227,false
XSS-0843,xss,PayloadBox/html5sec,66ac4886351a38c7760edebfc8b79b305a7e8444f6c70e553ce8bcd84f18cefa,false
XSS-0844,xss,PayloadBox/html5sec,354ccb8e54e2261fc184f8eab2ec04f61b80ed0b030e98d6f8af0fa43dbda2e7,false
XSS-0845,xss,PayloadBox/html5sec,0f88d9c90cd867795735d021c0b243ba5dd50dbc9d45aa1c0326dda467a614d5,false
XSS-0846,xss,PayloadBox/html5sec,0e4261b5fa2477be0f4be817ea9516e21795c193c80167843b41c0efca192688,false
XSS-0847,xss,PayloadBox/html5sec,a51412e9ceb398bda2c5d39b875ef81572ba2b3d8e4008829bc2998712a65fff,false
XSS-0848,xss,PayloadBox/html5sec,b20e77781fc526ebf4da9a39a63457c51321642231b6f711e8537ce69a36488a,false
XSS-0849,xss,PayloadBox/html5sec,ea2b116fdc4ce907a1d3a44ff8ce1a3ae571b3ee660698696ed60efd6d7f63e6,false
XSS-0850,xss,PayloadBox/html5sec,fe259ca353b29b3860ac2f685ad1ab11a239677865ee2e71a8ea497f874483e8,false
XSS-0851,xss,PayloadBox/html5sec,b21da650a316fda89f9c3b96cce9d73ac646efddf7a65cdd1c4fb7d323916350,false
XSS-0852,xss,PayloadBox/html5sec,9424fe8649c486fe179248052382ba71863a70420ed4747828df70e8fcc11dac,false
XSS-0853,xss,PayloadBox/html5sec,efc9fe1ca7afbb32e6c7812ba90b7854da5589ee2c8ef43841f0aa3dce5fb9d2,false
XSS-0854,xss,PayloadBox/html5sec,692571034f095de5b0a489b526a87ebe1c89e091aee9b345e4fde3ded713e07a,false
XSS-0855,xss,PayloadBox/html5sec,777fcab9ffa5bd1bbfcd7d58c3ed997b9b02de61ffa8baacd43c292fd6c80096,false
XSS-0856,xss,PayloadBox/html5sec,a2003aa1fc727775b7f61b51011d89882b21cd1ba705a5668be624b1d6c9d9b9,false
XSS-0857,xss,PayloadBox/html5sec,fcf4b77e5a20e5235774c4d4c0c3684dc82c52de16e559f5f603027aed171115,false
XSS-0858,xss,PayloadBox/html5sec,76a7a4e472e764177e43f5a26b3a06d88247c28857766be8a67e507adf45f1ba,false
XSS-0859,xss,PayloadBox/html5sec,bdb8751977796235e5eac3c0dc81ee84e6c87928e570753782f546b2e8308af1,false
XSS-0860,xss,PayloadBox/html5sec,6687e7db8347d7de42b717d51d563553023e1eede28194709789803ad4ef2d37,false
XSS-0861,xss,PayloadBox/html5sec,dfd374ce58253fdf39e452308a4cc5791728e628511611c70420a92a822f294c,false
XSS-0862,xss,PayloadBox/html5sec,414deffda6ac1a3b9fe0c520963bd570f109501df028f54033750561a44c39d3,false
XSS-0863,xss,PayloadBox/html5sec,0dd9716e78ef1a4f1f50b08a885254652a389963cf3f9fa63d0ea8f564617135,false
XSS-0864,xss,PayloadBox/html5sec,9d7e17770ff44734da07b097e4a80e5d0a71e0a653e371ba77d81fd59bcb868a,false
XSS-0865,xss,PayloadBox/html5sec,cf2882fbb90245892afd8a3725c503c12a9d6fe3815cca2c139d6b44b84d7cb0,false
XSS-0866,xss,PayloadBox/html5sec,05a489c872672cc338910a0ce705f7af674918126557311508eacacf9ea63053,false
XSS-0867,xss,PayloadBox/html5sec,9500b71db2e6b4251c1bd7b3085fa935e24ece447a24abad2b1baa98f8ed2f12,false
XSS-0868,xss,PayloadBox/html5sec,6a428386e0b8d746aa7936c71f0d2bdc52048caf512c4ced3c264d31ecd1bdc5,false
XSS-0869,xss,PayloadBox/html5sec,06a5064f9763eb09f077658d0a449e856d8c531a226ac0e7b866d7045e29c8be,false
XSS-0870,xss,PayloadBox/html5sec,ee76b7d80f5972d0253314617ee8c19657fc3b25138d633977339d7c7f47562a,false
XSS-0871,xss,PayloadBox/html5sec,e9307d6e0d4c31809ebba34e9611e5e96e083e3f98cfccdfdb02b445d9cbd517,false
XSS-0872,xss,PayloadBox/html5sec,a9fcfd05733350b695bf6c0634d6e92f00e60252cf3ed41fc1184356a7a6247b,false
XSS-0873,xss,PayloadBox/html5sec,0ababfaf6ff892318eac36ab58dd69c8ff60b3eeb1e3e322b7d3875ba4441dbc,false
XSS-0874,xss,PayloadBox/html5sec,5d98a4d020e3c9614453529e3324a1491d8bdcd33bbf28504c03af82747a4ba1,false
XSS-0875,xss,PayloadBox/html5sec,f6ccd7e8f30897236dad76b64cbdee248fc883d0f93fe53175f3de688134acf5,false
XSS-0876,xss,PayloadBox/html5sec,091df1650de452b1ffc41b4cc6b7e2095720d762d349071b49c3c505e52a9542,false
XSS-0877,xss,PayloadBox/html5sec,985d11aba5d53f0be31b2da843f5efd4330e7648bcebb8cdc4fbe779c736d331,false
XSS-0878,xss,PayloadBox/html5sec,b1f4748dbb9e47384c8e0d3a2dfb2b6482b8a71a655c6313b3a3b26796b89de4,false
XSS-0879,xss,PayloadBox/html5sec,a1d8836bfa8bb8e611f5ae4254e0e0dc7fce86b5b186c67ab007f6477af633b2,false
XSS-0880,xss,PayloadBox/html5sec,7a4e449207fe6b4f84c7189c406cb80fa9bac2e0718cde434ac905b1722e27ae,false
XSS-0881,xss,PayloadBox/html5sec,d2afb95bdbb72981359ae63ba2ef7799d68904c3d39cbe6e9d97ffa89707442d,false
XSS-0882,xss,PayloadBox/html5sec,a5b46150649b369ef40c94ee6b058afd2ce90a7daf02392c9e3d28467315bf96,false
XSS-0883,xss,PayloadBox/html5sec,4fef4a11cf4d60f57b31e75d3d21aa67e439e14374122a071f9c2d6b362bf792,false
XSS-0884,xss,PayloadBox/html5sec,41aa3145cb42b7463dd3e1d00d43f248423c2c9af47e0a2fe033e74c28029e95,false
XSS-0885,xss,PayloadBox/html5sec,0108d14093105c17e228130905ca261b9a146dadbe12629b2351559ae4bf0186,false
XSS-0886,xss,PayloadBox/html5sec,e87301e06791b23abbab637aa6f706a7c9051c8b05cbd4fc521ef19cae809d2e,false
XSS-0887,xss,PayloadBox/html5sec,a113dd8dfa6075ec4383a5fc2b0f2391e18f645d3bcafab6ab4dfba405656501,false
XSS-0888,xss,PayloadBox/html5sec,f19c2414effea6150964983729e52679da88fa5c0634ed79d8cff64ef1d8d232,false
XSS-0889,xss,PayloadBox/html5sec,411cbdb0329ca4b838903838acbbb46bce0a00be77226ffcc7867e1f4364cb6d,false
XSS-0890,xss,PayloadBox/html5sec,7a433ff4111692b213a4c6891ce0b565f08d263a2404436361e18671844d1066,false
XSS-0891,xss,PayloadBox/html5sec,639771ce66bc1cb52a51e04bf22ae2abf44798162e1fab5b0a172fc77ac4e046,false
XSS-0892,xss,PayloadBox/html5sec,8ba05712e23eebe8ebaba38f3f0dbd8525c2b075c5290424ae4171eac21bbb73,false
XSS-0893,xss,PayloadBox/html5sec,ff482ddccc5667ef7d0b88ec1362a381a7cebf841afd2cb36fbcb550491a2520,false
XSS-0894,xss,PayloadBox/html5sec,5fa9c93aac94a94979b3b9648fc5ed20d7f0e9511552d04f7583ca867ebbd641,false
XSS-0895,xss,PayloadBox/html5sec,e5d45d6531152b347a598e69c19e9d7267e54abcdf260c8f7dbf357e9f6d0ad5,false
XSS-0896,xss,PayloadBox/html5sec,d3134f8d14172237615c7fdd189b1132c74fd9e076cc0af5bc658dc2c6eb8219,false
XSS-0897,xss,PayloadBox/html5sec,0153b4c45bdee9bc262f8e7140def8f37121c92a3f7033afbb4be5dc92535e28,false
XSS-0898,xss,PayloadBox/html5sec,1fba4f38197b9b9f848b072c672706c7ac22d11de0da6f35abc711afb7ebba2f,false
XSS-0899,xss,PayloadBox/html5sec,b7c2d53c424254fecf57cd44abd74ba892994ab45654ac4a18969e35e329f476,false
XSS-0900,xss,PayloadBox/html5sec,7a841d2c04007d4446f2ece8a19a9cc780f2b80b6bd13d3990cdfa4b5f76de09,false
XSS-0901,xss,PayloadBox/html5sec,8c0a5250ebcd0f5372af79082c04f05cdb3c0d539ff9653351e842ed61271c65,false
XSS-0902,xss,PayloadBox/html5sec,20eb9e81ddd74939bc8a8573a60bf5829c5ebfc83b9d5df0bf9e94cb30b15875,false
XSS-0903,xss,PayloadBox/html5sec,0caa7c5994a49b200e248935311c2289d6637c5cf5bdf2a107007a48bb18ce4b,false
XSS-0904,xss,PayloadBox/html5sec,3c6f23144b7f501cde7a5ef2e417ee16057cc760834e1e48ac9b57af83cd555c,false
XSS-0905,xss,PayloadBox/html5sec,4ac1682ba104265928ec28bd57a9ce65ac60c97c011755a4a7a0e9098d5e4f2f,false
XSS-0906,xss,PayloadBox/html5sec,dd86c3c41b2a9ac1ddcd05c1102e0fcbab2bc19596b9707b3581c362283fb9b5,false
XSS-0907,xss,PayloadBox/html5sec,668f591b38fd1ff59349730a78ceb4e994b35765677ee9f3990660ad4fc07069,false
XSS-0908,xss,PayloadBox/html5sec,621ab48bbd683f5579a861a7f56a5ca6c1981f503f89a2b88bd91215d87e1c0c,false
XSS-0909,xss,PayloadBox/html5sec,17a64cf7c63734fc6b52675a5661c4fa84c9ad1d60291489842f97ef18eb724b,false
XSS-0910,xss,PayloadBox/html5sec,3e687de50f29eb1a8a028fa5484a1dd9420458d0a14d5e6bd949d27443f69943,false
XSS-0911,xss,PayloadBox/html5sec,a486710c0deb1a78e54c8e7a534bfe71c0d96ad386dede0743d8695bbd005303,false
XSS-0912,xss,PayloadBox/html5sec,6302212f7c0c43e716accbcc24d4d264069a234b31211d0be12dbbd4779f2d92,false
XSS-0913,xss,PayloadBox/html5sec,c9cf5a307460108b215cc462fb1e3af89bc34d1b8f887c3826fb11b25ce4ac9e,false
XSS-0914,xss,PayloadBox/html5sec,2f72206e88c0fbfa372a9991ef8d2197840d899cc3504f13d0d17d5cc8131505,false
XSS-0915,xss,PayloadBox/html5sec,76ee24aa6bebed653a420765d8a1d1a901eb919c3e850212c90aa2f12f065d18,false
XSS-0916,xss,PayloadBox/html5sec,927a036db1eaf8ad8946bb7e340f51820fa27165e5526713f3c103c5ded3d50a,false
XSS-0917,xss,PayloadBox/html5sec,054634d3a04e96d83df842b73fc6adfa09722a8c41d6e355cf05f3b13cf39674,false
XSS-0918,xss,PayloadBox/html5sec,f8cb5c9c3b54ada4bd5186e7c20c3b7ef876433d2bc85f4c984ff3dd3fa13e9a,false
XSS-0919,xss,PayloadBox/html5sec,e4fe1007d22a6e66ce612b92773c2d7090b531b19f530fb3b89011c78753ab49,false
XSS-0920,xss,PayloadBox/html5sec,608d37af80fbe6f251cd73414ec18ce4f27ad213d8f39d2d970ff9941c680c6d,false
XSS-0921,xss,PayloadBox/html5sec,7274ec3e550eb18da3e69df7a662e653dc2564c3cf8bc8f59278bfb4aefe4804,false
XSS-0922,xss,PayloadBox/html5sec,278f59ea42fb75b9c70ed6f51dae528ff43388e519dc61ac32ed7bf65a7098bc,false
XSS-0923,xss,PayloadBox/html5sec,afe7ba49385f85b1ad1fdfd46ab05045ce83d65c4d00d321e6da05ccbcbc18d5,false
XSS-0924,xss,PayloadBox/html5sec,1ae03db75883ce524b37069e562306aeefa647e57ea8dc440baa52b10b4a042f,false
XSS-0925,xss,PayloadBox/html5sec,89fb5e296e20236ab8be702632cfdbbf28bd8084ba408bbd422ba11750a38999,false
XSS-0926,xss,PayloadBox/html5sec,b1e59eb90e3374be78f32e9371df1513930d29eb8247e05967d882a9fc27cef5,false
XSS-0927,xss,PayloadBox/html5sec,5a19d9ddadf8cb83e4547576dce91b18c7b5b4f93a7434b3579eec2951e87b48,false
XSS-0928,xss,PayloadBox/html5sec,b2f66031ba7e5562b3e003ff5d9c3b72ce69b2c65d2124871461a34e41d9a929,false
XSS-0929,xss,PayloadBox/html5sec,414a5f1928e9f5578e2a54261891f0f91dad3a5f9800c10bb2600124428a0e60,false
XSS-0930,xss,PayloadBox/html5sec,99a0206bfdb2f4258654f818646c2dcffe5bfb5bf004c8d290af7351d02388e0,false
XSS-0931,xss,PayloadBox/html5sec,2e3f49b9b0cefdef474996336399a65bda1bea7cef1a377f11e028d5446cf75f,false
XSS-0932,xss,PayloadBox/html5sec,76e65e8927f47823632e21a07dcf7085edaa720043245363def01606a449f0a5,false
XSS-0933,xss,PayloadBox/html5sec,a585dc9480f4e96f5711e5c38079259f478426f93e00e79202fa1a4ddd79b59f,false
XSS-0934,xss,PayloadBox/html5sec,84f0ba7d47e0cc89fd5d23313c7a530471d5ff153b18415a19cb34b95349cf12,false
XSS-0935,xss,PayloadBox/html5sec,8803eff3e72d76cf07cc18bccd4447f8b006aa63687272fd59718cbe9224050c,false
XSS-0936,xss,PayloadBox/html5sec,04725564108e052efa084978e6f147c77232e257f82e6a74ba1e6083389c1535,false
XSS-0937,xss,PayloadBox/html5sec,86ade13524277dd881b4bb7434d3655c40af72bd478cd976f9cd881546dda98e,false
XSS-0938,xss,PayloadBox/html5sec,3e5215821b39883008f9b7c12068e16836adff27e3df85bdc78d4fe143409977,false
XSS-0939,xss,PayloadBox/html5sec,74feb78bf23b380ea429eb0a5f8331c0fc25f7772837ec0659fa0cecc955cef2,false
XSS-0940,xss,PayloadBox/html5sec,125e4db657bf1615aab84b442efd9a032d951ca94e127965a0ef484c675cd337,false
XSS-0941,xss,PayloadBox/html5sec,b96168154218fae18c348f4c0871928d35defad9c56bbf83e018140f0d17a51f,false
XSS-0942,xss,PayloadBox/html5sec,0a2519cc1ecfe178e6ba16b7066ccab715b7aff7f5914a59c9938bca13c201cf,false
XSS-0943,xss,PayloadBox/html5sec,8d9372b6e859715146053679c87c5508e05d2ed755782460a20ec9d0d4253e45,false
XSS-0944,xss,PayloadBox/html5sec,e2d4942ba2e0b36b7372d72e81138fb57ebede4af3a54722cf5e7fc60da1c23f,false
XSS-0945,xss,PayloadBox/html5sec,acdd4e818759110d141672671774a53ea4a3286a5834c0b2880585db65d97f5f,false
XSS-0946,xss,PayloadBox/html5sec,66e67d02596b6dcb926a1235ad74725beeb4ce0806a47fc0da10a9e3a1b23ef4,false
XSS-0947,xss,PayloadBox/html5sec,f1d8bac4bdec2fc0725430f21dee52560a38c82fe3a791bbc3f55268e95dce23,false
XSS-0948,xss,PayloadBox/html5sec,965b54c32e68202157026b0fa8de9e96142ad1c8aea25bd83674da2539c6e762,false
XSS-0949,xss,PayloadBox/html5sec,f6980a336e0c049b3c402d0e3ece46aa7c0a4db122ef34e9b5661a2cfa00d405,false
XSS-0950,xss,PayloadBox/html5sec,8e1db05496b7d9f99a7b822a5f39d47d6c70cd25a322c5dfc1342555ec11a10b,false
XSS-0951,xss,PayloadBox/html5sec,b576e8ccc290c3c2a1d7a6079896ab527e5a798a0d0054979d7eca336b3c2922,false
XSS-0952,xss,PayloadBox/html5sec,9a8f2a438c22fa2341c66ca51fff8d529ae7f62fe3b2f0be4f642997c473afc4,false
XSS-0953,xss,PayloadBox/html5sec,2069077f6c8aeb88d86f07288f524ed8f21bf1789a10b3f9338c81c14045cb6c,false
XSS-0954,xss,PayloadBox/html5sec,7e00e5d3146a95f64ff4c28c3bf427e759391daeb706f82f2a9400489b6a92b4,false
XSS-0955,xss,PayloadBox/html5sec,57ccd0f3a308ede9423c359c14e7a2a29034ab919841f16fc2bf2e450c5580b2,false
XSS-0956,xss,PayloadBox/html5sec,6b621a4f18a59baf4a6494c626257698a278975dda7cdd430a7557b806bf8351,false
XSS-0957,xss,PayloadBox/html5sec,7fff70cc0a62b5130c69cc29438d20684d49ce0ff7254b2ea9fff9f3cd92134e,false
XSS-0958,xss,PayloadBox/html5sec,21d2cbd1adc761c19ab7cbda2c87f500373fdae5074bcf71f8b2620dc8175057,false
XSS-0959,xss,PayloadBox/html5sec,8892ce92deaccbb3c966008b41ae25c4970437cbf10c2275d3c48aa0115d4a2c,false
XSS-0960,xss,PayloadBox/html5sec,f31e8dfa5be1798c96d232156cf9dc440db9f8923ca25a8f6e7276001c1e10dd,false
XSS-0961,xss,PayloadBox/html5sec,4ae7968184b11d77c51d8b7d3dfdae8b5d5d042608810bb12c31156bdb8e5587,false
XSS-0962,xss,PayloadBox/html5sec,847b64d3b415a7325ae2fd5baf0f005518cf445167c271bb15a410d9fc10949c,false
XSS-0963,xss,PayloadBox/html5sec,0278207d8689590d293ca32668793a303e9995a6d8101ac9f959b3edb267a224,false
XSS-0964,xss,PayloadBox/html5sec,f9d4c855ee48ef2faa6fc9e5ac47907961eaffc0e67cc3e27f4bdc54eedc0923,false
XSS-0965,xss,PayloadBox/html5sec,1d3d2c227f722cc3bf7feaaeb555c335d69c74e4ad24a72ee730eceba3bd60d3,false
XSS-0966,xss,PayloadBox/html5sec,575204ca9242fc9999fd27ab61a6d25d3824dc391cb9ef201bedc72d6a620138,false
XSS-0967,xss,PayloadBox/html5sec,f5278720d215bc5a5e6d56bc265444381b389b11cbfea477966513e88f9f3d2c,false
XSS-0968,xss,PayloadBox/html5sec,f72384118381fce4db51699a202bd43f04ca514a4375fe96b160071681265ef8,false
XSS-0969,xss,PayloadBox/html5sec,6d15fbd91c1015129f6f33536cd85babdaa220321dc15a5810187de74b759754,false
XSS-0970,xss,PayloadBox/html5sec,6a803568b6f6a1ccc1f78ab4c8f03d130643b529b10e6bae9e8802b81e317307,false
XSS-0971,xss,PayloadBox/html5sec,bab405b1a880e1884388152eee4d4e5e2e94ad25ecddc697dd4dc202af1b22b9,false
XSS-0972,xss,PayloadBox/html5sec,359d1f35d7d3850d1cc0e4d2b13426140e8a7f87564d1f661b7dcc231a4d230b,false
XSS-0973,xss,PayloadBox/html5sec,f411120633ba2f6138cc555971e856c6a64c463c0aae54ad69a03e1335d557b0,false
XSS-0974,xss,PayloadBox/html5sec,87aae308bc131e22fd24e6e3b637a7dab5cdc06fb45eac1a69abdd7638b99299,false
XSS-0975,xss,PayloadBox/html5sec,83b40fefc5d9904a3361f941a3d1716b3ab82843d70154bc5325fe1893b3d0f6,false
XSS-0976,xss,PayloadBox/html5sec,2fd97ddccfafb89475fbd9af31b12ae812cd576bd107f30c32e2bac31164afa5,false
XSS-0977,xss,PayloadBox/html5sec,43c850a0415cc8e2b03e7541040d57d4a36fcb67ffa69f74cf4cb9a9e4aa1f31,false
XSS-0978,xss,PayloadBox/html5sec,8ee44956694d1b1e397394f40e9031ab8e4e0efe0b9cc13492bd68e498560e2f,false
XSS-0979,xss,PayloadBox/html5sec,dff19f2613468ef09bf18419340f661ba501af364cd3b1f4e802e12904bfd2bf,false
XSS-0980,xss,PayloadBox/html5sec,6446be6582ce3834f15fac3367da3784762b89e58a83d46978d802ab0f261c46,false
XSS-0981,xss,PayloadBox/html5sec,61e0efb268f7e886e9698dc83f7f1268d88ff355cd5a77af35c05be415a38e62,false
XSS-0982,xss,PayloadBox/html5sec,425fac8cfd2b177645d705ba9fbab89b9dbf418574dfa3d4acf200a6b074ec67,false
XSS-0983,xss,PayloadBox/html5sec,41999d5f53b2e297c28b76ed7c486b50e22710cf6720b2c4f9d8a2b67a6bf6bf,false
XSS-0984,xss,PayloadBox/html5sec,b451f743d60ea960c2592aa48cd9d946e424321e3cda02e734d6a9df50546d70,false
XSS-0985,xss,PayloadBox/html5sec,6a6797dd3d5c8284571329902976d0ef68e47bb346658c34e40c924cf99eff6f,false
XSS-0986,xss,PayloadBox/html5sec,008543070859e8febcc69effbe52fe9f088e3dd495ecfb9b2ea6bf460150b6f0,false
XSS-0987,xss,PayloadBox/html5sec,6925c22ea4d315880fc9df9c442c984686932b3192158b695c036846ff3591a8,false
XSS-0988,xss,PayloadBox/html5sec,efd7ffef1aa0570a5c17afce146bef99189f83d706a251c95c7d5ab540199dac,false
XSS-0989,xss,PayloadBox/html5sec,ccd385817b62d29a25f613b50d80c97ddfbefde9b27d9d87f47dcbb6dbbb2e2d,false
XSS-0990,xss,PayloadBox/html5sec,b4fbe589c861e36e3032b665ea2515e7a168fe778928558c81eaf86d6910fdcb,false
XSS-0991,xss,PayloadBox/html5sec,b5cdf18621645f2cbca42a2d79317ecd377c2b134218556bc9b1b81a80254d22,false
XSS-0992,xss,PayloadBox/html5sec,1eef4557b7c02ba019d1e8d323e982f7f07f09afe4381fbc70c0dda0e6dce159,false
XSS-0993,xss,PayloadBox/html5sec,7029901df8a244ddab831c2b02fec04b1967358afd0330060aa1a9dd52651ab1,false
XSS-0994,xss,PayloadBox/html5sec,f27b2897dd654ce9a0838c63d5a3487b622925ed8e91a020f08bbae1ecc5d526,false
XSS-0995,xss,PayloadBox/html5sec,93b6c068fc6f102db0e9e0ec80e727683653b9ee80cb65d4b638e573dd135d92,false
XSS-0996,xss,PayloadBox/html5sec,87e5f8ef3f47861e6ed45830126e020fe523f626c86ca82ae0485750cb957531,false
XSS-0997,xss,PayloadBox/html5sec,07763e2fa6348eb2ee07c28891176c761551218514b065b55de0ac611415f7a9,false
XSS-0998,xss,PayloadBox/html5sec,5e3976b3d0795aa95b21fea9198f98b180d4221d7232be85e674be239e50c4f9,false
XSS-0999,xss,PayloadBox/html5sec,7f983610b798c7080c5621019a24046f21f5a18be7d7423fc3b3d40791910ea4,false
XSS-1000,xss,PayloadBox/html5sec,ecf47fd150e7ef3fe96bc5303773fce8601392ddc6dbee9269e5a7208db10a83,false
XSS-1001,xss,PayloadBox/html5sec,c4ae1cc43af13e063c44edc1bf8564ceacb2ec74ec4a17e9db9dad2134c7c9a2,false
XSS-1002,xss,PayloadBox/html5sec,c3b22a1a2d779fe4a058c3c39f13905e01b82662bf32970dcf9a18a985ae5cfc,false
XSS-1003,xss,PayloadBox/html5sec,7de526a2f8473f4691538ba9afc1e32866a18f7bf9506c592728c846dae432c2,false
XSS-1004,xss,PayloadBox/html5sec,626c18da033ff58755b1fe7fe856ec06e7abdf0b8d2ebd9f5b81825c8d5ec1cf,false
XSS-1005,xss,PayloadBox/html5sec,681055ad029330ea81f87479afe80ec6cad8cf0970add1d783eee57c246c629f,false
XSS-1006,xss,PayloadBox/html5sec,91a20d5867e751052a0713897ad4387778ffe8faf360cb397871b5350e11d375,false
XSS-1007,xss,PayloadBox/html5sec,56be1a12a6d261222848ece41d0e68874c87f2138165e63d1b654d62c2c769a0,false
XSS-1008,xss,PayloadBox/html5sec,ae578e587bd82ad82c12f862a37b3915219b43d66f54beedb8204959dec60819,false
XSS-1009,xss,PayloadBox/html5sec,fceb5b5eee5f08056979b1e7c1d09e725599292dd494e159ffa2a7540359eb26,false
XSS-1010,xss,PayloadBox/html5sec,c12497a091e9e4dc4772aa72a92011e9b8b5ea4aaf55e672f413ec884ff5e103,false
XSS-1011,xss,PayloadBox/html5sec,1676b3913564ace8108b3d2210d34bfa43205b5a50284bb34e0e4d9273f3006d,false
XSS-1012,xss,PayloadBox/html5sec,4420132c122f0c37edab87cf6dacb3dd25a00319075832240c83f77e8113eb91,false
XSS-1013,xss,PayloadBox/html5sec,e6800f399d7f241a28925d624068783afc4ddbafbb7de5d637151a8c3222246e,false
XSS-1014,xss,PayloadBox/html5sec,867a3359ad623197fd1ac54e7adb8893926b8dfee835ede94d6e8f3bbf43938c,false
XSS-1015,xss,PayloadBox/html5sec,9214b4aabe08b5d84fe2e05060e2e892723e9a1aea9c9bf43e97fbcd094bd97c,false
XSS-1016,xss,PayloadBox/html5sec,ace750c4b4991e203be4aa75da8f04afde167fe87e32607f3d7a1a197842dc64,false
XSS-1017,xss,PayloadBox/html5sec,9503e18e730871b12c7a02f43a54e34d7cea41f1fd6380ffe8cd5a5e67af7528,false
XSS-1018,xss,PayloadBox/html5sec,505a03d8f10e5e02cd8a668bd0d5be596c34aeece33882c11f2f4bc80cb248b1,false
XSS-1019,xss,PayloadBox/html5sec,56bfd80a6ec764384e11f40dd69b047dbe54b5ea6574c6ce3ec8141afdc699b9,false
XSS-1020,xss,PayloadBox/html5sec,76cdcfeda83026daa35ffce0e42a7cfc46d5c1320b15637dad2aebf8647bad58,false
XSS-1021,xss,PayloadBox/html5sec,f4d3e2952d6f8d53d693e9e6a61a584539c3ba7661383ea6d1123ed3dcc3ae05,false
XSS-1022,xss,PayloadBox/html5sec,a085d5cafea392894ecf537a591cfbfddbf437d580e44740540a3fdd152d646e,false
XSS-1023,xss,PayloadBox/html5sec,3dd6295d9bdca5ef042ad461aa69ee5c084e716f7a88ec7e84056f36365dcc85,false
XSS-1024,xss,PayloadBox/html5sec,72a5b62c27f3df2b41a3eabd214c04b4ed881a3fe7672e41583cb2d9c0a45a40,false
XSS-1025,xss,PayloadBox/html5sec,b8eb10b0942c1c0f6b44f37aecd81a97318c5459b1eaa5c894d5037cd4c465e2,false
XSS-1026,xss,PayloadBox/html5sec,a189f9e310e5edced40c2a90cd3f0c92ad765297bc0d1faea6cd5d3dc5b71a4e,false
XSS-1027,xss,PayloadBox/html5sec,8a963e2b8e671ec481badddcaec58d85506c1e7b886f114809c1dec88474f7fe,false
XSS-1028,xss,PayloadBox/html5sec,a2b84a72397f9f57b48567929bd2fb1fce046c2c4c6c429d15a7cd9c340156e4,false
XSS-1029,xss,PayloadBox/html5sec,47239374fa3c756ea6a1e8fc68120af7a35ae545ef6d436a3f57894b5420f0c6,false
XSS-1030,xss,PayloadBox/html5sec,9d7e1d8e4c0db4ec238e02b066cf62ea83e7695e7b6c2d97f2f3f28e9c2ed9d5,false
XSS-1031,xss,PayloadBox/html5sec,d87c67fbc2e3c32654829053466bde3272c9befcdddc610248c44153a6d57e01,false
XSS-1032,xss,PayloadBox/html5sec,8b03485b341c8dc6e070e87a49668f72a1d2a81bd2ccc7fcfbe454fbb83e706a,false
XSS-1033,xss,PayloadBox/html5sec,0300b592dcb0ba07d69b54ef2a879636a090150dd4e1afe0912bfc30aa9eef5c,false
XSS-1034,xss,PayloadBox/html5sec,2cc5731018b5251cfe29e3f2a0371fc15e1e08eb5ae54861f1e04b50d59f2002,false
XSS-1035,xss,PayloadBox/html5sec,64309b2bade279e30b616d5c9f227a56c9867cd5750e03f0a49b3c1c4772f210,false
XSS-1036,xss,PayloadBox/html5sec,d2aa365b5ea809074d98028c60b7cdeb8257c824641de4146c2486232bc6b757,false
XSS-1037,xss,PayloadBox/html5sec,26189ad03155c50916e3148e7e2c4ddd0a163c97d3de7637fb8b1f8e93757c25,false
XSS-1038,xss,PayloadBox/html5sec,ae7b439c5da2f1ab8599482ce8791b7ec1e15717d8b01e9bec331b415db5cf76,false
XSS-1039,xss,PayloadBox/html5sec,cbb959655ab75ddce35dd0ac166d0abd22c16f14b32dcf4c499e982e5a3e753f,false
XSS-1040,xss,PayloadBox/html5sec,b0a0e657623ba3b799036aa50281b0d44ffe3271f0ccd0795b86ebd42c2f8677,false
XSS-1041,xss,PayloadBox/html5sec,9a3d4df423fe5383494390e0475bece19c919bdca4b39963eb1f7898ff84625f,false
XSS-1042,xss,PayloadBox/html5sec,a981d552ee1097f7e4361236eae1121c65200463ff725ef6b61b156799bae339,false
XSS-1043,xss,PayloadBox/html5sec,bd79831620bffb54b1c3658215e01c0a2ccb0915e2c9a0544668f9294539f3f0,false
XSS-1044,xss,PayloadBox/html5sec,b9ab62fe47fb7eeb807062b11e47bfb0fd7031f69f8ca3be805a891534ebbadd,false
XSS-1045,xss,PayloadBox/html5sec,1e8187971b16346967505dd5c12be77d34462b5547324a6f3eae623b28b27543,false
XSS-1046,xss,PayloadBox/html5sec,36e47d5a33bcfa5a1c34f767674557eb7b2d5c4bb34c8e0d3e368633bacb4225,false
XSS-1047,xss,PayloadBox/html5sec,782b5199ae84c0bc174848cce6f91f1e11b562b3c9c413ea38479eda9fc0c9e9,false
XSS-1048,xss,PayloadBox/html5sec,4704419b980edbef6da9b7533b98bfb85ec2130b512b099a33362241879140d0,false
XSS-1049,xss,PayloadBox/html5sec,2f91fc40305899929275a524d810e6184a47c47b09d263ef036a215f3891a1f6,false
XSS-1050,xss,PayloadBox/html5sec,dd1b49ba9751d655bdef29cce8ec74c7420fdb5c86766b96f1c787d5c3d408b3,false
XSS-1051,xss,PayloadBox/html5sec,5af8a0cc4bbd493142448302066ea4ad0185b8eb5a3fbd2d4447e17ff92c7852,false
XSS-1052,xss,PayloadBox/html5sec,e3b86b99dae63e44912f8d1839aeb061320ca515f70749edd0f6aa61cff23c8f,false
XSS-1053,xss,PayloadBox/html5sec,1b0bceff035d953723f927c8fbc8b449da1e65499394ac71a50e8de799e5e588,false
XSS-1054,xss,PayloadBox/html5sec,2c065052512e3dab3284db86791197f1d796ae228830ec8504d78e8893f8b523,false
XSS-1055,xss,PayloadBox/html5sec,b58d9bf246aaaa1b7d0befa029b3dbaa2478fc1bbef561b9407115f5e103c514,false
XSS-1056,xss,PayloadBox/html5sec,50076a91c67245b911d388a59b47b87522528bba4b1c6b04a79d97cd42a0e0e3,false
XSS-1057,xss,PayloadBox/html5sec,a687c6cd87be623f7451e322cc52c08358710229f7fc47ac70018cab5aec6778,false
XSS-1058,xss,PayloadBox/html5sec,1dc913b2f8795bd842818de233612db83d843bce393d83de2e75baa672391b4a,false
XSS-1059,xss,PayloadBox/html5sec,5032fc029a476979620ab9586b2b31dfd1fee8c742662a28665dac7e3cb3ea11,false
XSS-1060,xss,PayloadBox/html5sec,136eababef8cd7ff25887dd2e4ce875ef7ca1918fbe22b092d6e55b620018012,false
XSS-1061,xss,PayloadBox/html5sec,e751b91d3a9385a801e096b1104b477133f281f0f5d6470f995aa49f761e8300,false
XSS-1062,xss,PayloadBox/html5sec,e21cfa9a7f9931c3550e224b4e05fe52ab04557a50bea974b8941ebd78a85255,false
XSS-1063,xss,PayloadBox/html5sec,d9c5ab4ee70a0e619d59598b555c9184bc099e928649d5d9d3e56d506c6eec89,false
XSS-1064,xss,PayloadBox/html5sec,57d7eb982344a6849721efe1a3a1593c781c27bf17658836774882e27cd975c6,false
XSS-1065,xss,PayloadBox/html5sec,046308c541ef2c9d4028e6f96ac65cf330c220116a644613b39bcd7ba2e54a3b,false
XSS-1066,xss,PayloadBox/html5sec,b4877056bcfc0e38cb73929f52fdc5faceab72483f42f93facd5623ab053ae4a,false
XSS-1067,xss,PayloadBox/html5sec,b149f971e35d06df7f03cdf75686458162dc12c7732967348c04e3f1b6ae8108,false
XSS-1068,xss,PayloadBox/html5sec,5a5278c59368ba2acb169243e7a327bccea656b8237555e1a39dc31476fe37e8,false
XSS-1069,xss,PayloadBox/html5sec,085358df0282344add9b8b5a0bfc10fda59b73c92883773347673254a1ca817d,false
XSS-1070,xss,PayloadBox/html5sec,789ca8e6d63d6bc686668c717ba3a27eebadd2d55f432fe3f4280e379b49b9bf,false
XSS-1071,xss,PayloadBox/html5sec,3b8648a555a2ad4b0001df29912f1d7540e4f31323f32fbbe46202f559845005,false
XSS-1072,xss,PayloadBox/html5sec,cf4e97288be3de0bf374140a853fa70909a175c09d0761c89fdec9b687c0d696,false
XSS-1073,xss,PayloadBox/html5sec,1bd5f817aeae1a25ee49563f8b82b2443e1d1dc03a77c64c809e5b25b48401d2,false
XSS-1074,xss,PayloadBox/html5sec,c69276d67c091355e72adc17f67d1fcaab63dae8e879539c7e434ca9230abe30,false
XSS-1075,xss,PayloadBox/html5sec,81560479c5d97bf6e93f98ed35e81afd2e14c10fae870366714da483f789f964,false
XSS-1076,xss,PayloadBox/html5sec,9b5b16976501ff45a33666288e85d64cbe47def20ae76e8407a0d759f36fc20c,false
XSS-1077,xss,PayloadBox/html5sec,94915cae28bd60a7433be145f4c01ad79d9caa8b1b7f05a06d8dafc6ae7331ba,false
XSS-1078,xss,PayloadBox/html5sec,df01694df324390cd5581b8d6fcf3ac8fd9def532fbd2e9d32c72f26b74fb485,false
XSS-1079,xss,PayloadBox/html5sec,e6dcb540c2e61e640efc2a0feb9ac5ec35966c2ae4144be2c43d539fed671b93,false
XSS-1080,xss,PayloadBox/html5sec,c65bca60d2a0844650b25432f779012a2d693ed82314ef39d38d6d668e74d021,false
XSS-1081,xss,PayloadBox/html5sec,84193dc3910ae712a4e59e5967b2c744a554e78af6373014e5c517599f742e99,false
XSS-1082,xss,PayloadBox/html5sec,50046aa3ab38809b3d43b110bba62c318ba49ba75bb01db21121f8bfd80d2c75,false
XSS-1083,xss,PayloadBox/html5sec,5f49115a725e126b5256eee0a234076fdeaab67230c0548379d51cc084225930,false
XSS-1084,xss,PayloadBox/html5sec,3813e8c9a509d11a23a3b82c5e585dc4427107c75d9d807b10c6c2dbb7f017be,false
XSS-1085,xss,PayloadBox/html5sec,141b9112d63bec5c5c357e30866dd047c5ddf0a030c844a9727f8a07d3a72d6f,false
XSS-1086,xss,PayloadBox/html5sec,3e48bc35dcb0f55a9e0d188d4452a84449ec0098cc2f551600b0d395df1e7b49,false
XSS-1087,xss,PayloadBox/html5sec,27fb298cd96ef6c99bb5ccfe8e88aea0076b82f74384b61512b76faf06312e5f,false
XSS-1088,xss,PayloadBox/html5sec,9b9469d3c0b7c70c2d28098790234d75ad421aca52258cc5f09e015f98c00e9d,false
XSS-1089,xss,PayloadBox/html5sec,6750e8e22619ebde3050a021a2735edfd1e433e5b5513e8cd377a1abe615a641,false
XSS-1090,xss,PayloadBox/html5sec,aebc98373e5d08a844086b43da1f19a3aeb173efad9cd79f204f090a9033c08d,false
XSS-1091,xss,PayloadBox/html5sec,15b7f19b032076e781bb016bcd08f89c57ce7acca2cf68ae39222d736db2d869,false
XSS-1092,xss,PayloadBox/html5sec,1adbbd0a14517ea3f8ded517b3003be61cf617a52ece634d34aa87a3a949a232,false
XSS-1093,xss,PayloadBox/html5sec,9bc03d6cd1dc22ce227062441e0c9a1d31908dc50a86201b86132767bbfc34b0,false
XSS-1094,xss,PayloadBox/html5sec,dd915b8b0b14ee9fe554037c0ff8b12e5ffed55e0765212d7e52ce9db1fe00f5,false
XSS-1095,xss,PayloadBox/html5sec,d003714e11c615c2f0bdd58a4fe0d7936a286220a492775980d017218e1062f5,false
XSS-1096,xss,PayloadBox/html5sec,c7b31e3800f1a49ded7551f736679d47286f6f3fc4b96d7e2e5cd2dfb5f82784,false
XSS-1097,xss,PayloadBox/html5sec,88d61da1faa40ace0d12c71b59086952996e83bf1e0e3e821f68404366745a0d,false
XSS-1098,xss,PayloadBox/html5sec,17b4c36eb823950517144e5dbaa18296d9698719336f354f512597e2e62b4da5,false
XSS-1099,xss,PayloadBox/html5sec,eea7a28d8907a04df974b3e3afec329e9e5a917f4d890698837af631d345ce05,false
XSS-1100,xss,PayloadBox/html5sec,24dffb5cbe53df0ce8074331eb69c0b03a6ef3ea9f087d83556a8927704bc3de,false
XSS-1101,xss,PayloadBox/html5sec,2248eef144a58554b55c8f2c6a8998e009690eec4a4a6c16471f7cb0e01d8f68,false
XSS-1102,xss,PayloadBox/html5sec,921cf7f47778021284d14551d73aa26a588a62232aaa597b4033ffc14824e0ef,false
XSS-1103,xss,PayloadBox/html5sec,18ff517a9283e728b2f3a0e28425b9ca73d161d07e7c68376392ef116ae9c793,false
XSS-1104,xss,PayloadBox/html5sec,f028f56323e3cf1331ad9de6f56803a6af584410792431a89491ce6e4670838b,false
XSS-1105,xss,PayloadBox/html5sec,b42ad76df38d438e8305cf601eae6f04548680e7ddf552eba158e0b284fd4685,false
XSS-1106,xss,PayloadBox/html5sec,4dd6870a73546550798b2850890ee17ee6f6e069ccb03571a90766750d9cc9ba,false
XSS-1107,xss,PayloadBox/html5sec,8fb68400b543e07faa4b35e58a671c690e13b78e71267052fc6afff76cfbf6d9,false
XSS-1108,xss,PayloadBox/html5sec,e983ed8a9c2407f4e2be270136ede14c45dca47979bb70cd8ad8277be43a8024,false
XSS-1109,xss,PayloadBox/html5sec,c13b90030636bcccd2f3acfbee8e0e5a0ff9a8b13acbd5d6de919a8df5a5d2b6,false
XSS-1110,xss,PayloadBox/html5sec,7cfaef3b97551dd3ed11ed3c943f2783e2165377712b47fa11ae3dce5b97489b,false
XSS-1111,xss,PayloadBox/html5sec,3a028a460d15ef062c503b0e32a148e7a0a6225c7e5edae370a51bb64334bef6,false
XSS-1112,xss,PayloadBox/html5sec,37c85ed65872f31c524898b72fb18340014b5d45e1c8905c397d6970c4692088,false
XSS-1113,xss,PayloadBox/html5sec,135ad4dcabee617a85a9dbeb631363f30a1548b593af767949d9bb7af8122325,false
XSS-1114,xss,PayloadBox/html5sec,d53f66ec501506365fc2a60dc2fdcae31c58e4f655b9a5c50be58e1fba3c88fc,false
XSS-1115,xss,PayloadBox/html5sec,091f3a006bf6107201aa66b0e76218b02d0bfed98ebf0de4615da7d7414ccff3,false
XSS-1116,xss,PayloadBox/html5sec,83e0c307778bde53237980eccf6173bb5b8b5232e08aa5b187e593d9eadf255d,false
XSS-1117,xss,PayloadBox/html5sec,f813913e6dfd4784d2301dd61089fe1b9e21dc2f0f0ed40ef038c0015472a871,false
XSS-1118,xss,PayloadBox/html5sec,2d91f052f23a8935c59dd3ef737c0c90be2316665a7942b3932101a796e1569f,false
XSS-1119,xss,PayloadBox/html5sec,7937af9aa3a0e5869fa140608e1af848623a7d81a205b6f1c1034b689df14d4b,false
XSS-1120,xss,PayloadBox/html5sec,913da6f2a0a55c0ed99067fe8774847a15e00d2a981e1b4e4952aee40e80d959,false
XSS-1121,xss,PayloadBox/html5sec,c6181295fc5b82360ce37b4de1b52596041602e304b8ab7523f48131b8ef5c71,false
XSS-1122,xss,PayloadBox/html5sec,e55eaf4b1abec05eb5a56ab5e19bf539b5a1ddfbd4b921fd5f1b1eaf0a286d09,false
XSS-1123,xss,PayloadBox/html5sec,3297ebf0a47464e2c355dc90a67936d3bb295da496f32a79355c313867c4b472,false
XSS-1124,xss,PayloadBox/html5sec,b0b4b1e0c8eb81191629dcc0653b2eb9a813b966fa016be98e813a06e5125c04,false
XSS-1125,xss,PayloadBox/html5sec,ffc992590cfac03def25fc875a8e89ec4ce4e3c07a11537e861f9c9817ad69ff,false
XSS-1126,xss,PayloadBox/html5sec,14dbc686ff3156e07a0d2d6a564aebe4a19fa56d73a0d04ca3cf2c60009a57de,false
XSS-1127,xss,PayloadBox/html5sec,2620f8acd9268b5845cea27b627c328b1b79c30d5559c6aca23aeae52bb2687f,false
XSS-1128,xss,PayloadBox/html5sec,93c100f5105afa3b6e9dd2f48fe2df8d714c73038e17eaf7412ce33eddff16a8,false
XSS-1129,xss,PayloadBox/html5sec,a332f7cde5dd0f3ecb1d961e0537e5c38d3fc28fa5faaf3ce9de9fa300167e81,false
XSS-1130,xss,PayloadBox/html5sec,850edec9357076ed2037ba7bbf15e923e3a175b0ea62295706d65db3d40562e0,false
XSS-1131,xss,PayloadBox/html5sec,9d4a67b2d40fe14194787a8cb1196bd5ca06199184319b4814b597e3cb3b5c77,false
XSS-1132,xss,PayloadBox/html5sec,d8bde9286f4ad71c52260ad0942428fc0f4ffbb615ba54e0a78102bed7c70fef,false
XSS-1133,xss,PayloadBox/html5sec,eb5fc837f36b51adfa2d05c71b7caaf56b061204ce2f8d9314ca4c2ab411f6b4,false
XSS-1134,xss,PayloadBox/html5sec,2d8afb4dfd43feab95a81de480b5c008ee2636659b7e1bbdff42f84464a7a2d2,false
XSS-1135,xss,PayloadBox/html5sec,b4f6799996d5bc3f067e5cf9127c906a3a406ddbfdcfe703810642cafe8eb651,false
XSS-1136,xss,PayloadBox/html5sec,3b6921a9b82198059cf7e6421c1dc7f1ea601a14b2abf09b66190b7e57e81a29,false
XSS-1137,xss,PayloadBox/html5sec,d43d8ba84f195072952d466d452d8a8d50625d917790bad258c401553f94baf5,false
XSS-1138,xss,PayloadBox/html5sec,a2a6a5b696903fd144f57c4bb848fc0be5d3f8bacb6b7b91fbd3746b7764d861,false
XSS-1139,xss,PayloadBox/html5sec,1fd5df4f3db949d6171ed7bde0ccff8a3224f04fa79297471493707cbc4bafef,false
XSS-1140,xss,PayloadBox/html5sec,f764f7e3c1f371fb2a2cbcc6077fce03c38b5066cf66673306637d33150337d4,false
XSS-1141,xss,PayloadBox/html5sec,d999e14165075b306ee23729af4e2e3ea96784ca53ed5a0537e837c69ab68a7d,false
XSS-1142,xss,PayloadBox/html5sec,b4f199e4627b8ed64d44d91673080cb498edce751c774a55995eb15377489c02,false
XSS-1143,xss,PayloadBox/html5sec,1290f5be0a02fa66eb26654514e687ac99bbcf8801b09eeb8be12efb9ea623e7,false
XSS-1144,xss,PayloadBox/html5sec,e5ad79bcb0cf583fa44fd5f2e696d019545f3dd98e76f74d7411e0b93894d99e,false
XSS-1145,xss,PayloadBox/html5sec,0ba48a88fa2b21ec622322d52d8dc6fc34b53a72a241be6e3da528599d2dc7ee,false
XSS-1146,xss,PayloadBox/html5sec,62af92c571a62a69a8b20144745914eb5e3f79796d300cf083f312e478e03092,false
XSS-1147,xss,PayloadBox/html5sec,24e4657d21dc36e7d4926dbc6a2e95597f4c57970ff2707598e38cb06c3aa19b,false
XSS-1148,xss,PayloadBox/html5sec,1c0aef973611d21024a275282d92fa0ca10076f4b28e25caa887fec5ba925337,false
XSS-1149,xss,PayloadBox/html5sec,073c31df3e5ad35b92a81316f168c2802a9963f9bfbde505baa1c03b39036a62,false
XSS-1150,xss,PayloadBox/html5sec,c0c3f539a8665631bd362f025b8a3a6150bddf253dee9db59b70fd0e5b7615ed,false
XSS-1151,xss,PayloadBox/html5sec,7dd267308461c16330df4ca11652b6bc9ee6aadca968d80a87c5366cd75b35cb,false
XSS-1152,xss,PayloadBox/html5sec,4b8c553b1b6de972326f6f6ba684118b937661d102a6c6a2e75dcdd964bc2929,false
XSS-1153,xss,PayloadBox/html5sec,29c4fb81c1de37ade4f78b195d57b094d6256f9f9b26d4188b4ac6779a5c226b,false
XSS-1154,xss,PayloadBox/html5sec,82f57c04d269512bc2eed62a236802670319be9e67475452c1560bba8b27e822,false
XSS-1155,xss,PayloadBox/html5sec,a075c158d64beaae4eee6fe8142b1ac2dd3874bb47d3241408c8705b30c9c8c0,false
XSS-1156,xss,PayloadBox/html5sec,6a38d389a7ae0cf8d949447637010831cfecb573dc459f64df17465e3f791837,false
XSS-1157,xss,PayloadBox/html5sec,96f59a900e582346f3227031cf51a144847f9f6ae7b6a4f8bb09bde77d282e26,false
XSS-1158,xss,PayloadBox/html5sec,a46e4b6806e734865af59c46e9eaba8ebd557482a1c72bd9e2bec89ff1735023,false
XSS-1159,xss,PayloadBox/html5sec,62bd1738b5dc55af8e74a20b786d99c1ee3ce1d12698a128ae6839bd78a26b5f,false
XSS-1160,xss,PayloadBox/html5sec,d64d8550c7a1b53ffa80853827f7f8c49f896e334babfa7938d363f4c85b9f3a,false
XSS-1161,xss,PayloadBox/html5sec,c62ce1560b47f4bf08ea00b1ea102e248520a260f6be9e673ce17073a5bbc066,false
XSS-1162,xss,PayloadBox/html5sec,4fd1d958645725691d9caa74ebdb83592e711092cebd0956815e5056f6a67353,false
XSS-1163,xss,PayloadBox/html5sec,18b1ffab56561c7a6f3c9702c53a88b08b69f218ae3bdc9f0bae6fa7044f771b,false
XSS-1164,xss,PayloadBox/html5sec,3420810f87111557af9ee06bd05e0ee956e8557403d129f8f5e9e066e4cf721e,false
XSS-1165,xss,PayloadBox/html5sec,2e2d1c0cadda96f090e23ab389bd1a63f49ee8eef847ef694620c4eddde3361a,false
XSS-1166,xss,PayloadBox/html5sec,ce711619ec6cae403c995f4e7cf4b80e540fb13259b1e8e3ffa7d5b0511dd62d,false
XSS-1167,xss,PayloadBox/html5sec,a246249e73cb508fd844eed93411e8091242e72f24c1c753af81dae307d4d105,false
XSS-1168,xss,PayloadBox/html5sec,93e4a7413c77a660dbd8e9372fe807d08d735c45ab4041e1ab9c3b1265663338,false
XSS-1169,xss,PayloadBox/html5sec,eddb21765e6786aca11f762307e8d35357ed2e1ad04308016d7e4ba94302dc5d,false
XSS-1170,xss,PayloadBox/html5sec,35321fcd923281e7022e730f6cecb394867b0081843d4451fe2f8afd594bafed,false
XSS-1171,xss,PayloadBox/html5sec,f80c95989db482b6152913fce0b240e564e5a82b945d7826b1891c184cb7db9d,false
XSS-1172,xss,PayloadBox/html5sec,364319bcdf0c1363e1ecc570986b1469aeb3f5681810c7a9df0e4f58f9e2d1c2,false
XSS-1173,xss,PayloadBox/html5sec,5cb5298b58f2b2ec3d81851b57a86242dc901bba4c651f1d7e6a62ae183f794f,false
XSS-1174,xss,PayloadBox/html5sec,99ad55ce988076082f5d6f2ef74b7fdd40d61db719f257efc4ec2a37bde2f1e3,false
XSS-1175,xss,PayloadBox/html5sec,f41e3f626f74927b464473413f34eaebdb74c5bdb403cc00a8558cc68b66cbde,false
XSS-1176,xss,PayloadBox/html5sec,cc2d6a4a308ade3459bb94d2ca71bd58d3cb72d97a7958cc83b860aa975e6008,false
XSS-1177,xss,PayloadBox/html5sec,e4da7a6dd79921a30dbce1f9d383c1292cdc7c396d5048c4889fa9141920b36e,false
XSS-1178,xss,PayloadBox/html5sec,f61fd0fa99bc3ab699f4e41021367146a89367b09b2d7fc8a4e1172b85575fcb,false
XSS-1179,xss,PayloadBox/html5sec,bb7bc13a23cbfa91ac61759284d48c7bcdea20a0fb1019f12cbc5c007167adc8,false
XSS-1180,xss,PayloadBox/html5sec,64e78346f1f874a87488272cf706449af1a64434709addb860e5ae78f7fc3651,false
XSS-1181,xss,PayloadBox/html5sec,94e069c8a070f235bdfdd7a34d65ced14ceed4094b143d634c2751c6bb2a5353,false
XSS-1182,xss,PayloadBox/html5sec,d51231703a0c1160462e09a4e26df62513268fb2c20b46b9830c62fa2ff1a00e,false
XSS-1183,xss,PayloadBox/html5sec,4ae252acdfb11c1a177a16700c4143fa0d50a374d7a42acad5626cb702ae618a,false
XSS-1184,xss,PayloadBox/html5sec,117ea1a38c251205ab7e2710dc71cd944d86755aa2d56645b2c3baa8092bfd62,false
XSS-1185,xss,PayloadBox/html5sec,7d7d13b9d3647d9a3e28b1e48b5ac7ffa1daf4d16ce208f4f6a4a339f2c968b6,false
XSS-1186,xss,PayloadBox/html5sec,a57242ac1f9ba955156da30254c5a1f9cdeaa2406dfef2496057ee21c0206786,false
XSS-1187,xss,PayloadBox/html5sec,1ac03df85a62d2465bca6f4ae55b5ec1904ff754d948de4b6fc4d07095771d39,false
XSS-1188,xss,PayloadBox/html5sec,3e923200ddf2847f657b32c92c9cced0de5cedf9ef40ce1055193372e5404ff4,false
XSS-1189,xss,PayloadBox/html5sec,065e1d0f55304108f30f479ce107c4ba249439026624cb41e5f8068c419723b3,false
XSS-1190,xss,PayloadBox/html5sec,3c6df6861b8ccc2583d1e5181ca046eaa780a76177657ed2bbd386a8a0a93d9e,false
XSS-1191,xss,PayloadBox/html5sec,40b3a82014f8d2677b016c934fb54d3ce4540a9a7484c70eaa4523b9e4f68e47,false
XSS-1192,xss,PayloadBox/html5sec,984400179ee07d19d0d524dfcc2a8a5ef571549df7e858f2c956786db0c0190d,false
XSS-1193,xss,PayloadBox/html5sec,37302297de765dc6635a56435180b4d9e6913cf4adcac61b65e82fe4d947c803,false
XSS-1194,xss,PayloadBox/html5sec,fc847712b1665940bf6b2b7f3c83b6845b02d0235f5fd5ba0ef79e0c1f34b049,false
XSS-1195,xss,PayloadBox/html5sec,f1a3dc627115ee72d660265ad20124f7ef4af2e8c3a0f85d70cfb94c8379c03a,false
XSS-1196,xss,PayloadBox/html5sec,331070474828513c165f6ec0ac0b1f06b6f8159b6e3eb82be1e13932a61a79de,false
XSS-1197,xss,PayloadBox/html5sec,fc89b5f359578c4bbbf94944a535dc18045e57aea76120b8faeeb71a3b376693,false
XSS-1198,xss,PayloadBox/html5sec,a9a2a14cc7eb664ba4a7c02b645a91df943f5e511149bc0a689851d82ea61d0e,false
XSS-1199,xss,PayloadBox/html5sec,562f723a8a4f84d312dbcf2b5021d2fd40f6bcbbd6f49fc01366a2d21528dac9,false
XSS-1200,xss,PayloadBox/html5sec,ecb521fbbac5c4f57e9d71e0ec0f39c3157b4e4cb1faa42384a43bee04c29a78,false
XSS-1201,xss,PayloadBox/html5sec,68aa8d18c2a423e5d17bb68dd25a9c18d6a39a03111d118ee520f8c1c2f0890f,false
XSS-1202,xss,PayloadBox/html5sec,6985b9c6884ca4f9ea4e89d6e9a5beae1dbf59f6ebd2fa41b7b3cb9e5920d648,false
XSS-1203,xss,PayloadBox/html5sec,b26811b0d482994d15892e9335769b8bf38dbf46199b8952781e049f39f0473a,false
XSS-1204,xss,PayloadBox/html5sec,12953c88d85261d609ae1eb35e761d230e3ccb472f4d47fc6971cbe4864fc8b7,false
XSS-1205,xss,PayloadBox/html5sec,6cbd1a75837420c0cd5c847f8c3d04bc18296226b70c808bdcd463c029dc0b54,false
XSS-1206,xss,PayloadBox/html5sec,87230d157e1de05aad730e234183054603d152187ce4ca013b82a896513080cb,false
XSS-1207,xss,PayloadBox/html5sec,18777ac726afeda3ec6ae1475249d025b5687843aff2975728ff1b1833a57261,false
XSS-1208,xss,PayloadBox/html5sec,fd9a42b4b43ffaacffdb6da2f5a0d814098d217db7c979bcbad0cd3685545c42,false
XSS-1209,xss,PayloadBox/html5sec,f3a5d5a6493c26de2539d4f831c8975ea91e11e4ffad31c2ec59056fd0a5e067,false
XSS-1210,xss,PayloadBox/html5sec,2e0054d7b607d4bad4c4cb0cdb954eccfb8aeef34406e811e1541e2a8dc53477,false
XSS-1211,xss,PayloadBox/html5sec,134a2871be34ff850afbf3d53f0ac0004219ce7bae8e315b4fb6fd9c26328869,false
XSS-1212,xss,PayloadBox/html5sec,7569dc90c809fea61b15699247a45d2f284885082854e70b67d621449f223bad,false
XSS-1213,xss,PayloadBox/html5sec,a58a1c79e85272ae8c7cd127c0346a0a61a93aca2ee0f9849643e13ce7523374,false
XSS-1214,xss,PayloadBox/html5sec,66cecbba2d9ff4eddd9d1c78a4ed76b8e71ba6f215145060195137df8d310ed7,false
XSS-1215,xss,PayloadBox/html5sec,4530edbc914759c26a8340e1d812c13ba4a1997802589ce9aac9bc944d728029,false
XSS-1216,xss,PayloadBox/html5sec,cf54372f895a27fc8beb2de96127b4e7a2cef084245e52498af321a5fc2816c6,false
XSS-1217,xss,PayloadBox/html5sec,a4a2a1b0b975b4a88a5aa23e8908de65646b2b5ccae2e1b12a3c8ef099ffb85d,false
XSS-1218,xss,PayloadBox/html5sec,5dd7f4d7801ec23b60a4d2d7d6432a9614192b10807c4ac684ea3ed9cc6fe574,false
XSS-1219,xss,PayloadBox/html5sec,9c62b4e7ebcf425e65ed242fec663774efe5a2a9b8d4d6f5c3e31f47eb338ab5,false
XSS-1220,xss,PayloadBox/html5sec,06e54c0bad7411c61b137e9d5db5995490b006d6967093c7bc80d979c1455b13,false
XSS-1221,xss,PayloadBox/html5sec,9ba34a0ebeb30ffaa35d54c2e9511c134c6f7c1b22d6cb0da72339d013bbdbad,false
XSS-1222,xss,PayloadBox/html5sec,498814f4af4e0d4bad4d3b8a71d64017ab4049c6fbf217f0b49e4633c9898a5c,false
XSS-1223,xss,PayloadBox/html5sec,93daef418d15d62ae2593171ef4a2986cf3f2fb481ac9959993ece84187bfaba,false
XSS-1224,xss,PayloadBox/html5sec,127b7333c69e30db37b6564c7124c9a5f2c2304644ee1e7071da9e5a34796db8,false
XSS-1225,xss,PayloadBox/html5sec,2a31a15cebf6b35c94f07bf0c9e712b0dcb0cb522581e3899c93564a72b03ca8,false
XSS-1226,xss,PayloadBox/html5sec,0997934bcfb9c3234f79abf7780e21de51bc2441a4df10b0a507e014bb41f8aa,false
XSS-1227,xss,PayloadBox/html5sec,37712bc19e2379342bbee9912e7c1809fd7f8571dc9e7c09429da379e2b53a42,false
XSS-1228,xss,PayloadBox/html5sec,cf06537704d1cade339e5b0bc3e6e9d0c499d5137d07547e93126f229f58c569,false
XSS-1229,xss,PayloadBox/html5sec,5b3dd6f0a0470c7c9ffc7db3ebd48020e0348cbef892c155ec608806c9c50f84,false
XSS-1230,xss,PayloadBox/html5sec,121e571c23394304b32129e9e163c7df7838afffa4165c9135e4ebed751e67d1,false
XSS-1231,xss,PayloadBox/html5sec,091cd8fea4991cc8798c088eecc0ea548fc0acce1f3dae7c531ae162306855ac,false
XSS-1232,xss,PayloadBox/html5sec,5376208435bc956231f04ba85675d4b4209d72f74a56b8eec7109882a012ab6f,false
XSS-1233,xss,PayloadBox/html5sec,0195c9dc7c92928cabf4be57b62953449e89fdc15254e448fd6ddabb3ed8a79e,false
XSS-1234,xss,PayloadBox/html5sec,0045c23d7b601a7c68ee7a26377ba47bfb6634ca47a3e7e6e4e27d80c7a0445b,false
XSS-1235,xss,PayloadBox/html5sec,bdd86fcccf6f7205a0a7bd9d8da2d589a8a4c6c04f02e52a7fd26c873b510bc6,false
XSS-1236,xss,PayloadBox/html5sec,a64be1ee1ff25aaaa7e7c6dd02bb1c383cc87c8b4c5f64a051e96ba6467af746,false
XSS-1237,xss,PayloadBox/html5sec,6890847dbef8b532c9e4d77d0b907d4e1c5e04e116f8bea0ab88cefe17a68d65,false
XSS-1238,xss,PayloadBox/html5sec,13a275bb87f32f2c8b850d303c0d0474eda84d57ae07c300d344a999b6d0f907,false
XSS-1239,xss,PayloadBox/html5sec,a96d8acd488d938464cfdc161e51feed2e140ee206e27669fb40d87f321e53f0,false
XSS-1240,xss,PayloadBox/html5sec,1f86240e742605ad00b5a70302804b15bc4e3c0889c5cdaf5096e33c09f5d1aa,false
XSS-1241,xss,PayloadBox/html5sec,58aa367e316ca90617aae7de974ee87e6501f753f0be6d4b48b7905309d72870,false
XSS-1242,xss,PayloadBox/html5sec,60e8d09d9e3dd1424f36df6aebe4064e88219f8f54d105bd953010498f024f38,false
XSS-1243,xss,PayloadBox/html5sec,ff655154339aff4625abf507cfb2aefbd25a8891b4ef78204546630de6a7e112,false
XSS-1244,xss,PayloadBox/html5sec,7cd726df5e05e2d59fa3f8cfb6f51826efafa5aad30fae5e372fd7b5ec43bf08,false
XSS-1245,xss,PayloadBox/html5sec,09a17e5e536114ee392c76da34a75b483f4673e43b80d0da1da95b02f141fdc6,false
XSS-1246,xss,PayloadBox/html5sec,6ead171ca175cd5ee64d213e0253df9d8eabccd860bae002ab9f9f226e43532e,false
XSS-1247,xss,PayloadBox/html5sec,bb5742628185558d87e8cb4c05edf4f2540fe4b2d1722ccc2092af8396546526,false
XSS-1248,xss,PayloadBox/html5sec,935914e17c1a68c557b8e4ca748a54024f43501fe9634ed2bd6fc519564376a9,false
XSS-1249,xss,PayloadBox/html5sec,0273a1a690f07dadfaa7b5d453514d1e158758713fbe8272d41c8d47aff6bca0,false
XSS-1250,xss,PayloadBox/html5sec,43e6cd6c72c3bd4b4f90ee45d7f29282dfbe45826b8d22229210e9f0092d2e9b,false
XSS-1251,xss,PayloadBox/html5sec,5807170edaf79b723ea07c4873e08a5b0a6455dba011c3224cb9f668a48967ed,false
XSS-1252,xss,PayloadBox/html5sec,dd0584b6a5641ba86ffa954a8769145a5c91291ed4518d330ae626ae153a550c,false
XSS-1253,xss,PayloadBox/html5sec,ade4939fe5df7f922a1e34df2bd0f69de11e4bdd4543bc5cf354cd4777400510,false
XSS-1254,xss,PayloadBox/html5sec,e3b3ae337d32a0925b28972e2a47b18dc47bb02f3fe29f28bbf4d3a77eed7cc9,false
XSS-1255,xss,PayloadBox/html5sec,c75b4be3d740dedf680f26e73e65fe4b2ab894f4c0d6b6caca5f5ea88fde7c24,false
XSS-1256,xss,PayloadBox/html5sec,83569b1a7ee6ba3e2ed1c1b34f0fa02275700555b828abb702fe16861192ce17,false
XSS-1257,xss,PayloadBox/html5sec,198ba7f81371898e9c94bb9ebf484afa3f4572f99c5992e8aa85739dff5c4bb8,false
XSS-1258,xss,PayloadBox/html5sec,a6c78bc23a91c993ff0cdfb22fe79c46a37dac3a1d6a11433dc4b7da64e9f332,false
XSS-1259,xss,PayloadBox/html5sec,5d235044e7f8de2f113b725c565647757d674454e71866ca5026e601c1f676aa,false
XSS-1260,xss,PayloadBox/html5sec,d81d0e0bf555cd69705ae1ea458bd8ca9cb0cc775ff84f3cd434448e20325c6a,false
XSS-1261,xss,PayloadBox/html5sec,7a1bfced047cfa61867ae7073ddb2d9e2f71c739c929a507ff01d1e6410ffd34,false
XSS-1262,xss,PayloadBox/html5sec,7a995a1a3e4ed3fb2d49463dce82998e83895ce25a81e08f51f813d7c0a5a16a,false
XSS-1263,xss,PayloadBox/html5sec,934c447c197caf101f5eb57a66fac1b1f67e7e5326951e535575a9625fdb783a,false
XSS-1264,xss,PayloadBox/html5sec,1218374efbb2eb69050cb1b59ae18f1e88f2661a57192dc1158992a1efdd3fe7,false
XSS-1265,xss,PayloadBox/html5sec,bbfbcbab677b966a64fee217f4dc4c81f99bbc58c38685eb4033ba69679d1dca,false
XSS-1266,xss,PayloadBox/html5sec,287582d1b7516048028fe7099398f731e81b43d6dee43f220949931cccfec226,false
XSS-1267,xss,PayloadBox/html5sec,004be0b20b31147b2bc61e9c3c044447422f52624e2ba5c9bb8a03fd442b3f33,false
XSS-1268,xss,PayloadBox/html5sec,ce8a3b6df66db7ecc5e1407c6e243e19db082e7bb49261d23781c1250597ae1b,false
XSS-1269,xss,PayloadBox/html5sec,757076131bbb2c587b0e8d5c483f0862b79bd886cb1d5906b7e895c1607336de,false
XSS-1270,xss,PayloadBox/html5sec,bc8ade7a0998c726d10dcff1e6ad285d3b6b39032e96ebec1f74910aad2e6cf4,false
XSS-1271,xss,PayloadBox/html5sec,8462e1c8d74cde34d86d30f59a9c68f3feabf543c3835de4f62a0047c52c8752,false
XSS-1272,xss,PayloadBox/html5sec,833a33107f2fbb392a8149775df700b581b3386e130c2902c24a10e08bd815f6,false
XSS-1273,xss,PayloadBox/html5sec,f84a095a577ff4383157e795ba4fb62b3edc056f6a3238befcfbd00e07760148,false
XSS-1274,xss,PayloadBox/html5sec,ffed3d1d8e273ed64b94bd3a4de9f358c9fd8aed249f9e9df1de454554e5159d,false
XSS-1275,xss,PayloadBox/html5sec,9d4739d4edb4f50ae613814d829bffe6e0fe7a1d066da3caee16b409b2351e82,false
XSS-1276,xss,PayloadBox/html5sec,eff244ae726b5bf7a19e96b016341b6f0bc95ad2b67170706204f35a36bf54f7,false
XSS-1277,xss,PayloadBox/html5sec,3e0f64b56614b03c2f544f342d343276a5fbfe79823b04bed2735b7831da814a,false
XSS-1278,xss,PayloadBox/html5sec,284e0a680a7d728bde224d71365a66baf0def50f80fd1fc629c3e89eab542685,false
XSS-1279,xss,PayloadBox/html5sec,f01b780738ff0bfa9e6242f56e6bcd003f1cc502834f1ea6f557c5e19c99b98f,false
XSS-1280,xss,PayloadBox/html5sec,5f976b93d5502b10186fc88b1da440ced2aac0724451901e45076f599d880e34,false
XSS-1281,xss,PayloadBox/html5sec,68c6b956ef3f57c74728dc376f7390bc239a6f566d4cc9ed1bfa88d4fd56f133,false
XSS-1282,xss,PayloadBox/html5sec,91e3a5c7ce413931ebc6d634f31e3c35c08e449d26fa8d9e13b7f4d9e1e9f423,false
XSS-1283,xss,PayloadBox/html5sec,c9559aa8a5db8defce31163001ade09857cb54f5d899815089c148adbe956f96,false
XSS-1284,xss,PayloadBox/html5sec,ad090f7834ea0ab911edc8684975288954c45f7af31b7be8bce95719d9c41e61,false
XSS-1285,xss,PayloadBox/html5sec,fac5ecb221008d2b06b25e3a3d3182c9c99e97eddbea802327d000f4edb5cb9b,false
XSS-1286,xss,PayloadBox/html5sec,cc8ef2113fad54fcc89f19ee886103323d07f8b1e35b2bcb863f75c01bb37c8d,false
XSS-1287,xss,PayloadBox/html5sec,afec91122551f474cf278ebd90590c5513626875322dcdb6028dfd6ec7f10422,false
XSS-1288,xss,PayloadBox/html5sec,8145235162761a70d27d1b84cdd2a4a0073f7599352690a0684d41d56c484536,false
XSS-1289,xss,PayloadBox/html5sec,7e627337db84e017c5a4aa84f92603d3826a73f8397ae2fb909843634db32ca4,false
XSS-1290,xss,PayloadBox/html5sec,8be5f253962e572308b5232618a987351cba70e3fe74f1db11f0cf81bf6d91cd,false
XSS-1291,xss,PayloadBox/html5sec,994fe033f0a348593979571133ec598daa5726658f58b5261626874e4226a280,false
XSS-1292,xss,PayloadBox/html5sec,71c714d26d865172fc771dc0ea794e956239e5262c7c2e4aa63d077e9ace9a02,false
XSS-1293,xss,PayloadBox/html5sec,77fbc590a2a0214888703954cd6b96c3dac33f9e4715eeee7b787756fbeee6c9,false
XSS-1294,xss,PayloadBox/html5sec,c4e264b6edf203b5cb558880ba214fbdd7911da9c39a073c387d14cd2a56ebe7,false
XSS-1295,xss,PayloadBox/html5sec,1bc9d3a0084b7e9185a4fa24e55a276b9649f9450690eb2ce68a2817be39585b,false
XSS-1296,xss,PayloadBox/html5sec,cd4edb8c89a6b79c09e27598e7fd6461d5db7f628c2d46ca438982df354a049c,false
XSS-1297,xss,PayloadBox/html5sec,cd09ff0348516c4031a467939a83b3960d2b5885abaeef9e355407254116ba57,false
XSS-1298,xss,PayloadBox/html5sec,a512f3ca676c8ef28c02e92e4a8832d57c4032131cf73464ffd5552fc90992b8,false
XSS-1299,xss,PayloadBox/html5sec,fcfeaa4d4aae43417446bd3effbc43b4cd1f533ecb03c0239f04d630c6b74b05,false
XSS-1300,xss,PayloadBox/html5sec,02013a6d316092ae41a136d33c32b168dc7e271496e6c951eed93459d8fc2b2d,false
XSS-1301,xss,PayloadBox/html5sec,46a3f69de91ba1ba6807c9274f9fcfec969e3e21d5bf158792c7c30e0cc04272,false
XSS-1302,xss,PayloadBox/html5sec,bf07189a883bb2f7e6254b7525023b31d2e9082744e1ce948855aec212422582,false
XSS-1303,xss,PayloadBox/html5sec,9d00ab5952bc03e79c7b6f5d2081c6d6169e213eb6d89ddd8752b0bfc73a4147,false
XSS-1304,xss,PayloadBox/html5sec,dc3f11f673af489bfa85d936f9359e29b2fdf0b673df77014fb6321d0451f86c,false
XSS-1305,xss,PayloadBox/html5sec,a63ad89d2631678852e04c489d1ebc109b0f02e54757ec3cbf060b23424aef96,false
XSS-1306,xss,PayloadBox/html5sec,28fa32cea0c0a965e756b56e8e29346f9483ac8619a1ee7665a0d8b6cca5fee7,false
XSS-1307,xss,PayloadBox/html5sec,c307a010ebae2d50f3b3a59f3bb806aca77a8955967cd704bdd86fd749ae5402,false
XSS-1308,xss,PayloadBox/html5sec,432487d31e10cec76827844671f96df1b068d0c335b595fa754d1be163cc6403,false
XSS-1309,xss,PayloadBox/html5sec,82f5efc7bf20d7cb90e1f7a988240e6d45a6563a0ecc0a63f39c81ebbf5a73d8,false
XSS-1310,xss,PayloadBox/html5sec,df116645688ae3b44ccb6dff69079e9374bd8a54fd4cfdbb21d701b9c77022d2,false
XSS-1311,xss,PayloadBox/html5sec,828521474505fb4968dafe3632e4e325f4ed3cad1a581e937650833595b85c3a,false
XSS-1312,xss,PayloadBox/html5sec,63a2a60c6a14f4d894374289a06721ad4c5c922dad372a6be9997ab0fa530fe5,false
XSS-1313,xss,PayloadBox/html5sec,a9cff41f85d1f892b5c9c71a4b0c153bd3f8334a5621b81e9230c9004894fe7e,false
XSS-1314,xss,PayloadBox/html5sec,f2b0ec8584948b43a7284854f5d85fbf94cea5869c1223c40c19f12cdad1643e,false
XSS-1315,xss,PayloadBox/html5sec,e5a0a0ddba7e4766e1094c30ff1a86885fb0151710111e212594942141f6fbfc,false
XSS-1316,xss,PayloadBox/html5sec,f8ba866b8b444d839df61a4185eac078eed0de003866024aad76df950ebdbead,false
XSS-1317,xss,PayloadBox/html5sec,c93d619587c0b1e94462429d85624360d1c8491cd9d1c8b8f7223e0fb0a2c6e4,false
XSS-1318,xss,PayloadBox/html5sec,b9dd6c51ba40599ac0d876f622588ee3114f12053f38a5e63c01c5b101c711bc,false
XSS-1319,xss,PayloadBox/html5sec,dd15bbc3677a72df2bc2a8b675e36757ff876b0519c9440b7f6171b284ceed5f,false
XSS-1320,xss,PayloadBox/html5sec,7892881bb34ceb25a38f0a1d327e4d179cb6008598a97035dd2f1fcf7dc33ba4,false
XSS-1321,xss,PayloadBox/html5sec,e6107b176f1f593df933c5afa4fc9263e3da168da94235ca71b52c1161b36c79,false
XSS-1322,xss,PayloadBox/html5sec,77c49ea0bad49912be27992bd907eb648a37eb53e8824431b699bbb86f1eb772,false
XSS-1323,xss,PayloadBox/html5sec,89d1df8fdd3dc3ced85a155c9df1fc722bd22c40a70473318f060650039077ae,false
XSS-1324,xss,PayloadBox/html5sec,d2b77dde77ad62a16f40ae9777790d17473b816efe3e9ca2d0f82cee0accbc67,false
XSS-1325,xss,PayloadBox/html5sec,e7e62c78b6824ae1de40e9d906ced0e45f8e9fbf74f7be20e964d0cb26451117,false
XSS-1326,xss,PayloadBox/html5sec,bdab9633e39f97581aac2e5334de33fe5402950644bb02557a9ba774f92ae697,false
XSS-1327,xss,PayloadBox/html5sec,bcb8db3508889d40ab1380f8d2db6f2e4666d21367e42593fde54177b9d5418b,false
XSS-1328,xss,PayloadBox/html5sec,37d9581a619779e0afce4fb9799caca987dcf919d776b263ce342143d7f5e071,false
XSS-1329,xss,PayloadBox/html5sec,bdf1683fd8e38404a6bb9720d7142e7d1a7f40bec5ec18684f08ec8404f541f0,false
XSS-1330,xss,PayloadBox/html5sec,31d278349fbc93189b97fb850f6b2562010083ae5c2a97d14637941a678137a9,false
XSS-1331,xss,PayloadBox/html5sec,cbd0e7ee379c12b840e7393acf114e36fc0e98182070e4b77d886e7999e6e735,false
XSS-1332,xss,PayloadBox/html5sec,f4bdeaffae6d9adad2668707193ab80febc2b469f54e6e3b24f1b1aa4659c895,false
XSS-1333,xss,PayloadBox/html5sec,742c73aa289f5310b4b07d0a32c313582edb65ae3b28c1e2e76a90a920a72f84,false
XSS-1334,xss,PayloadBox/html5sec,7d13b109bedbbc0f15dcc570ab2f10f05b7e7d182a17c9d4ec3141d4617cb89d,false
XSS-1335,xss,PayloadBox/html5sec,311e69d0f619df68fb36f9027fd0ac8e83258ad7c72059596fe4c94ab21516ac,false
XSS-1336,xss,PayloadBox/html5sec,fab8d5bda96b72829852a0eabd643d574cd42694911f7dea46340c17ade42063,false
XSS-1337,xss,PayloadBox/html5sec,a52f57048351ad713e8dbdd970fde5902be551978c0b21d1ca09c2263a88893d,false
XSS-1338,xss,PayloadBox/html5sec,d3fd4647f3b3b0da55daf2ffc38e445942cc68a6cbf142597bf1123bb0d0208b,false
XSS-1339,xss,PayloadBox/html5sec,e98c5d72a2fbd44e7e2b88d976e3ecb5ad1cec59db83a7fadbad10acbda1ae99,false
XSS-1340,xss,PayloadBox/html5sec,5307e4adbd3bffdfd87cd7350d7934047e36d4fb6bf52577cfca49fc226e2564,false
XSS-1341,xss,PayloadBox/html5sec,d74e98ad4acc6734b1fea3188cbf2a4e9ca7c2d4a47d8092f8bf891769cdd1c9,false
XSS-1342,xss,PayloadBox/html5sec,11ff7c08b36776baa1a10944f39c4c364f6a1d2c436deff685f2707df08b4330,false
XSS-1343,xss,PayloadBox/html5sec,4a12de0c5c7f9df85977b1fbff230e458051e68ab67e3dcb9f60d15c19c1d595,false
XSS-1344,xss,PayloadBox/html5sec,99e4fe818014609180045ec54a9c6cef18b6cb9acc7f248f8554b27555b10a93,false
XSS-1345,xss,PayloadBox/html5sec,74a42e2b1e40697e3bada0418736fb89b8d4dded6909221e7ebecef77e159e47,false
XSS-1346,xss,PayloadBox/html5sec,36b159e09b57d3fc80d50b0904f1db548fcf5e0195b8cbe8d11e5769de51d66d,false
XSS-1347,xss,PayloadBox/html5sec,45715ed4e14026505b327e8ba6ab0eed0c243e26f1d8122b9ad4d2f9540b905d,false
XSS-1348,xss,PayloadBox/html5sec,e1a31ce1a6e3891d2ddae19a3cdc71830344157acf55894b6280cf47a7f981f9,false
XSS-1349,xss,PayloadBox/html5sec,21b186eda1e599e99152917da4b38bddd14f7851044b0c1b365a91a7f0c8304b,false
XSS-1350,xss,PayloadBox/html5sec,b81349c4b558993400e34785486fb89f564f00be02adcb72885a0807afe0ada3,false
XSS-1351,xss,PayloadBox/html5sec,815a19e2d5b3faa2a4355c97ca2c148ab230dfd77785f0778afb0b1519a34a2c,false
XSS-1352,xss,PayloadBox/html5sec,ea444ccbe036e7676b48866a74c52fd5acc47f081dd7c84abfc9c4318dd6886a,false
XSS-1353,xss,PayloadBox/html5sec,264b6465aea18b267fe0979b3dd3a0cad92e5c744dcf2c40935c86b941c3702a,false
XSS-1354,xss,PayloadBox/html5sec,b7a99a0f2d618cfce579d5ad7f51fde3ec5e318966344fb5d646a38d44294194,false
XSS-1355,xss,PayloadBox/html5sec,ec65db3b5cfa14da214a09f89109ed31f5c98ba7a517ad6be64be8d02f5fe4af,false
XSS-1356,xss,PayloadBox/html5sec,9e15e1b57b1e6adeb9ed0210f83fca83dc8e269c5cb4cbf559670fea380b8e3b,false
XSS-1357,xss,PayloadBox/html5sec,52868869a322e5e52117d69f8c30917f28b5da504b3f9cfe172daa846cfd805a,false
XSS-1358,xss,PayloadBox/html5sec,9535b02d09b39adb00208fedc5f3c4e798f357be4f7229abfa362001cf14ff81,false
XSS-1359,xss,PayloadBox/html5sec,590cd3fe23eb28f4b67dbf041932f693233797a21fe5e646b0213b33a963b0d8,false
XSS-1360,xss,PayloadBox/html5sec,ba99b48519cd2ce53d7dab3069a6358b4f87bd19b9ce0046b8bf6e53cb7de2a1,false
XSS-1361,xss,PayloadBox/html5sec,08dc198c0376d649400aef6adf791e8eed2ae5547d504eba1483d04832b20eff,false
XSS-1362,xss,PayloadBox/html5sec,4da475e2afd497aec352b9266b1c8ef9a042a22d9e889e81766ed73e67c603a5,false
XSS-1363,xss,PayloadBox/html5sec,9391a76cca3e0bc8cab16a47bc7ae79a63262ecbbbd1c20cb0dc6718ca7770a1,false
XSS-1364,xss,PayloadBox/html5sec,d2ff797285a8e9afe8ed9b1d92845977f8577beb95016b0dd294a8a926dce286,false
XSS-1365,xss,PayloadBox/html5sec,002cd73f8a379497e765e9317bc3dcbb52e99104f80c6afd180659b9a5659f10,false
XSS-1366,xss,PayloadBox/html5sec,0fb8d55e6a3ba8fb2d6b29502611d5d79f2efcfd8723f6fcee9c8383dc957760,false
XSS-1367,xss,PayloadBox/html5sec,eaa4405cb5dbaeadc21f651f6b258a76bbd91512d191040e4c8bc70161e6ee69,false
XSS-1368,xss,PayloadBox/html5sec,0b692f007d897d346167aa3b420e0c9834a002551a878111e0ae2747ab50cd97,false
XSS-1369,xss,PayloadBox/html5sec,237c0ece30a28eba3819a7389a7db0feb928eac1869af33648e49885984b8e27,false
XSS-1370,xss,PayloadBox/html5sec,d8c410e5161572b857302e96da119848d6013277d14fd747055dfee3e8786682,false
XSS-1371,xss,PayloadBox/html5sec,e83460a741efe2ce644a1b8021a50817b5b1cccbce5bfbc2c74450fe2bec8289,false
XSS-1372,xss,PayloadBox/html5sec,7a5fc75eb3cd125a798d93fb2d8dce91e01cf132fd85c5515fae4a4b6ff9c6f8,false
XSS-1373,xss,PayloadBox/html5sec,204ce5d95df1db78861812e7bc7f6b3a7cb2fa2daec20a92cbd32974ff849ee1,false
XSS-1374,xss,PayloadBox/html5sec,f450fa40d52407e218e69c78c232e217b0b76b1a014692b7e1970557a8f152ca,false
XSS-1375,xss,PayloadBox/html5sec,3f2a133dde43eb759e284df98aa130ba0cf648ff98346d175985503a27589ab1,false
XSS-1376,xss,PayloadBox/html5sec,09492ee8e53149d9a9503e81efa10868e8b7a9388158925af90ecf2c0a811392,false
XSS-1377,xss,PayloadBox/html5sec,49bd0908df45184db273207621a469449dd4ee7c6e54faf7be3ec156f0cbb099,false
XSS-1378,xss,PayloadBox/html5sec,c4055eaa8f76c7903a7b49054b8e0212b4466ca3539b53963837a9330d48c1c6,false
XSS-1379,xss,PayloadBox/html5sec,9bbcdc46e0d4253d16f93e52a15afde16f1fa03126c0ada9db8360654c7ad549,false
XSS-1380,xss,PayloadBox/html5sec,e5a957426d9bed3a324b0657697df491d3a03d03d57811875683fd7109768acb,false
XSS-1381,xss,PayloadBox/html5sec,d41a30f74dbc85fb317613945e3d19739f4912636281adfca5d6ac38a17f713b,false
XSS-1382,xss,PayloadBox/html5sec,8da5f8609a291c2557da4ababdaaf080c36abb418e24520ee5bbe9e176c2d977,false
XSS-1383,xss,PayloadBox/html5sec,a673d232b9b29445db7c82b32403b2059c6abe00ba8ade7ee446de4639d10cc6,false
XSS-1384,xss,PayloadBox/html5sec,dc65aeb80ded79d3e2f3fbaffb8e6584ffb22f6374adbc62aff3424f93fd025f,false
XSS-1385,xss,PayloadBox/html5sec,3eb0a079d9594bf9477dc85763b79974769e5a672bd069d35185abfa56bd421c,false
XSS-1386,xss,PayloadBox/html5sec,226f2940cbab126636c5b7a3dc1546048aca56d51fc0a68f98d35661b787d7b1,false
XSS-1387,xss,PayloadBox/html5sec,49b4895ee1eb58f545063bc9949d45d162b682bc485f1bf1d811da740744f36b,false
XSS-1388,xss,PayloadBox/html5sec,e0a54c479071d343a3b264defcbdc1cbea68dca89778984b556320494199d215,false
XSS-1389,xss,PayloadBox/html5sec,9c7f4761a003b60cedc4ce0b6dcd25839d2d5fa393386b79d0896cccb37621cb,false
XSS-1390,xss,PayloadBox/html5sec,f6b8f87f463ca767516360d18ac58f79190db8b44334a2c35501b6ba5ee654f4,false
XSS-1391,xss,PayloadBox/html5sec,5c2de23b08b9693674263c2a7004e2747ffb693b1ff8afc1d68bad01b4369159,false
XSS-1392,xss,PayloadBox/html5sec,51e5870c0d8ca6926a9f8ac7d7f09dac064ca0a82ba2ed818fc86cba72d0f7a1,false
XSS-1393,xss,PayloadBox/html5sec,cefb81787ca848a4708519e014866407fce515b1f3a7686e428380e414b9894c,false
XSS-1394,xss,PayloadBox/html5sec,e64a00c8c8e8cb3fd24c36d3070e4ab4f2afc5ad9d448b07bead8823f5d18813,false
XSS-1395,xss,PayloadBox/html5sec,dcddb40109911969d0b9324e5e5f43b0232d78f6a98e295ec63a4239d877b2a3,false
XSS-1396,xss,PayloadBox/html5sec,eb29a0bf46b007bc08bc12f40f6f08540ccaac1355015f6a58718269dcf211b4,false
XSS-1397,xss,PayloadBox/html5sec,d1786a5ed3bef8c80541b8c66e9e3a4f91bb762e096a0bc3f5adec82bfd9c87f,false
XSS-1398,xss,PayloadBox/html5sec,43570ffc3200b91f455bd11fc6287689488538a0a485bd8adc15b0abcaf26c85,false
XSS-1399,xss,PayloadBox/html5sec,871257b62de06eee8af36f06c2930036bba3dcd26efb1a8b10f2c64e915ef4e5,false
XSS-1400,xss,PayloadBox/html5sec,d4d5ca41e34ebb53d142ada961c9778c6afbb65c94dd9802ad070d2b34e7fafe,false
XSS-1401,xss,PayloadBox/html5sec,59c970b699147423552616b5d49e395b167431741ee300d61e6e6401d9cd6c32,false
XSS-1402,xss,PayloadBox/html5sec,9bec9b4faae95ccf70ee383435e0778731606548e1b6d57e01d76c379ac0e095,false
XSS-1403,xss,PayloadBox/html5sec,63d2d79c975471c2abcb184fcee4be9867e59030f46487fcda5dd21a905b1654,false
XSS-1404,xss,PayloadBox/html5sec,910045d66e8033691635ee7fe4fc2a0540354f308c7f69df3351ca974a6bf290,false
XSS-1405,xss,PayloadBox/html5sec,162af9e797c543397f376670b5b39382a00669aed6bb3fddc8a0600c51e79921,false
XSS-1406,xss,PayloadBox/html5sec,454a593423e34d9e0793c5aa56ba8f4ef498b657230d3dbb9572703ac6675d4e,false
XSS-1407,xss,PayloadBox/html5sec,047167b2ac81cdf973653c9f70a1dc12314ecfd311ac8500b207d5545e9f82dc,false
XSS-1408,xss,PayloadBox/html5sec,9379c1090b0fe8b0d214a358d59061df335b3ca13262afa19c4893ca7f2cd30b,false
XSS-1409,xss,PayloadBox/html5sec,5f70fd6361746907436502d6578b97265902cdd0e20825c189aa14c2b79e61ed,false
XSS-1410,xss,PayloadBox/html5sec,87e7ba935040c6fb0ddbd62d99bf24cd130bf599da89eb38f663213c0e171185,false
XSS-1411,xss,PayloadBox/html5sec,5d8e56df3afcf656b9c857f207aa64c660a5be7be5d18d15801d7b1305fd2425,false
XSS-1412,xss,PayloadBox/html5sec,4783a6519b83b11b16b0dfd4f5e44e89a366e5cee3b370c8013367b2758a768e,false
XSS-1413,xss,PayloadBox/html5sec,4ccbd015fbaf03c6c586c799d5f98c14960c2a21894838089462063b3b9df81f,false
XSS-1414,xss,PayloadBox/html5sec,68eb8277a289a85875b799fe45a10faf53fdbf6ba5d3e233d647b23a55fbb197,false
XSS-1415,xss,PayloadBox/html5sec,efa44e92cd1c0ff8177dee8176756493de274937405108596db99a586f0f1cb0,false
XSS-1416,xss,PayloadBox/html5sec,f966d9ff62035ecbee076e4f4846f3c93169721b40b1f6c63ea6c7e5faf2f707,false
XSS-1417,xss,PayloadBox/html5sec,d556490a1838044618d613d35f852050c27618bd7a9d2183c6f9620f43fa1429,false
XSS-1418,xss,PayloadBox/html5sec,d44669eb017f4ba3abd6f38c7f639708ae870fa282e6e1d6f5c662932cba99ea,false
XSS-1419,xss,PayloadBox/html5sec,6510883962945dd36c5c927cad6f6e11617c527856a348c03311af07c41e4cec,false
XSS-1420,xss,PayloadBox/html5sec,5e3d81b295bd4288ee51577de77f60dd2031e262be1af24e9d13a32afbb88408,false
XSS-1421,xss,PayloadBox/html5sec,ba15b72ce4e28bfed29629087858505605fcf690c3b488d96bc8bad19f58230f,false
XSS-1422,xss,PayloadBox/html5sec,de730b1b6079776432c7293bf1025a675851dab40e78cc70374bb70f4b27c370,false
XSS-1423,xss,PayloadBox/html5sec,6f0553b140f44806a58ccc9bd177446d37d94168ea401a791d46a7e036b84ac2,false
XSS-1424,xss,PayloadBox/html5sec,5ace5f20f757e0cb5a36a5f9fff240996d2385edb43de4ffce6b272665e65648,false
XSS-1425,xss,PayloadBox/html5sec,2ede4e868e6d85b06958b0123f8d7ec984622c0a881e924f2edd26b3cd76a1ec,false
XSS-1426,xss,PayloadBox/html5sec,114cca4d3493c855beb3c62c4ec42c3114669c8f4f575b4a2cdf78c5d0aea650,false
XSS-1427,xss,PayloadBox/html5sec,f534fc738007a000a9d9916de94bc3aa1d9e9c5f0a457b3cb4348155040e6594,false
XSS-1428,xss,PayloadBox/html5sec,e61f024d812444c2d27240e5e12abe2806ecb1f7d6fc95bf235eda7c9adc6317,false
XSS-1429,xss,PayloadBox/html5sec,e8cf46f30c3b4bb1d0d979bfde6bdcc6f97c2a3de2130fb429879830d7b3a362,false
XSS-1430,xss,PayloadBox/html5sec,4f6f91f3f40bad1eeaaa12aea3ff6eac6736c1fdf39ee64c42d090765ebec8fc,false
XSS-1431,xss,PayloadBox/html5sec,264ebcde5c5b5a83b96876f231286aaa5b9de25a9f6274e48f285df83214e9e0,false
XSS-1432,xss,PayloadBox/html5sec,ddd8e46ee3f6bbd77686f137a14880b01641ccf4e37499d3c6a8bf0afdd6d5da,false
XSS-1433,xss,PayloadBox/html5sec,3315d51956572c6911ac7b0bb349f40e59e29348a859bffdf970d3e6bec9f67d,false
XSS-1434,xss,PayloadBox/html5sec,97de7d349b078d0ff84124e2e189532f4d4c872e5238b10bef9463b2ca613d17,false
XSS-1435,xss,PayloadBox/html5sec,ea3e6573e033e06a5a327b366c23cb38dfdf02c52497fe3dea30d204b4e55f95,false
XSS-1436,xss,PayloadBox/html5sec,2d407ad2f7524924c49878988a61b602e8909ef206b6c3ec8a0af69561faeb95,false
XSS-1437,xss,PayloadBox/html5sec,08983a20db03d936fdeda573e60c203ea2978a9439bd7f6d7a27c699abb8dd7b,false
XSS-1438,xss,PayloadBox/html5sec,13e0552d491283660db9e05c30ac3aeb912cc8360600d09d508f9d46c5a8443f,false
XSS-1439,xss,PayloadBox/html5sec,ffc03399e435f3bd7a78acdc2b418a449c0e91d04a091c89b96c5882e5fef28e,false
XSS-1440,xss,PayloadBox/html5sec,a3b2eeefb2213e681567fd82287580abcf8ea8b4d9bf177845fe1e117c3145fb,false
XSS-1441,xss,PayloadBox/html5sec,ee495e69c21ac6fb6d75596ee314d0eadd29eb30a6b5572d8636a0f3f1a20527,false
XSS-1442,xss,PayloadBox/html5sec,2f269029377f140092751cc4c52890af26d29ed322d441befe0e76f0bf2e6837,false
XSS-1443,xss,PayloadBox/html5sec,7e5ac8e24505f62ba9ecc29505e33562c5b96b226c1831c5e0adeb04d136aeb0,false
XSS-1444,xss,PayloadBox/html5sec,bca0726b7a270dec30e407d40337c4fc10917a3fb7ff7168acfc2bc43ccc3dfd,false
XSS-1445,xss,PayloadBox/html5sec,7da4300783ee7e246a98a549a9eaa9c2d735c5044d34905e14b2c53d2a5fc42e,false
XSS-1446,xss,PayloadBox/html5sec,768fa2aa62968e721b08fd78be29dc7983419039a737447cfb04552869cea485,false
XSS-1447,xss,PayloadBox/html5sec,03f3dea741072d549c69d7c411fbc0c1790fb9054374c174ff85e8aeff8274a3,false
XSS-1448,xss,PayloadBox/html5sec,63734d0658deba015eba8566c938b5d99516dd73d91f734507f7b3b99815767c,false
XSS-1449,xss,PayloadBox/html5sec,59836959a903ffe077853cec91092ccfc0d9efc6ce008950f39fefceb1463743,false
XSS-1450,xss,PayloadBox/html5sec,37cc22aeadabb01f854014f4c7f3db5a3d0c262c86e90bc8c054df5e7bf83d3b,false
XSS-1451,xss,PayloadBox/html5sec,2e9dbf1783eb5f10b016b45c25cb4b35b021e7d760c53f46770478c7f82326a8,false
XSS-1452,xss,PayloadBox/html5sec,34e755bcb58c255db443b0c73f467372e27493938ea09061fc9511e3c1b807a8,false
XSS-1453,xss,PayloadBox/html5sec,83e9306c64f27dff95fcde6689113f6cca6aa0aaede5e6a8931352021be7e2c5,false
XSS-1454,xss,PayloadBox/html5sec,53d18f0544a27e0eacd58a35418f88780197ece3fe40bd367220b612b76d7acc,false
XSS-1455,xss,PayloadBox/html5sec,7bc97e5680e609aca20530fbf4aa6c492642f343e6d9b74aa147fb02d99f92d2,false
XSS-1456,xss,PayloadBox/html5sec,02319a84720c1a4c3f41bd1d22e7bcc1db4ab72b432282216c1dc086957ddc68,false
XSS-1457,xss,PayloadBox/html5sec,c2e530c1ab0d127b89d045bbdd4fce12e80ac04a99288345fe24a54e92737ff6,false
XSS-1458,xss,PayloadBox/html5sec,657bbac24bbe062e98710da66e843364ea5e4bb34481aa7734a69b28a113bc7d,false
XSS-1459,xss,PayloadBox/html5sec,15d27ba0b3a07d5e9d28acda0b0096cac04303124ecae668d49884519be7e1fe,false
XSS-1460,xss,PayloadBox/html5sec,7031016cd28afccccda580322e47eb7813130b64de5a0b63ce0795266a1f0d72,false
XSS-1461,xss,PayloadBox/html5sec,e3d8a07af85109af354fc5fced477607e44dbd17bb1bba1e12c488fe6b879a73,false
XSS-1462,xss,PayloadBox/html5sec,80edbc8489dd01ad7a82e4f65e5fbea8ede6acd8c978b35ed6ee7a26fb8afdf4,false
XSS-1463,xss,PayloadBox/html5sec,d7ff7a0668f7916fb4377a5c28ef93da290afb32528f4ef84caeea0103f2e37f,false
XSS-1464,xss,PayloadBox/html5sec,cdc0a024b25ac3882825c8ad09734467450ea6d47e78fe17f9d51d3480b20f1c,false
XSS-1465,xss,PayloadBox/html5sec,c8ce1b6d87db88f439e2ad6c153dee278243890d1f57b67664ee526ceecfd209,false
XSS-1466,xss,PayloadBox/html5sec,796bdcb26997ae805aab6efebe667bcf60470a1955969a4de2dadb459b6edb8a,false
XSS-1467,xss,PayloadBox/html5sec,6a600671158f0546e9f209a5a9a272b0a9c8011c485aa948b432f610479376f9,false
XSS-1468,xss,PayloadBox/html5sec,f84cccfb359af1f7468e311ba7b8504602f11b2bee1ec750ffc3819c008bcb02,false
XSS-1469,xss,PayloadBox/html5sec,186b866ce68b9f3e3c0b468e69a02dd2865228df8ebbc9b84be5ed60696952c2,false
XSS-1470,xss,PayloadBox/html5sec,4805b28a97348fc4b0518f21802e6be0fca25bb45ed8201183477de6d03b6c4c,false
XSS-1471,xss,PayloadBox/html5sec,84daacee63d845ccdfbee59e825a5af935dd038918b4b83d1987e5b33bd71815,false
XSS-1472,xss,PayloadBox/html5sec,dc7cfe0e2b85691b6e12b8da76f1a97791b28232f429eaef5751ce645c54b517,false
XSS-1473,xss,PayloadBox/html5sec,ad2fd42231218085993d2b0b47cfe608be1b890b9a9aa7fd318e43d22417b8d5,false
XSS-1474,xss,PayloadBox/html5sec,625d9c866c8c9bc0cfeefb4b1873e77fb57be276b8be6cb67598a9e52534d66f,false
XSS-1475,xss,PayloadBox/html5sec,91a2cb4647e30ff069da8c71eb43fcd2477dc1ce683495fa419beaaa00ba34c7,false
XSS-1476,xss,PayloadBox/html5sec,8f8a312cd8974848664ac68bb2945e54910c1e0f681dac2c78fec857fd596aed,false
XSS-1477,xss,PayloadBox/html5sec,12c40468d6482e30ed391166ca17db534084080b4e2a585b774c5dd25247bc09,false
XSS-1478,xss,PayloadBox/html5sec,62bea40d683ecf213ff9169f924e2082a1da3f1a0688f9af7147d392c0187f93,false
XSS-1479,xss,PayloadBox/html5sec,f40fc7369817f052ef58ff8dca3d7e46b310fb346bb7939f5ae0a370883890f0,false
XSS-1480,xss,PayloadBox/html5sec,45d450422eaae6a146b81c899f5057249b3f26019380bc183034ea97710e5c80,false
XSS-1481,xss,PayloadBox/html5sec,89f909f9e9068fbb16624f18b2a2a098ea9b48e0cb2a7d81875f3c798ffe21f1,false
XSS-1482,xss,PayloadBox/html5sec,567a6583d03e57ea3947d7a9cb749cdc23146ae2fd611db614f3454879dbe2e2,false
XSS-1483,xss,PayloadBox/html5sec,e162b3d702c480e67914b1f7e7bc38d973a9607091189f3a66f23940f25033b1,false
XSS-1484,xss,PayloadBox/html5sec,ead17f381955c3ebc0ec3c11f8930719d73f353a043e5675227c0436432f5c26,false
XSS-1485,xss,PayloadBox/html5sec,49cbc86e0dcb8af8870ceeb6cfccbfe90ac09b6150e8182d6e6e1a8320dc737a,false
XSS-1486,xss,PayloadBox/html5sec,7255b06b76520d5651c27aa5f1d2d1b163574031a1122046f56ef72e5ebce45e,false
XSS-1487,xss,PayloadBox/html5sec,795ef7cb2a0aa862437bffdbf7ee6811abf0dc8389fcb1f82ef20e2c99624353,false
XSS-1488,xss,PayloadBox/html5sec,6f9666692f86f70e2a97dd40dd90956526422b1b48fb73a5421456ceaa1446b9,false
XSS-1489,xss,PayloadBox/html5sec,ac944aa3e3838446830c6eaca57e8aff0039b7c1fa6f7fad44335f890214f196,false
XSS-1490,xss,PayloadBox/html5sec,d795bc567f91dee16d561188d8232d4878c07165c6abfffb557ac502e4ee64c2,false
XSS-1491,xss,PayloadBox/html5sec,deaf06e76d385cd64f007b86a78e37439b67ea64380bb9d838b9034c1a457b07,false
XSS-1492,xss,PayloadBox/html5sec,a2cb9c42ab2984fdcc7f6bf06f6cd2fe7d440f212bf46ea05c510367853d1bff,false
XSS-1493,xss,PayloadBox/html5sec,517f09c58784a6a46086ac3fd5ef65d966b0d929a4ed5e4af4efbd764861e239,false
XSS-1494,xss,PayloadBox/html5sec,af5e28f5c122cdc2bb839e863c4dec99e343dfab61d886cf84eed40f2bd1707b,false
XSS-1495,xss,PayloadBox/html5sec,5537937b3125cd7f91a50b98e91e0af28e2b0b153c76cb3aeb8e20a0b0fd223d,false
XSS-1496,xss,PayloadBox/html5sec,168ee39fb03ecc34410a58892ba58061e066fd2d070d5d40ca4feb881dfdd592,false
XSS-1497,xss,PayloadBox/html5sec,0be3c94cf8fb9342b9ca1d3bd57134849434f339ece2b373b63d00da4f3905db,false
XSS-1498,xss,PayloadBox/html5sec,20b8f19fdc3695041ffdbb7dd9007ce46099db01a546d691f59c0dff9c26587e,false
XSS-1499,xss,PayloadBox/html5sec,812b238a4d65d7cb8fcf66aa13db57ff84265b812c74f294af883dd423734ef5,false
XSS-1500,xss,PayloadBox/html5sec,07d076f92d33e912865c4d7fd1ecbe639fcae0342d23791a1059b4a0a03ca266,false
XSS-1501,xss,PayloadBox/html5sec,4a53e04604474dae320a32d373cf302a10c11aa1fa2af046a933172f519a8c29,false
XSS-1502,xss,PayloadBox/html5sec,5480d5d70672d79d0495eb8e2ba2d9be89c3e9d81c57a0cdec505fb9a7ee753f,false
XSS-1503,xss,PayloadBox/html5sec,2fb440b42cbac8c503b4a6b4c5430c19b2a2feb26fbe10b686c06ffd4bf888fa,false
XSS-1504,xss,PayloadBox/html5sec,178c147480b6e7af6f992e370a09e6e02d0d96f89a502beb2799afcb333d65d3,false
XSS-1505,xss,PayloadBox/html5sec,10a760104e8898825ca6db29fd5c7f37d76ed7e27c91c7f43e92b6d30cb483ab,false
XSS-1506,xss,PayloadBox/html5sec,5ec3e5f246490282b5e6bf8681d720cd8ad34ce8aceaaaebcac079c3ae35fda6,false
XSS-1507,xss,PayloadBox/html5sec,5dc89b19b74f1aa471d9daa69b5459e0f852b229296ebf0440efedd75ceaae9b,false
XSS-1508,xss,PayloadBox/html5sec,bfe8ef102ef28e5e15acd5bc10c4f10ef93da1f5d013ba98ab12874d833f9008,false
XSS-1509,xss,PayloadBox/html5sec,f8f9aea36b5a52837b3c1f85bf443971bd5fb76335ce0b9ee5aec347044b4bac,false
XSS-1510,xss,PayloadBox/html5sec,a40d999797c0b790c5efebd88f2709251c97fa9232d86039172205eea8eef23e,false
XSS-1511,xss,PayloadBox/html5sec,941c1a26fff6aa4e88a03e90890516ba89051634167e323f44aba6bdefa78f09,false
XSS-1512,xss,PayloadBox/html5sec,52d95581f0ac6fe26e2ebdba5e8923b1702e5bd2a79a98167175a10a816b1d04,false
XSS-1513,xss,PayloadBox/html5sec,cdf26acdbad0c68f9c6f9a77025f0bfa6b3c1a2bed1a523ebf248ef17a7f45ab,false
XSS-1514,xss,PayloadBox/html5sec,293755e99e1d0c068b68e59187b8e3e54326f378a0383075f67191d5f05109c0,false
XSS-1515,xss,PayloadBox/html5sec,69fd0a44a6c2688f740d5b7e60f80726ae5b5f863c43dbd80c9540d75952af91,false
XSS-1516,xss,PayloadBox/html5sec,ee5b9cf77ed68d6f575053d23427ad2deb957b3ec16dc6770d2193098e4cba09,false
XSS-1517,xss,PayloadBox/html5sec,a4bedbc6ff316ac5945715d81b15aaed75122a3cd8631d68ab379d8c5fe01b57,false
XSS-1518,xss,PayloadBox/html5sec,f7d021b86065e20965c35c4d0715878999d0f5dce5ca9e4a481e717941d4bd99,false
XSS-1519,xss,PayloadBox/html5sec,8e3df67e5fc05a9170e63c760fe5656f8118f5459f9628d6ed230f129de36b28,false
XSS-1520,xss,PayloadBox/html5sec,2f56630fa719d135159a31929f2f10f00c433c5f3b6e16ec36459dfc8c9e7402,false
XSS-1521,xss,PayloadBox/html5sec,dbb0c4a8900747e951c9984b5bb4d740c23b2ab1f0d694bbccaeba138507f582,false
XSS-1522,xss,PayloadBox/html5sec,61e4a164ec80acf14fdb97969c36393747bec2dd05698f35b61d1ff0f09555f8,false
XSS-1523,xss,PayloadBox/html5sec,e8cd9a9f8bea24fbe5fa91c78c0f5082a1ced1217e17f9ac5830cd3fa86a3887,false
XSS-1524,xss,PayloadBox/html5sec,cfc137676ba581957708fafd9ccf9a52a3e5dddb79ecf5800b5eaf356f56b620,false
XSS-1525,xss,PayloadBox/html5sec,4c66b7e32d1941449fca063eed236f0c21084f450141a84c70cdbe448b8f80ee,false
XSS-1526,xss,PayloadBox/html5sec,63715e0a2e5fbf57885eb69791ac21ea1929528b383c6e0b4837e231d7c56b1b,false
XSS-1527,xss,PayloadBox/html5sec,53ba80ca9a4ce61cd307e2267951c3bd03498c004783914b9d9be7d323d5e004,false
XSS-1528,xss,PayloadBox/html5sec,9080c9390c60e1732f3ed0b880bdf7db35bd98bf1cf9daec05c4d71796a90afc,false
XSS-1529,xss,PayloadBox/html5sec,4be6b4153b2f33c37f9a9faa19b843f5ca6f6ce9f08b250af922634ff21d5dad,false
XSS-1530,xss,PayloadBox/html5sec,425a95769a4ce292364c5b08df9779c6266735ea63d67bd2cd668e0cc0a1c2e2,false
XSS-1531,xss,PayloadBox/html5sec,84503b0f78854cc3e81d8095379dcd518ed8b9859881ab938685d32eeccdd38f,false
XSS-1532,xss,PayloadBox/html5sec,fe475f0bbb9d574db82aad130affa32de2b02982d47e3cff48ff6c5bbb08080d,false
XSS-1533,xss,PayloadBox/html5sec,4a423081295d28258aad4a83fa8de56c003e5ae2b4733216d0da8ebd7246e5aa,false
XSS-1534,xss,PayloadBox/html5sec,062b6ac4e9b7b10ab2633f01c74a20fe44041c5d314e6c7cd17e593d9b9ba710,false
XSS-1535,xss,PayloadBox/html5sec,06b24f07620e6ecd31ddae5523c321d43c0d289322463e831ca066c208580399,false
XSS-1536,xss,PayloadBox/html5sec,7c486c46c193b3facf4b31c347576d80547dfa48107472fca61017fb1bda58cd,false
XSS-1537,xss,PayloadBox/html5sec,7346c078cec5acb03959ab8c8b78efd8fd1a48b440deaae3b6773cd82d3b10ed,false
XSS-1538,xss,PayloadBox/html5sec,cc1d0bdba44e48c233bb5f5cf81e09533cce93afad0c986c57542a1c8dcb7023,false
XSS-1539,xss,PayloadBox/html5sec,9244a68c950cebfeed8ecceeec115c4474f33277200231b8f0cd87f63ae2feb6,false
XSS-1540,xss,PayloadBox/html5sec,ac80a091394aefa95edd4446c145e47e4c1f0bd8a6bfa4c01c9774c041209f55,false
XSS-1541,xss,PayloadBox/html5sec,8f094c14a13beddfc1daf113320b091c930cdb90d2657b4939f5b305c1867788,false
XSS-1542,xss,PayloadBox/html5sec,c067b17280b19a90c75acf549d5fbfb8b08318c3803ad82cd7b02b5671625879,false
XSS-1543,xss,PayloadBox/html5sec,d1bf932af52a33d8413b82f0d6eb453e5de8a50e87c1991fa8c2eb63ed7bbac2,false
XSS-1544,xss,PayloadBox/html5sec,e20685ed50754172b403d1c281305a30413452caa0deed825a327b167df90815,false
XSS-1545,xss,PayloadBox/html5sec,df8bf29709f4cd8bdc4b55b4162107b14fe7234abeed433520f73748e4cd569c,false
XSS-1546,xss,PayloadBox/html5sec,10521a051bdded2ecd94c68b45bdcbf37267d7328c9fefb67b7352377795c776,false
XSS-1547,xss,PayloadBox/html5sec,e27b8e2a59fb257acec8c89a9d0f72e2b2913dfd56837e42fa21c7dc7ae7ee30,false
XSS-1548,xss,PayloadBox/html5sec,367b7390485f649876d7e45916c267d3bf4c1aa3b32776777d0b73c0838965b9,false
XSS-1549,xss,PayloadBox/html5sec,4daf3d8a05ae353bb70bdfe569f319ddcbdd04c8ecb8e4850c478ff8ff8f0eb9,false
XSS-1550,xss,PayloadBox/html5sec,d2a88b6499526d7587c310eba295f2359e665cc4035b566854a31292c5e6a4f5,false
XSS-1551,xss,PayloadBox/html5sec,f141547c1e56b8309dc3e0fbdd710ec63e60d8fa82cfc7a7a3ebf3fe5151b912,false
XSS-1552,xss,PayloadBox/html5sec,88dc44365c77c793a6420a730ac2d48506cf94ccf244656faa4365d243a8ccd1,false
XSS-1553,xss,PayloadBox/html5sec,c43962966770536f78a1dee286fb424d523e56300a090e491d5c4c0445989ee6,false
XSS-1554,xss,PayloadBox/html5sec,f55ff2dd0a6ee1ad5357bebc46c04232243a2e1b68b58e3a22b1e21c2aed421a,false
XSS-1555,xss,PayloadBox/html5sec,bea8d47ce78a0c10c641d52c86d8f7ee0134b7783a7d63087e29f9dda2d00ed1,false
XSS-1556,xss,PayloadBox/html5sec,08b7e5612df00757dfc1a3ee8a78d4ebce4c051bb442106d1d8f2283b07a738d,false
XSS-1557,xss,PayloadBox/html5sec,4932e187737d9be43a0a98f9d3e6c6047e45f7884fbcf7c6bf4d7b155abe1741,false
XSS-1558,xss,PayloadBox/html5sec,3ab99eae495673ec914beb152648d0e8e1a444d396821cd8f4a196126807a2ca,false
XSS-1559,xss,PayloadBox/html5sec,cd13de13094d2f3b8259b25787df9836a948d53adc50333714acca37d7b4adb1,false
XSS-1560,xss,PayloadBox/html5sec,36a2bd3fb20aa6b32a81255d7ccc9bb242974c4c4bef3e9c3a4c90c8dd2cfe9f,false
XSS-1561,xss,PayloadBox/html5sec,a692b89d5e98a898bec63c188dc87ee1c524575aabea31cfbb5e33c53e147a6c,false
XSS-1562,xss,PayloadBox/html5sec,d6d00227c00f3518bb8fd03e1eaf0230de89720cf878ff474f90ff06eea8c2d4,false
XSS-1563,xss,PayloadBox/html5sec,092f777737b539a03d2bef282f12e14b5f0da7b6107cd31f0e59b20067e77b85,false
XSS-1564,xss,PayloadBox/html5sec,5298b65dca5b73c3132366171c84679d86195cfe953174ba493f58808e5f8039,false
XSS-1565,xss,PayloadBox/html5sec,03e5f4a46d028aa09fdb6e0bab6c002f6096d655780f6b7e5dc619826216b6bb,false
XSS-1566,xss,PayloadBox/html5sec,697c3c51f1805c403492eb977ffa9b1a3f6e20216d37f8f4d8d4f8ab9b6ce4c3,false
XSS-1567,xss,PayloadBox/html5sec,b5a7e3f99473b4d96d6e385d699781c827c05a1ef9a40bf37ae5e3b381ca503d,false
XSS-1568,xss,PayloadBox/html5sec,16382b6136204f97b2a9d2c9557e1ae8eec685fa628c815f82fe4818abdb1410,false
XSS-1569,xss,PayloadBox/html5sec,b4f073b0626085467e22278012c6abf636f97964f1776c4ca02bc127d2813b3d,false
XSS-1570,xss,PayloadBox/html5sec,58835ec3e97eebddd8d8976d8e3f4bcc471004c328ed6b52552fed16dfffb468,false
XSS-1571,xss,PayloadBox/html5sec,1a2e33e7f84631791b7962207d41769267b1756786ac74cf4ac95fe826466bda,false
XSS-1572,xss,PayloadBox/html5sec,61c881617dc699953df0690a5f12e5e7197a932d73c500cce26b576a82bbfdb9,false
XSS-1573,xss,PayloadBox/html5sec,cf41bbd4efe62562062838db5226f03b2163cfd0f2ca5b4d1dc65ac25dfbbd4b,false
XSS-1574,xss,PayloadBox/html5sec,3c1a46daee55c6ade83a64b516e12448503c77a32c0adfd454b3bf27e9cb71c0,false
XSS-1575,xss,PayloadBox/html5sec,947a8f79b811b49c6f5ae2ad973865f6c416c7035bbf2eb471c053a2e7d50fa3,false
XSS-1576,xss,PayloadBox/html5sec,c9ddfee49c6cb08def4c2f94f292367625a18b77a4696a693d9c39cc005f6fd9,false
XSS-1577,xss,PayloadBox/html5sec,56202fa5c1b5f52c3bbeada62b9269880eda80ad5bc5bd63a0696943dfa4ffa8,false
XSS-1578,xss,PayloadBox/html5sec,d40293c9e3093ae862c942f84b30e1e10c02a4259fa7b55f3eca22e8b493207d,false
XSS-1579,xss,PayloadBox/html5sec,06f0877f43b854a067e064d1577db52d374aebd4cb604e75f4f3a48e5c7c0106,false
XSS-1580,xss,PayloadBox/html5sec,9d763b71c4b26dead70e1392c8c9b5f8195c789248ca115e4573bb7faa7465ce,false
XSS-1581,xss,PayloadBox/html5sec,5d39c3c008f479536bc22f5e399677633f2051def5e008ee34c012c5ca5afb0c,false
XSS-1582,xss,PayloadBox/html5sec,3306f893d71e1ea550a1126e23d90fea3b3bddc9618d54e13d9c4853b410574d,false
XSS-1583,xss,PayloadBox/html5sec,dc4efd338ab53098587a4417659c9c019866d0dd164bbb93e25daf7fdd60ab30,false
XSS-1584,xss,PayloadBox/html5sec,df7478704c1a32c314304776f9091af49e593157599c210abb063b29d3817253,false
XSS-1585,xss,PayloadBox/html5sec,f5132af09871f2fb4de0d8c4941fa7bebb71dac109a37b8bb2effeb2121ff398,false
XSS-1586,xss,PayloadBox/html5sec,7f09b540b1429bdb640a659f130abab60ffad245f01e8c959c2237c81021daa8,false
XSS-1587,xss,PayloadBox/html5sec,71da72c58377138b879929fbfcdeb288d3b9f0058a95220e7a62e96e1d1554b4,false
XSS-1588,xss,PayloadBox/html5sec,7e7e85d2997715ecf222445ed2fac58ae6f7ac5385895218084c861af5bf552c,false
XSS-1589,xss,PayloadBox/html5sec,c969698b5fbf287fd86dcd76dd5a628f5f7b2623f3a6d96e1f04494ae2a58245,false
XSS-1590,xss,PayloadBox/html5sec,26b2db6ee3cfd7fc208fadacb1174f1150cd2b42f093baf22ac90062acb78ced,false
XSS-1591,xss,PayloadBox/html5sec,841aabb8e1370e9101b3eb94898248a4cf3e125003d532d3d2dcbd04b0056e40,false
XSS-1592,xss,PayloadBox/html5sec,20945d13566e0115b690a01cbe21abda937ffa243212b26a9a1c7f24f2eabee2,false
XSS-1593,xss,PayloadBox/html5sec,772737f6c64bcb41167307eafa2de2d53cd70ad3c28c9695bdced4c540795701,false
XSS-1594,xss,PayloadBox/html5sec,64d1af2f3c6c9abc3df8f5c12c41ee8fa03b611700a5a69679930d2cbba44914,false
XSS-1595,xss,PayloadBox/html5sec,7152e35ed3055d4997593446bd427fa4bf0deda3f954cfd03ab1383786600a03,false
XSS-1596,xss,PayloadBox/html5sec,a91ad9456cc71c9e084d033e76c7ff11637f9094bb7643ca2f341173ba508218,false
XSS-1597,xss,PayloadBox/html5sec,41c81b7a76f0622e07c1620cdf7d60b0b403b90189cd14ee8e148b2b29ed8e30,false
XSS-1598,xss,PayloadBox/html5sec,8f894b112beeb9cf3650d0b0b2974a32bab77f36986ef4c1afd1e7cdb962f06a,false
XSS-1599,xss,PayloadBox/html5sec,7601d90464bad2511bc7695d721d1c912a3fff37cd64ad1438cdda87555613e6,false
XSS-1600,xss,PayloadBox/html5sec,80c4b15170db3a12e95c60ff54105f8a7d995216c604285ae5f4d6e131b871b4,false
XSS-1601,xss,PayloadBox/html5sec,4e2c4b1dc1304f058aca9ab2a378dfedd6d03e1e00843d379ef6ed0febd71264,false
XSS-1602,xss,PayloadBox/html5sec,7f42530c08ec61113b8690c19cc30f98e05d0f5163f5da5020f1db727e030aad,false
XSS-1603,xss,PayloadBox/html5sec,36743cdadc6bca66b96a17df1a13693443d69c5ecf8587b698e159f97d9f1732,false
XSS-1604,xss,PayloadBox/html5sec,497f35a600dbf55efc5786552d3ce4de9a8970c3732fc488542a1519362b6d5b,false
XSS-1605,xss,PayloadBox/html5sec,7308789dd2d40829d84d7c56f0adcd841c7799ebc9362eb181427e1dc16db886,false
XSS-1606,xss,PayloadBox/html5sec,a2384c95d7a8a1690cef8aac3f521450416219a4e88b433eb90339324844f78d,false
XSS-1607,xss,PayloadBox/html5sec,fe62bc2ba1684bcc9899a12dd7879d1a9d9827709e5683cb1ed74e794af8e33b,false
XSS-1608,xss,PayloadBox/html5sec,bce0bed4db48abe884524e37cef63ed56ff660597efb009cdede162e6ea6b0f1,false
XSS-1609,xss,PayloadBox/html5sec,16e6eee42568054374568fec94a195b25e1a1a041b7729ce7812745ecad0867c,false
XSS-1610,xss,PayloadBox/html5sec,a80a7efda1eda459a961b2c09e9dc2d69be661ea422041ad54f0da8a66cbf0ea,false
XSS-1611,xss,PayloadBox/html5sec,27396439722bfa6196343a828292f5a5d64fb725927beec0b9fa30e63addbcd9,false
XSS-1612,xss,PayloadBox/html5sec,d72558645a03b24ddf3ec1c68e8cde64b8aa4ca707781cd12c87a2e505121264,false
XSS-1613,xss,PayloadBox/html5sec,9dd99a5360f86cab21355326d29bcdcc1e3722bbb5d019f1462dfbf64df71e3a,false
XSS-1614,xss,PayloadBox/html5sec,ee2516c450a5197b1a3c467ca44c0b6b687f94b7c92b6662c4bb8583ff98ffd7,false
XSS-1615,xss,PayloadBox/html5sec,afc5cd751ebd16bd50313aa51195ccf4ef02f9cbf34b9b12133a16da9bc1dcc7,false
XSS-1616,xss,PayloadBox/html5sec,0ff2ff9b2c43f54ef8c8e575b055b5857731bb93cbfd3b9757b71a317a75d6b5,false
XSS-1617,xss,PayloadBox/html5sec,e2f2fcee8887a9df6c508cbdfeee5752bbcf9665a7e8f1e1faaf72c588bba3d1,false
XSS-1618,xss,PayloadBox/html5sec,ab22e32195016d8475f83186a4d41b83fd8303b2b97062c88461089d77af07da,false
XSS-1619,xss,PayloadBox/html5sec,07b1e5bd5923f161fee23b3324522a42d564bcb740f86417f20adcf8817bcaf8,false
XSS-1620,xss,PayloadBox/html5sec,e0d249fdaae9229c1968b26dd8b3a3033bb0733729124871efcea13f87adef98,false
XSS-1621,xss,PayloadBox/html5sec,029f5c1518cdd1ff2787bbda545ef6ce0d7691049f39f2ee0c8d405988b724a5,false
XSS-1622,xss,PayloadBox/html5sec,3ba1298ecd9f5c32ad5999833528015ebf761c7867e86839a931898f4a6cc0bb,false
XSS-1623,xss,PayloadBox/html5sec,07aa0f35c04e91fa14bd70fbfb1aa6e4b1d1444fbc3ed4d282e4692ed4d9abc2,false
XSS-1624,xss,PayloadBox/html5sec,d8757d0e5783fc4de3b821118a5d8aac2b0b13792c7fff7576819e67d85943d4,false
XSS-1625,xss,PayloadBox/html5sec,1a48e949c2263ea84d8cf89c2fc51dec27dfbba8df5eb7fe7523315de597a404,false
XSS-1626,xss,PayloadBox/html5sec,50e4c5fc00dab03006d7c5fab3262788fba4fa8fc8d7c30d661277bad7be857f,false
XSS-1627,xss,PayloadBox/html5sec,4cac41abbe4fa153a635e87fd8d58b369cc4298ee86e08bd583f78883a321e03,false
XSS-1628,xss,PayloadBox/html5sec,105e722c8575b88d066225b23abaf9cf2ae3495043a29f77dbb87f38807cc229,false
XSS-1629,xss,PayloadBox/html5sec,c244236df36b6d6f5729cbc33f43e31eb84edc3a57bc4196471686a03761779f,false
XSS-1630,xss,PayloadBox/html5sec,cc38309662429dff1e7f71edae4e06bfe62878a1df416cf736881f7e17c3dcbb,false
XSS-1631,xss,PayloadBox/html5sec,1d6a0bca305ce77bde1c5be61abc2a1d85c9a4e3e5d1f6309063f6ac291f9cdc,false
XSS-1632,xss,PayloadBox/html5sec,35cb419e7d5d5d50d2cf58c65910199d6684c44a12b102661ca79a386b736fcf,false
XSS-1633,xss,PayloadBox/html5sec,cb937205bf9b86bbcf820f07c1c210d092f06a0a2ac0433c98025cb6388e72f1,false
XSS-1634,xss,PayloadBox/html5sec,465a2e654d1c7af00e5858df2686bd01c0b26f6b0322ac6267d63852284b07ac,false
XSS-1635,xss,PayloadBox/html5sec,384f7b7c7a4dd2e7eae71fa1c20d837d937d96c9985004c2c09a7a9d8db39dea,false
XSS-1636,xss,PayloadBox/html5sec,2ba9872654cb6c1854910f8de8ab45ba20d00ec4b45d8d5556106135add324c0,false
XSS-1637,xss,PayloadBox/html5sec,9bb619173fee2a85b2447e183da905273b3fe2038d6cc9faa1b95e82f5b514b8,false
XSS-1638,xss,PayloadBox/html5sec,6396d9f6063a53ce632cfc9476d52f393c2dd7f33bf52feba4da565c1ce24141,false
XSS-1639,xss,PayloadBox/html5sec,cd60a1d72c06551a3e02b0562de8fcfa958b3ab7bcb5ca7d7682949274bbef35,false
XSS-1640,xss,PayloadBox/html5sec,a075a14ecdec53622d75637de0fe75f97a6aedca184d05af51765b9d40aed6cf,false
XSS-1641,xss,PayloadBox/html5sec,8b577335201b04ffd11496fb4f8985dfc9ecfaa5e6ee78c0e2d3725fa0d1cd69,false
XSS-1642,xss,PayloadBox/html5sec,9658a5aa4aa1365aaef7f053949ba8af29a468ecc88e976ab0c67628c05c7593,false
XSS-1643,xss,PayloadBox/html5sec,9bdbe5e2e3aea58ec3d16e3d187d6cf74fa94ea5d52d3e06c2232924258d53d2,false
XSS-1644,xss,PayloadBox/html5sec,67f62fd902656f923113d633455fdccdf17b450aae982e943ae843a8e4e76596,false
XSS-1645,xss,PayloadBox/html5sec,e7136c7de8f565ddea80e9db560493ba5714b17a5e5a8c0605a4af255a038c7a,false
XSS-1646,xss,PayloadBox/html5sec,35ce22e396342aad7c71bf2bc64812cb3ffdd0c2961fd7c7431dc6e2784c23aa,false
XSS-1647,xss,PayloadBox/html5sec,da3558fcb6abb22c1faee102f6d3db095b88b26f3334021bfbb1c6fa737e588a,false
XSS-1648,xss,PayloadBox/html5sec,3dfe9c73b7c8e8f7f27b14a76b04860689d302aef9a8354a2cf8b56abcbf7c49,false
XSS-1649,xss,PayloadBox/html5sec,7f0d6a5d150d46d369993595dae8ab8e73a5e295f57c49223409d06714c99645,false
XSS-1650,xss,PayloadBox/html5sec,8142bf6421e2e7558c1727709329aa1b5cd3cedb7c26b389df2f424e3f1761e5,false
XSS-1651,xss,PayloadBox/html5sec,263552f1913442d28c458410956ac7dd575c0d4b7ba6bc59ccd387af4a11449d,false
XSS-1652,xss,PayloadBox/html5sec,d1e93037c5edb4e2474d651c9653b3ce88ff1c5aad3dd8b2d16772db6c190cfd,false
XSS-1653,xss,PayloadBox/html5sec,ed33b78c9c419a590ea4e618338d195d2457832a598da369a32bf83c283a80b7,false
XSS-1654,xss,PayloadBox/html5sec,613adc2b62e4b061d0bb3e3fe5b933929bea3bd0cd5fa3cf16aea4b0eb70acb3,false
XSS-1655,xss,PayloadBox/html5sec,3432cf3a35886b3d795427d01cb17aeb6c9c390b61fe60a4c557b5ea636f2066,false
XSS-1656,xss,PayloadBox/html5sec,ef3ff1fb9032fd957dc0bde2b4c08a6225c79c6d4e2b4208a5340975218980dd,false
XSS-1657,xss,PayloadBox/html5sec,b5bc121fdf272237e5b3777d24ef8dd1cdaa499f116c703b9ac8f514e0406504,false
XSS-1658,xss,PayloadBox/html5sec,577d4e883e1ca6d6f044b28eda6be6491c43ce46642e2c660bcc450d20c8a000,false
XSS-1659,xss,PayloadBox/html5sec,58c759e20c4497e313574bf3224884e88ab0b4034ebc81998b6ed2f6d9d1ed73,false
XSS-1660,xss,PayloadBox/html5sec,ceb5b7e390d1ef426e72000ca131bf1cd60e9f91c4020c443b4729db9ba7f3c3,false
XSS-1661,xss,PayloadBox/html5sec,46f3676f8b937fdd40f0c1f8322d6d2b5629ad0bd098c1040b23d6100cd6f228,false
XSS-1662,xss,PayloadBox/html5sec,ad6a5adbcb1bdd5ebb4e7f8be10851572d393fd7f9ec25740da1719b9af6c750,false
XSS-1663,xss,PayloadBox/html5sec,eb3e1ce0db7cc3d51653083a621507e7390f567696197e1fd90eefbc8fb29c6d,false
XSS-1664,xss,PayloadBox/html5sec,f75be456f6331ab65ab5f6f10f422f1672acd52198d6c549b025eaa23f05c202,false
XSS-1665,xss,PayloadBox/html5sec,f20f315533b766e8444b7f10c482a748ba4442d8e7d5bc99edf94cf1c0b391b1,false
XSS-1666,xss,PayloadBox/html5sec,c1a5ae26cbe67ee2519363c47aa92e28aa1f0d172df03c09f49eb9f641071173,false
XSS-1667,xss,PayloadBox/html5sec,bfd01acaa823e9260ea584937302c099532ecf579006471a55466619d44031b6,false
XSS-1668,xss,PayloadBox/html5sec,a807c2babcc0b8e455ef5992d19463291c3f2d71990103f9a30f5e1ae6af3fb9,false
XSS-1669,xss,PayloadBox/html5sec,7f8031c76644b50bafceac87cdd772fee9744c1847823cfeb56e29079d1dd252,false
XSS-1670,xss,PayloadBox/html5sec,74ac45129f18f257a3b80488294eb7c9740942f9d23089ef55f8d3a0cf492639,false
XSS-1671,xss,PayloadBox/html5sec,b527354de48b4245b1cfb6171ee815201948d30e57c4c8f5cdabd90121afed5a,false
XSS-1672,xss,PayloadBox/html5sec,0388d78f2a5c4ba3d385681bc5ecb427b300bf6721946a5c61f5a2ae194b7bbc,false
XSS-1673,xss,PayloadBox/html5sec,8d9873fbffa7b2a36a02fee8faaa7843c64c8fd1129408780aa9ba66b79ccfff,false
XSS-1674,xss,PayloadBox/html5sec,ebe9d74d0f93b27abbadfe051b43da92ae917a7496051b41d06bc9016c6352fc,false
XSS-1675,xss,PayloadBox/html5sec,29a2078204a2b358fcb4b27f7af72f86152ffce45fe3e8ab6efb0ecda3ff9048,false
XSS-1676,xss,PayloadBox/html5sec,867ff2f4adef35e7d373ac9076a8f762effabad547d75358a40b993bc3e87d08,false
XSS-1677,xss,PayloadBox/html5sec,e9cfc62848c0350fd919908f778e24c1305d65233980003e2fc5f492c6f42f16,false
XSS-1678,xss,PayloadBox/html5sec,31735b32d735bd8b9209150484b10dd4101bd99652076265386f62d5a1cb0328,false
XSS-1679,xss,PayloadBox/html5sec,c0ca962d09078022fcc93ad75ec57c91792c673c16a02f7dd3a093da44ebd727,false
XSS-1680,xss,PayloadBox/html5sec,1fa84da0f9c6faa62620400c3d2168cce5da8f3a5bce4d33d08b002a75e85796,false
XSS-1681,xss,PayloadBox/html5sec,03ffd5f5607d41092fcb2a9d2ed40473af9f2651720661370592aaa029203af9,false
XSS-1682,xss,PayloadBox/html5sec,cb22fb59a4aef7e8664830189a90f1457a6bbf58ab2b103c00147a4ab8e9d0a0,false
XSS-1683,xss,PayloadBox/html5sec,15abe5d170d8d0a93f684241b1c0a1f2b2c6ffd7642115302f8fb74b491ce619,false
XSS-1684,xss,PayloadBox/html5sec,96c41d8fb709a3dc65cabc4deb2738312a28739ef0e43a6223790eec75e2e348,false
XSS-1685,xss,PayloadBox/html5sec,71386e996a77ab060d7dd960219ea4c0e3b4142f491ac7a3aec08dedd33b2f30,false
XSS-1686,xss,PayloadBox/html5sec,efed6654c77f9bd78bf85163785a0ccf37a7370415183d3eb36c6259efe0a2d5,false
XSS-1687,xss,PayloadBox/html5sec,b613f8c82a0e067ffc08159ccad0c3169ba98e35c1b7c6deaf73a29b264b154d,false
XSS-1688,xss,PayloadBox/html5sec,470d9aee070a9b5b87f5d05a237c3722b459530f59a3f69fa656b5383c9203b6,false
XSS-1689,xss,PayloadBox/html5sec,50b64c2ea5334856d35e89ad9c6f3760c7ef5ee7db181f46e6656325f70b259d,false
XSS-1690,xss,PayloadBox/html5sec,3b3cdd98bd3dd4213b8b624b01f943e98f0e775eb4ede29bb462062377345a34,false
XSS-1691,xss,PayloadBox/html5sec,a791a2a09e531a12707ee90e0c49ebc57a541e1597f7e10ef5e7d13e0b98db5f,false
XSS-1692,xss,PayloadBox/html5sec,abc3e61a70983a270e9232ba0c5c064fe8c9b0ed1307e6dbb5d2c53433de20f5,false
XSS-1693,xss,PayloadBox/html5sec,f7a8398c973a0b1fdf270d420eff9887a6009545b36120420ae7395e12b49b1a,false
XSS-1694,xss,PayloadBox/html5sec,740454845b9d2daf8008279b807ff25c93babb055d0c31b5ca45425a7ed5c979,false
XSS-1695,xss,PayloadBox/html5sec,1acab1ce3cb100e03c1869c0aa588bf6a2779753057a1d002fabaea34682a643,false
XSS-1696,xss,PayloadBox/html5sec,631accb9d07029dd29b89963fe6bdb4fad68455c0100f5f1e78ff3f2dcd64e1d,false
XSS-1697,xss,PayloadBox/html5sec,9983a0d9c88e3c023c2dd67013b8caccc0e99d7388425632a9dd94b95bfdedbb,false
XSS-1698,xss,PayloadBox/html5sec,634cc7a2b64414058603186764e49afc742f01e271c0ed5657c514c003aedfad,false
XSS-1699,xss,PayloadBox/html5sec,22f261f7da757c998401f9e6ae2ab176834afea0c5a7259316b0c88f39e2d20a,false
XSS-1700,xss,PayloadBox/html5sec,b8f72a309d1824052aca5ba266451bdd0d79ab29e5294ffe816a60397aad49d2,false
XSS-1701,xss,PayloadBox/html5sec,d0a6eccdbc3b205aff84b37dafce8e1575263dc31513e2fd6137fb9c61535e5e,false
XSS-1702,xss,PayloadBox/html5sec,2183ccfae2dd75abfc238d11379a1b01601e695eac58c6aa7840b1670a797e61,false
XSS-1703,xss,PayloadBox/html5sec,72e703942e1350547592076bc450540058d1439f9f91547c3e1260230a9ed46b,false
XSS-1704,xss,PayloadBox/html5sec,7ca7ed89fe474ce7cfd91b8a9f7828e3a7aadc2b45545e0be7e95086a6bd6197,false
XSS-1705,xss,PayloadBox/html5sec,de71d05a73e549119093a36e5ac976b2a2d97cca57adaf44cb84e91e1757915d,false
XSS-1706,xss,PayloadBox/html5sec,48e5d73023296011cfd42666af04564492ba1c9d3a07c0b4c1f5c79cd8ca304d,false
XSS-1707,xss,PayloadBox/html5sec,bcd5036f21695bcbfe164bee5a46fc754dedd2653e0186c190580a23baa138bb,false
XSS-1708,xss,PayloadBox/html5sec,e0d5b0994a50227a90872f7494ea603c771cbe46a061bdcc470e451caa3aaae7,false
XSS-1709,xss,PayloadBox/html5sec,a350ab0db6f1c37f067a0c0f24a8a4de05682626dde4e9aab6138a56c964da29,false
XSS-1710,xss,PayloadBox/html5sec,4f49e576e34838079a71fc1ca3ce7336eed3a42adaab024efca75d7cef48c4d0,false
XSS-1711,xss,PayloadBox/html5sec,4480b2915e8280ae4b9fb1c18c63febd5b420f9b6f2a426a81ac4d912889dc3c,false
XSS-1712,xss,PayloadBox/html5sec,0afed87b485bf1c216e8359f7389382ec8e8326537ca93d7e91ef37ea0916a79,false
XSS-1713,xss,PayloadBox/html5sec,06b0dbd0658db57d8aff3651b20b1c09e193bcc7a64efdd9237e4c32731cfa89,false
XSS-1714,xss,PayloadBox/html5sec,ac5453701bff775af762ebd4d81accaafb8ee937e2efcbdcacbc9ff0905231cb,false
XSS-1715,xss,PayloadBox/html5sec,c3be38c599557fe93f68321e1509295f9fb1ee43e83682f99847848bbd5a64b5,false
XSS-1716,xss,PayloadBox/html5sec,772b2b0820f4a342b237a6c66e708d0864f929ac31f2fba4f57ca73da88c9425,false
XSS-1717,xss,PayloadBox/html5sec,4f5b5b70b1211b3bc2bd0b3921e462872dce6840c8f6e0fe087eca59750ba7cc,false
XSS-1718,xss,PayloadBox/html5sec,a50a2b0458b3201724c103cbaa5247186330d6c908adf695c9449423bf52bbe3,false
XSS-1719,xss,PayloadBox/html5sec,0478c25bffde7e5cbb0215e0349b353cfbdd1155761e4bc13ac38e9758e1ee15,false
XSS-1720,xss,PayloadBox/html5sec,485be0828a8915bae6aa4ffc1f089f4f51353e15163491c4454cd52b6b86e6a0,false
XSS-1721,xss,PayloadBox/html5sec,5630eb6a2c92b4e0dd17e7a13e1215c934cff5dde57e741ab69f161f29adcb01,false
XSS-1722,xss,PayloadBox/html5sec,ce517b81b0a2cf2d9978146f35dbfed3810d011e5cfaee43088584c290abd58f,false
XSS-1723,xss,PayloadBox/html5sec,47072a6e7d64e5d2eaa82d290f499df9552534c4eb7f49733f344ef561317cbe,false
XSS-1724,xss,PayloadBox/html5sec,b10d8566d0add6168722cc45fc97bd33637581a93ebb3a196f116dd3c432ecae,false
XSS-1725,xss,PayloadBox/html5sec,4a7e565d31d4645f3f7b2a383778ac00977cb56b177ef63608e4bdc1392c68d4,false
XSS-1726,xss,PayloadBox/html5sec,92b0d99102217d44929835d431fc30ce5c0b122e03abc8cec35b5e34a73df2ce,false
XSS-1727,xss,PayloadBox/html5sec,19f308b1bea0d77902225a817a2de4a89daccba7ecc45e2a98a0a4f0f2796b4b,false
XSS-1728,xss,PayloadBox/html5sec,c9f596bd7d9fd44eff9dfa99039102280b9b914ce551a2112e8d0799a9c1919d,false
XSS-1729,xss,PayloadBox/html5sec,7f244aaeec398ddcc0bb565eea5b4e841ca9a708cc0722079d7fa18bef3dd681,false
XSS-1730,xss,PayloadBox/html5sec,9a27199b2e875fb2c217378fdc030dbb7ebcfe20e3070980636c4016df5f1057,false
XSS-1731,xss,PayloadBox/html5sec,3e7c271138e69edf65c38636bd29a6d78f1e12dc102fe70e677ed3bea45fa3cd,false
XSS-1732,xss,PayloadBox/html5sec,5d763e7a0a84ccfc9d526ea0b6a77c00b148572f0c4337edc7fd24ad8a472784,false
XSS-1733,xss,PayloadBox/html5sec,9ceb194e22c0ac577f352f824450a95662ea0a715d0d166b1379f222a8ec6cd4,false
XSS-1734,xss,PayloadBox/html5sec,23de377be530aed76fed08f0a9d91868668fbadd33db33b07f3a0829868b5564,false
XSS-1735,xss,PayloadBox/html5sec,323ad913e3b3cfe8a11053f12c9a7eb7dd8edb3ff40f62d5488b1d15e9a0ca69,false
XSS-1736,xss,PayloadBox/html5sec,130fb5438c22e64b2de55c4f0b56cf45759b565b1a89549473c1db43e6781892,false
XSS-1737,xss,PayloadBox/html5sec,ee53292f5ac48a4e91f18c24ebe652ccc1b20b5f01fe7dfa9e28f16c17ec5c8d,false
XSS-1738,xss,PayloadBox/html5sec,5b134d5a85b6baf4acb4ffb0de7727257f32674423573c89f47e0ce1610a3890,false
XSS-1739,xss,PayloadBox/html5sec,ec5c5e11782d177f91c8f46a3123419e74e1acc780c128e19af3400c552f6711,false
XSS-1740,xss,PayloadBox/html5sec,97e4b539491da10ac54089a255f09c9fa5dfa6799e3d5bbdbb5bfd5cdc6e54ae,false
XSS-1741,xss,PayloadBox/html5sec,3af86223f918bb9cf7ecdfd65074893c6655f57956538ad6ec4bb1d3628ad480,false
XSS-1742,xss,PayloadBox/html5sec,bf1175e1d7562ebc77b313e811c28aa8ae3426e583cd758a426f90ff4ad4b832,false
XSS-1743,xss,PayloadBox/html5sec,9151e1be46e9ee97e0735312fcbaada6b6f3e75c14d30733d6105f46930196a8,false
XSS-1744,xss,PayloadBox/html5sec,135967953ca6322f28adc8fa91940a2f70ba32d3ab8882226f2e16fb82fc2aa0,false
XSS-1745,xss,PayloadBox/html5sec,fa56b67b84cd1bf9719907d096c8c110c5dffcf07244aaaace6831b6902e4f6b,false
XSS-1746,xss,PayloadBox/html5sec,1c8bd704ef28783e9c10321a70b2c5053d52929740d905919afc6d43f79390a6,false
XSS-1747,xss,PayloadBox/html5sec,e82c59feabc0e660d96fec1f2d48a06bf26596f5f719b2732464643116f54a95,false
XSS-1748,xss,PayloadBox/html5sec,9056ab8af6ab1fcb5d86c7d26d2a929da8c7ab61c70c8894bc3474e8a5d696c6,false
XSS-1749,xss,PayloadBox/html5sec,ba73863b3c6ddc26c16a407bb9fa92cb6702f389f66f1770d4a28c37ac6964d5,false
XSS-1750,xss,PayloadBox/html5sec,8ac1bf7cf7ca4c6e765a5a16b71129d084477a06b125bb9b58d57facfeb3411e,false
XSS-1751,xss,PayloadBox/html5sec,aa3c6d2f875aabcdc75399c4ba11e4c2647287594bad3e09b0c3cc3284598f8b,false
XSS-1752,xss,PayloadBox/html5sec,43e55693ea1b502cfa9238ece7a5454ff0a25400d8d8500a10fe000ecb4a24af,false
XSS-1753,xss,PayloadBox/html5sec,3b5c69bccfb07390a69a9143e7848fcd2a2278d88eda3ee89dd8371d9c4c694b,false
XSS-1754,xss,PayloadBox/html5sec,82acd2f5c4d88b16fac3189e1d8afd888fd11f3c5129f276376361be56d5ed92,false
XSS-1755,xss,PayloadBox/html5sec,a9950ecc20f39bcc6e09d531ae9bc9de0bd852e36088fa0c1d92dc2b307149d2,false
XSS-1756,xss,PayloadBox/html5sec,7fc3d91d7b39f0d42538ebd510c761035a2fecb5350d3e65acc086e1e1456973,false
XSS-1757,xss,PayloadBox/html5sec,698a5371ad39e710467b4dcaaeb656443bdba2f0fc6a410801a2eb5dec6e7f56,false
XSS-1758,xss,PayloadBox/html5sec,bfd690fe8e96fa34c22220b6ccb4e21034f953528b5f8f66894cff1efa564e6d,false
XSS-1759,xss,PayloadBox/html5sec,c9a35cb6a32e8219fda0a98ea16bf9d1bbc2aa5fa66294d71a637f2ada14d73b,false
XSS-1760,xss,PayloadBox/html5sec,85e507138939e357b7c52c71e20c7cc451d970156d2e9ec59434daf3b5fe94b1,false
XSS-1761,xss,PayloadBox/html5sec,e07697c16e6fc8c471b9cce6aeb0494a2b3cc9384c785fd91de6e3616c3ff3de,false
XSS-1762,xss,PayloadBox/html5sec,b9e2ae0a52d97fc14efa9ed083b7554b18d6c90f21114beab7063ef87873e77d,false
XSS-1763,xss,PayloadBox/html5sec,a2092839fdf679976e66ef0a9569494fdcc6a12224f183185996e8f8b6ee1469,false
XSS-1764,xss,PayloadBox/html5sec,83626381285de6ccae89e0d6486c50567991d16171cdf1164d238e2e16829b87,false
XSS-1765,xss,PayloadBox/html5sec,eb3a2ef1a2d8e11e41ac5adea80bffa9f1b8e8356f71be47d793475b182b1b83,false
XSS-1766,xss,PayloadBox/html5sec,fcd03a5ccebb3e91272682e583dec57b1237420dc64ffe58cf5f3824ccccb4b2,false
XSS-1767,xss,PayloadBox/html5sec,ac88e271f2e29dd2b4cdb4edc103dd7d4cc70f23f0ee611fc41101d20365c132,false
XSS-1768,xss,PayloadBox/html5sec,f12839ec3795393447b83e6b0be85894ae7139f6dfcbff9556e1cd33c664b5fd,false
XSS-1769,xss,PayloadBox/html5sec,fbcfabe7055b9f6171009ee333679ba289318bdd52814af38c8114aecaf01138,false
XSS-1770,xss,PayloadBox/html5sec,7e8b1bb272b01901226eaf96559fdeaf80ab8274754e2895389df50cdf98f2ba,false
XSS-1771,xss,PayloadBox/html5sec,8a91526a8138bb855cae14b1c6c9bb5fc325ce4c9f8fdb22c832b11fd260fed8,false
XSS-1772,xss,PayloadBox/html5sec,ddf38ca9edce6f403ad1ab9eb33c3bcc32ebc663ace02587147d45b903e05572,false
XSS-1773,xss,PayloadBox/html5sec,9b07fbe26b49ff01ab4533858a17777c66401ca91c73079d6092d28802965233,false
XSS-1774,xss,PayloadBox/html5sec,2697895d8383c6befcef6321e5e2e3f7d7bf69da53c5cc22a9b2eb15034299e7,false
XSS-1775,xss,PayloadBox/html5sec,94d63c3195f29b798c64873e478f4e156345292dee401cc0dfd9006fdebb22bb,false
XSS-1776,xss,PayloadBox/html5sec,793e9afa1ff59ac8aa4d97ba321f15928d9231ea9a81ce245af1db3b6d741561,false
XSS-1777,xss,PayloadBox/html5sec,2a05cf738ecd8252f122ed0b51867345b8c6d5638f98269977ffcbeee54ae57e,false
XSS-1778,xss,PayloadBox/html5sec,60c7ce5bef175aa7cc35d08057b77c51ebeddef82c7ac438a6e3850d007697e8,false
XSS-1779,xss,PayloadBox/html5sec,3ef4dfdf8e999968a33f9daafb0811018b436408ca338ca9ff45469d29ffbf19,false
XSS-1780,xss,PayloadBox/html5sec,4a23fa1087c75708c6c1ffb2ac3c38824b42bd16dad0459244f29cdfc2a5b9f4,false
XSS-1781,xss,PayloadBox/html5sec,a6d6572abd93fbfc301becc10da102be9e7b72edace6db993b76144a5e37f209,false
XSS-1782,xss,PayloadBox/html5sec,28e26a070e66bdfea5ccf031818de9898c2ec77623757aca2f13d61697422a62,false
XSS-1783,xss,PayloadBox/html5sec,0aaed328e732c439eb2c4e319cfe53d12cdbb7fd2527d9de70c9b7aab6b3c8b4,false
XSS-1784,xss,PayloadBox/html5sec,0771b5ad80adaaad0a7268e2e2b161d8c7308d2e5c7ed9e148fb8740a37380c1,false
XSS-1785,xss,PayloadBox/html5sec,aa2d67d5a0723b30146ef32c20f162427837d5137250a90318f67311c7d692ba,false
XSS-1786,xss,PayloadBox/html5sec,ff26a59d6794b26b98bc802275f1e602ec72913ea36deaffb3bea61ebd5d7d20,false
XSS-1787,xss,PayloadBox/html5sec,0f54c6d5bb36eb632581edbef29b627f8b9054fe81fa68ad4e9d2ce042d2ab5c,false
XSS-1788,xss,PayloadBox/html5sec,2eecff18f1f829c7d66d12e67bc6a570d7d05cbf00492479c5d1c1bd12d8a239,false
XSS-1789,xss,PayloadBox/html5sec,9b0c24e1dc8e01f413aec7d9e2018e45e30691737cd38575396392d7f8a31e08,false
XSS-1790,xss,PayloadBox/html5sec,252e8ff5e6f2c0559243ef69885918e49fc1ba49e7ce954dda61b7a4adac2a7f,false
XSS-1791,xss,PayloadBox/html5sec,080a80a9a1aa87b20c6333c2baa075d47c92557a0e261f0c26c9f7fe9e9fa30e,false
XSS-1792,xss,PayloadBox/html5sec,ffb1b98ff9647c4500dca5dfa4783d15fe1cdc3032974d4fec0be409730d8464,false
XSS-1793,xss,PayloadBox/html5sec,e174c8fde964b3f8ab76ce501d59518cac514529b1e17ecdfe29db5ecfab1a2e,false
XSS-1794,xss,PayloadBox/html5sec,8be56dec1394441f769b39c8d54b67643afd0f17a5b84a5b38f7210fc18850bf,false
XSS-1795,xss,PayloadBox/html5sec,f5c2d0da11097e7f5b797d72bac15032ceb0bebd3907367dd0276fec5bca9b71,false
XSS-1796,xss,PayloadBox/html5sec,1d7bb6f8347f648b32b461cf03fcb48e798302965fe47aa387ba0ab3971dff76,false
XSS-1797,xss,PayloadBox/html5sec,41cebffe2c388444fb6b31d03221bd28d490ef58205bfe22def691bd3c8dba06,false
XSS-1798,xss,PayloadBox/html5sec,8569a0f30eb30226cf084d79219df6161315b41519e8a8b83ad2981febe01692,false
XSS-1799,xss,PayloadBox/html5sec,0b530d8180faee473904667040158c00527e80e21507acfff66449f29706ce65,false
XSS-1800,xss,PayloadBox/html5sec,2017459d448938efa5d6ceae4bd58e358eb7a3f937a3f49a0be842dce6d3c506,false
XSS-1801,xss,PayloadBox/html5sec,86ee23f6bf6dbae2f6cc958fe0082072ed8727530a0b35fbeec32ecb2816adf4,false
XSS-1802,xss,PayloadBox/html5sec,940328190508765d86e8669d9910ed0aed794e467c3290454a068c1545c58c7a,false
XSS-1803,xss,PayloadBox/html5sec,94020cf48f33b0d485f8254c39d684d6e012eb924f365d5f90a30f14d4e497e2,false
XSS-1804,xss,PayloadBox/html5sec,324f3906aa97d2c7276cded48d1f5a675622253a2409e37fbe73c9fd7aa53603,false
XSS-1805,xss,PayloadBox/html5sec,6e55c7188e02a018ee37cf725c5d7a8d23f638c1cbb2557af8a000d85978fcce,false
XSS-1806,xss,PayloadBox/html5sec,46c391791e61786901ba6468dc5e1918b923af2c02c21697f678846a8ea27fe1,false
XSS-1807,xss,PayloadBox/html5sec,eb06a3ffa51bb7846c410dfd777be10edb1806a23b0e4d1c46d33021f232ff5c,false
XSS-1808,xss,PayloadBox/html5sec,526cece67217a7a3a125cd2d57eb43057188f07dc4fb130bc853f1fe12377d1d,false
XSS-1809,xss,PayloadBox/html5sec,1f708b6ef5020e255b68ef0cdfc4e3941bced31f521e7072bdc67aabaf22076c,false
XSS-1810,xss,PayloadBox/html5sec,3a3f12a689f8091ede88216d788cae3ee6a4b4075e720548c9a311e82522fe28,false
XSS-1811,xss,PayloadBox/html5sec,09f746ae759547d7186f2f4c7867def537c82eb3bfa9ddf91386994e74bb6474,false
XSS-1812,xss,PayloadBox/html5sec,275c2b1f4e1a1f17bf3af6bda26949bf96e714fb87607ce5d3e473dc91557e04,false
XSS-1813,xss,PayloadBox/html5sec,46318773b6e9489e0d25efb0d2467ced0972ab9a43c78bd8f8c5b61eae6016d7,false
XSS-1814,xss,PayloadBox/html5sec,e72edcafc2edd54045a8505c84c8d8f7fa430a1e747475d0eb9c0cec3dafade1,false
XSS-1815,xss,PayloadBox/html5sec,8789d0efcaa8f32310079f4d2a0d7cc9c333dd9308316a7d13fdec783258c777,false
XSS-1816,xss,PayloadBox/html5sec,202e51ebac247e5cfff3a9f876e665d34c9afb01836015c679cfbc5082fc1111,false
XSS-1817,xss,PayloadBox/html5sec,4cdb38417205fa887a40555c2e508b1da5b66e58d5e918dadc2a6f4a2bfbb9ad,false
XSS-1818,xss,PayloadBox/html5sec,83e189f10812c28f9f96bece97c66bddbb02927cecb0c5aa99e99312484bb186,false
XSS-1819,xss,PayloadBox/html5sec,6b668109666ef25961f72c98823b03452dba9a9f88019651641c67f61a297121,false
XSS-1820,xss,PayloadBox/html5sec,bd0feb699863a9c958191119050343204f79124bdf45f76ba8bd5f9bdce557f8,false
XSS-1821,xss,PayloadBox/html5sec,90e4fc28fe4231b1aeca5abd36c17e1a6c53611168309c6502bd158f369a8150,false
XSS-1822,xss,PayloadBox/html5sec,2de82802c0544b21f5df1e3629e27dc29082f2d666bcee39f59759e7a1bc3925,false
XSS-1823,xss,PayloadBox/html5sec,deddfc48bfbcc2d039acbe53044d0ef9c49db6f605ba459d8cb2aff39978ff86,false
XSS-1824,xss,PayloadBox/html5sec,b12aeee73c4bf3281fa07eb5169d5ef164286aee5c676e7cdd6b7c5aaa9f019b,false
XSS-1825,xss,PayloadBox/html5sec,3bea66036d4a8104cdba1b413eb31413c0e771b882413e8190c56eb5d4689cfc,false
XSS-1826,xss,PayloadBox/html5sec,6f800310ad8f7c8e017bedca70f58194de34be15859570db95637c51a8439b85,false
XSS-1827,xss,PayloadBox/html5sec,7c1f02711a9e343235fab1968ac5649a0b451becd38093b82ea7eb5269c9ab35,false
XSS-1828,xss,PayloadBox/html5sec,d9d93ae6f6d70d567b944b0d07a98de5f02b544b5d88258914f2552845fee017,false
XSS-1829,xss,PayloadBox/html5sec,7d917f0265d56959a212152cca09094e979507af6ea580dc8204e9760aea037d,false
XSS-1830,xss,PayloadBox/html5sec,53499d5d8658ea2bb25977e4117a3c8415b33b39c94f4c3baf8326260943c85f,false
XSS-1831,xss,PayloadBox/html5sec,03f2c82ca2f0963f3a246927233c0bdb9368dd067e3efa4d145d1715419d75dd,false
XSS-1832,xss,PayloadBox/html5sec,6104b0182a07bc30524378d04a09db80b6b9bb9068cff181061d80701c308290,false
XSS-1833,xss,PayloadBox/html5sec,f04b02332821ccc846bb7fb39ef3309ad5807029d3dc51cd34a064386336f23b,false
XSS-1834,xss,PayloadBox/html5sec,15dfe3a9c5c558cee18b2e997ab8e26f8bd411f91aaffb4dafc80717c0176ad4,false
XSS-1835,xss,PayloadBox/html5sec,c0944fe2e4755f9bd5b682b68ece44769c7256546a2b68f5382094738024c4ad,false
XSS-1836,xss,PayloadBox/html5sec,8adf9b8954ad6685720463088e8b38e1198993dd4f848d780ad8f71062a575b6,false
XSS-1837,xss,PayloadBox/html5sec,beb6edd9e8ee3b3856776560df9d1b8fe18a3049cb039214f5d15466f2e5f1a8,false
XSS-1838,xss,PayloadBox/html5sec,2c46b5511433b6ebf176700e9bb9e3549aa0d72b9656838585c90ed35d01cb2b,false
XSS-1839,xss,PayloadBox/html5sec,a316a93e65ba495a0b20397cf99111838f6c744f94c8ac66f99d77dacb6613a7,false
XSS-1840,xss,PayloadBox/html5sec,f07b2581c9bd03f949e8a0b3f81692b47e1682eb075d14890559eef28cefdcb7,false
XSS-1841,xss,PayloadBox/html5sec,f1e34885f58e8834f966de4f48fbd4b8ec7d27ad2962d75e1f15cde1eef9255b,false
XSS-1842,xss,PayloadBox/html5sec,1ccde3a81bbe6f6dd090208af1e815f470f822fbbbf475f89ba3a9c2e8931ef5,false
XSS-1843,xss,PayloadBox/html5sec,76792e50e9680e1284ed0591ee17ff392e504250d0c190ce994bf38250e82d7d,false
XSS-1844,xss,PayloadBox/html5sec,1f5b07265dd2a393a4e3099822d9acb6cab2c924690333654c7c1b5116353937,false
XSS-1845,xss,PayloadBox/html5sec,f1ed3188245a2fe0314851d407ec6359f3ec3be008f29dc271b5dcd51df777ab,false
XSS-1846,xss,PayloadBox/html5sec,716544648832b7afc4678b206db4262bf4f531082d77224401427857adb898ff,false
XSS-1847,xss,PayloadBox/html5sec,8e762e4630a81382363220defda6098df065349609bf5e4e29676d8d3bc16040,false
XSS-1848,xss,PayloadBox/html5sec,19126bda0371a70e8d8f69863d0ab2ef8bd103d02ad6828770abae8b7dd6b394,false
XSS-1849,xss,PayloadBox/html5sec,8b0852096a68ed91575a7cb265a29d6db0a92755245a0d5ed7d6582e8c97fb6a,false
XSS-1850,xss,PayloadBox/html5sec,af89f5f1a285d6a47b7563c206dca8887aeb2e55d0a07c1f70b37f2c6cd41e6e,false
XSS-1851,xss,PayloadBox/html5sec,d9944c79e44903be84f80c4c9c2454b8014683be17ee49e8804ded150f96b982,false
XSS-1852,xss,PayloadBox/html5sec,4bc1d99776568e61f6c771f1c7fc037187c265d3b1e65b1f8a76385e7d21efcc,false
XSS-1853,xss,PayloadBox/html5sec,b339800db883c92f5c9117fdaf2c97250e2e8d1aa18acac3afe8d1dc92b4d18c,false
XSS-1854,xss,PayloadBox/html5sec,9ddfec146dc2684b9327f246c34036ea5304215f2eded0573187d0143e36ff83,false
XSS-1855,xss,PayloadBox/html5sec,bba91087a37b8e31cc4b2fec77482e796fc2c1d988c34758d3d5ca336ff79409,false
XSS-1856,xss,PayloadBox/html5sec,0639adb3dca266a32afd98f7ceed92daa2790865664827be86d87fa6778bca9e,false
XSS-1857,xss,PayloadBox/html5sec,771e25bd14a36f0f86bf6b848d6c3e0b5b90e0692077485477766a3530fa2b3b,false
XSS-1858,xss,PayloadBox/html5sec,413b89fd3a1881a30608dc461467d6aa0c2b1c290d814733320520943260b324,false
XSS-1859,xss,PayloadBox/html5sec,5ad96c970c8d95415e2661308900240d94768b927083ded11ec7d1e3e4843c14,false
XSS-1860,xss,PayloadBox/html5sec,0a7106469b8f85a7fbb47f65db2c96d49467ccf03271e389db78c41a78f777a6,false
XSS-1861,xss,PayloadBox/html5sec,8def96190a364c619d5c35d046a7ccbaba354e51d4812e89f3900066241d6456,false
XSS-1862,xss,PayloadBox/html5sec,c21ab934f033f2b677d8a72ab93894cfa7c076eb00b6ca04f103adbfaee4a1e6,false
XSS-1863,xss,PayloadBox/html5sec,cf9c2d46de986a8e7932608a4eca4fba4965e5e16670b9abbc75f3a61dabbbdd,false
XSS-1864,xss,PayloadBox/html5sec,3759b9b6d29c8f935d6cd2f5e541180fcfe030bafcc6c583726034b5e80ca249,false
XSS-1865,xss,PayloadBox/html5sec,ee8b7117e3694e0338fb63edcca1a3692905f62d28a4d1a7a00f939fbdce59d6,false
XSS-1866,xss,PayloadBox/html5sec,79138e33315f2eb07654894b0666006f8eefdbcb91833030dfee0e4092ba477d,false
XSS-1867,xss,PayloadBox/html5sec,4345e3b86a5de8839321331428ed76afe3ded57899f6987755e2dc25d43a26d1,false
XSS-1868,xss,PayloadBox/html5sec,442c23f4bda4e3ddecf34a6e1e8fe9cface19e52793add6405b7a1776fabcfb6,false
XSS-1869,xss,PayloadBox/html5sec,1441cf1d67212e002044b856a95762058c4f042b01b8d20e77d3d68fddff6300,false
XSS-1870,xss,PayloadBox/html5sec,4253c885ae098220b4b8de28efdc61e40caf3c6e743f478572c890aa4b3c92e6,false
XSS-1871,xss,PayloadBox/html5sec,a72d54469a4a1c81a60dd836ede287b8e5662977f4f009dbe3806bb573a5e014,false
XSS-1872,xss,PayloadBox/html5sec,01ffe437fb8e9e4ce5062bfed5529df1f2ef3d35cefe7ce9f8a44dbb287d4e14,false
XSS-1873,xss,PayloadBox/html5sec,840d9a18b16d636da90c1d5e66d588cdcf37a323cdc949d1accc1a2cb2751a39,false
XSS-1874,xss,PayloadBox/html5sec,981ef7f664201d98e9145c15065b7a58a1ff2e00b7a76aaf8ae8f88fec8a6d8e,false
XSS-1875,xss,PayloadBox/html5sec,5e0fd8280fdb9b1a6a29dc1c1c90af8a2123e3f1f68beae4e1831ffdad8f63de,false
XSS-1876,xss,PayloadBox/html5sec,49365cc8697fc8c4553d02d332bc1510ab29d2e2fad0120c9f55ad88bd432643,false
XSS-1877,xss,PayloadBox/html5sec,dbb9dca848806da6afa3466178bc9f5be24f7f0464c41d2babfc3fa13ed26e65,false
XSS-1878,xss,PayloadBox/html5sec,463caf11ad8be9e3bbbf64f7f20c40dbddd8464afbd777d61d393e198ddb90ec,false
XSS-1879,xss,PayloadBox/html5sec,85265d7f4cdf062587d1e7456f5d3137609e0314e9de47b34a29efd3aa72ebe7,false
XSS-1880,xss,PayloadBox/html5sec,00e37091f2488798317554daa6a9c80b101f7a762bacaa8539a34ed2e9cb9fdc,false
XSS-1881,xss,PayloadBox/html5sec,9731b95ce2c2f60cb26e0e76fd2d2c47cb4571f7ac6f3965ff09071286b25402,false
XSS-1882,xss,PayloadBox/html5sec,b69b8c4499c9dd262ef2e1e1f632d383c575369139ce987578ec6603d5ba9662,false
XSS-1883,xss,PayloadBox/html5sec,3f561fc2aa5f8a5004ce0c2631931187193b172acc8611a3acb56d96887498b7,false
XSS-1884,xss,PayloadBox/html5sec,68d30d720d395f10099b7f3cf295e4dbc15b5123a7cdfd520b93dd3a8472744e,false
XSS-1885,xss,PayloadBox/html5sec,32efdc1f04ec08f3a04288fc3f7803627de9736709567310f541e8dc018265e1,false
XSS-1886,xss,PayloadBox/html5sec,ac74ca803d31a993120af97e99d36f3a7ee5353d8fb3e9adb53e3844df39509f,false
XSS-1887,xss,PayloadBox/html5sec,6ffa5df289bb3ab312b5dda73161e40e82100ab750b44dbacaa9cc8c5bf4f5d7,false
XSS-1888,xss,PayloadBox/html5sec,53686c3a935f993957a90c9d142a9abda101b4368ff58576d83f956c56fae55a,false
XSS-1889,xss,PayloadBox/html5sec,023c4a588019a71df42eb78e741c4879761b1e91badfd528ba307d4630004525,false
XSS-1890,xss,PayloadBox/html5sec,f2fcc51fc75fb9fefec0f5f898bf078688676ab5805d53103eee8488e5449e1d,false
XSS-1891,xss,PayloadBox/html5sec,bdb1d2a820e72d306ced85644df25b453bd8a2f80df8118391f9d396f513cb01,false
XSS-1892,xss,PayloadBox/html5sec,5c85ae1e18da100b242a1075708a3a9e067e69d969c07256e481ec0fe00341fc,false
XSS-1893,xss,PayloadBox/html5sec,20db68e9fc109dc4a22aa30b258b38e415a24c5f4100078a6a350db8fb1a92c4,false
XSS-1894,xss,PayloadBox/html5sec,c6c41be69a479b581e4a33a0c62ced18b6a79824ebea7f2ea221ef12817eec51,false
XSS-1895,xss,PayloadBox/html5sec,3cadc1cb85e528bfbb9a5b1bc36c843210da7976c129c40b12dd50b6bbda020d,false
XSS-1896,xss,PayloadBox/html5sec,4ec61fba1dd5dfb32458a085f856ddb3f5ea3073b2739df078dee406bdcc55f1,false
XSS-1897,xss,PayloadBox/html5sec,08dfdc52b60f91c3d5b631301b09fe747d7c82a16e91634384d908f04dc53108,false
XSS-1898,xss,PayloadBox/html5sec,bcf8d5804b8dd1ba06e7feb60c6f57ab1c7abe85294eb2933424fb10ed011f94,false
XSS-1899,xss,PayloadBox/html5sec,6218ff3d3e7cc8b57be60eaa065ab9dee79ba4a05d446cdccc0adce8648518c6,false
XSS-1900,xss,PayloadBox/html5sec,857e71d2d366e0fd5286b3753916f3ce32cbd940caf278d140530353c9e322d8,false
XSS-1901,xss,PayloadBox/html5sec,1adaa23918966960442e0b90c831aad1b8e3c602df34fc8bda613764993ee321,false
XSS-1902,xss,PayloadBox/html5sec,92b3ac2664b0e59ad13e4dfdff07faa6eb6778ed48aae736e6d3b12d60da02ab,false
XSS-1903,xss,PayloadBox/html5sec,f8c68618c472cea74ed0000bc9057eba62cac773fc7feb40e2b07aeae2902802,false
XSS-1904,xss,PayloadBox/html5sec,2e87e8b70320b0a8742a72cb34622537306fabe1e80fdb62cb1a0ff1cf9c649f,false
XSS-1905,xss,PayloadBox/html5sec,7c159e5f1afd54961736f169d119bf2417d2960f39017de7520ac600f9032aa8,false
XSS-1906,xss,PayloadBox/html5sec,32e6069dc55c7d06108acf2f2d29be78af5bd14e3bd1a1f947b096f219525bff,false
XSS-1907,xss,PayloadBox/html5sec,c290a79f8a77958205c81d142c6d50fb878f647dcb77a29bbd36fafae24848ad,false
XSS-1908,xss,PayloadBox/html5sec,b6e82b95b3f63835c47ca5f57fe6e41f8f2a6c46d0875589a56725bac749a5d5,false
XSS-1909,xss,PayloadBox/html5sec,8f4a38cb5d94f2fc094355e6c02930ed48a8d6ecfbdda4d4d8b15c76ab820fdc,false
XSS-1910,xss,PayloadBox/html5sec,5d96c2622e49ea2ad51a294b2ee207bff405a16a4c36722633b5077f895dd367,false
XSS-1911,xss,PayloadBox/html5sec,c9b4d3b14a065e599feac2c5cf62439a65fdf956f240b605c78b278351193885,false
XSS-1912,xss,PayloadBox/html5sec,92dda49f3f8e3501e7113e9fea9b5fd5426dbd592ade08fc15fa46feb7f94b14,false
XSS-1913,xss,PayloadBox/html5sec,19fa41f8c1740a9fa0da16be3e20585abe3123c5ce7ad0160d1021e9c8d88159,false
XSS-1914,xss,PayloadBox/html5sec,084035e0f6de5c721d72818674bf1a2853a38e5aee75ab66c02438e2c6c7046a,false
XSS-1915,xss,PayloadBox/html5sec,771be7c29f57c3c84bba972601dcf690f87333145ae7f2a13bbe402640ec1aac,false
XSS-1916,xss,PayloadBox/html5sec,e5353a3a097c9cd926e2de78ab7862666f1e12b17f65e33bcba31ece02fd2e63,false
XSS-1917,xss,PayloadBox/html5sec,295d122dae8632d2553ebcc4fb33d264cc791c022097c3b33dcbebd8ef9ad651,false
XSS-1918,xss,PayloadBox/html5sec,3e882e6ec3ebb7b150feeb10159307993eb8608982dbcc81e584d2fcde78f3f0,false
XSS-1919,xss,PayloadBox/html5sec,afd9fba74b696060073a0a75cfac0880a8190f1df3e4c7c7c810b78c866abfa6,false
XSS-1920,xss,PayloadBox/html5sec,dc0ff41b4cd7630c82e83eaba8f39f0d06f1647ddaaa652178e1b88b06c05df5,false
XSS-1921,xss,PayloadBox/html5sec,5a23580ff4f51f8eea1244c6733b25b0455b767d79c67b2457a103a4395451df,false
XSS-1922,xss,PayloadBox/html5sec,c1e90e60a61b9a329f04089163145f68be6f5dccedd6ffaaef5d5f9584a62acd,false
XSS-1923,xss,PayloadBox/html5sec,4e77688a2eb416a12e8a68e7e346e465a6216c9173322b7167f1b9c86f4948ad,false
XSS-1924,xss,PayloadBox/html5sec,acf18dea5a7ccc0041a9bbc0e86bbd37fb9878cb74be5a74147e1f1e82bf6cd5,false
XSS-1925,xss,PayloadBox/html5sec,684c88bb6adf47fd6bb33d45a4925b9fbbd2c2ca430aad044c1a4b6a9373881e,false
XSS-1926,xss,PayloadBox/html5sec,7a9ec9034964544f82192436a850154de17b88f6515100a30caf6491e47c71f6,false
XSS-1927,xss,PayloadBox/html5sec,3ff031952b583f2934b70665587c8afebd4ff622836c657e8db2f08db70f87ed,false
XSS-1928,xss,PayloadBox/html5sec,1866653e14966573c0508671cc4ad5646e7ecfdae7c33031f43cab9a5c8db356,false
XSS-1929,xss,PayloadBox/html5sec,30f2525322256e88ccf367d5330734586b4eaa8b05c63af507322af42b07671c,false
XSS-1930,xss,PayloadBox/html5sec,52d11ce18955ecc7d3c6963ff1ef47a2f1d0f8a452f3e8de47ace050ff76a8ac,false
XSS-1931,xss,PayloadBox/html5sec,0fc64e2eb4f4999aa04011490fe29de34f4fc1ad15a34af036ff02d5a969c0e7,false
XSS-1932,xss,PayloadBox/html5sec,a87aa628d8f01f3f4833249e630a47d24c98be69c2f56b951b4c8e76bc96e165,false
XSS-1933,xss,PayloadBox/html5sec,ddc46315415fa00e9ec012884d06a128b1453478941c16dfa75e4bc56f6fc229,false
XSS-1934,xss,PayloadBox/html5sec,7b4978b8f2ed5d6598009d8ed209e3cb38b43da92af18743a388796a6794a2c8,false
XSS-1935,xss,PayloadBox/html5sec,f87bb64162ec151b1131b3dbda4ca297b13804419339cbd3d1a82137bca6fd03,false
XSS-1936,xss,PayloadBox/html5sec,31b6930bd346d4479c58acf3b7c4b686ef958e2acbf958ec2afb7a0e83321379,false
XSS-1937,xss,PayloadBox/html5sec,65454dd3a9a0a7d81a476e7653027db5f95d9ed013e4d06f57c4746e55d7190e,false
XSS-1938,xss,PayloadBox/html5sec,47d6422f3e5c645d808aa000d64cea5a18db34650598bef47a238a2f6a5075cb,false
XSS-1939,xss,PayloadBox/html5sec,bcbef3044a0463f56acbb264d53ae61df000fb63e1d683a351eadbded45d15b3,false
XSS-1940,xss,PayloadBox/html5sec,82fb35e324937199da92603296247cf14ab7ce41313b05c31e7f540724dbb24b,false
XSS-1941,xss,PayloadBox/html5sec,23d683a72c60285ff409cad98f3e3b43214e185bf2ee5226afb5ee280621f275,false
XSS-1942,xss,PayloadBox/html5sec,d073039533dcda6376f39e7135e246714c3b94c384ea56838d1176c29b171c49,false
XSS-1943,xss,PayloadBox/html5sec,7cc164a11258e0b6e7f8b6859bbb15e6b73a1d9e4a2802fc841db5075f3bb8b5,false
XSS-1944,xss,PayloadBox/html5sec,6913a63a20e66685a0123eafbcd1799bb1e497a1aa10934c0846d433c2fa3e5f,false
XSS-1945,xss,PayloadBox/html5sec,5e866cd2fc2f40957ae2f1eeaadbc382b9830ef89eafa4e33a03d7c96491055b,false
XSS-1946,xss,PayloadBox/html5sec,ad7d5411e63316a201e94106836a0bbd6f8d14c929ef52509542f44bdf066b2a,false
XSS-1947,xss,PayloadBox/html5sec,ec3b4c3403454834d8dd84ef14a9b035afe03a9127169830f5df5743883395c1,false
XSS-1948,xss,PayloadBox/html5sec,1ed9ea79e3586350e7d1452d537795521708837b7ea03e814ee637f696678230,false
XSS-1949,xss,PayloadBox/html5sec,11cb3987e26a59e2c4c58201bf01a76e433f15319e390fa81b61968585f5596a,false
XSS-1950,xss,PayloadBox/html5sec,e04e474e4dedc344a32e12c6a292b7d33cc7c0837020cb41d9f953bef44e5190,false
XSS-1951,xss,PayloadBox/html5sec,22e9307ba2b53540f71a6b0848d87efb9fcf30575074aa8cfee2b870231f45d5,false
XSS-1952,xss,PayloadBox/html5sec,a60ebce874e26d33797a6d684d52c662e17674fc6a3de692c550c5fba8bdc08c,false
XSS-1953,xss,PayloadBox/html5sec,744567391c4ee9b0ab1952edb334981a8472958d0e7f5b9a62291639a57bb609,false
XSS-1954,xss,PayloadBox/html5sec,8f5704413f066ecbc61835374814f52e6029ede14fe5c3c98ee63c0f29a03dcc,false
XSS-1955,xss,PayloadBox/html5sec,a3fd361e9834f8b8c9741eeaf77cfff724d872a4dd86c094e9960276b6363e7e,false
XSS-1956,xss,PayloadBox/html5sec,ce17ddda10c816864d92dcb89a7def00f2849fda2bb48062b0f3bbc18834b1a1,false
XSS-1957,xss,PayloadBox/html5sec,c6bc2d1cc0344a9181d6e8eec8be2c76e959f77699b4013dca4c778a29385b81,false
XSS-1958,xss,PayloadBox/html5sec,3614eca5e78de90fddbc73074876ffc95d957c139999fd30e6d626941cc3f1e2,false
XSS-1959,xss,PayloadBox/html5sec,d75d68cb9deb0e19a142ba2862ec09a1d2ae3d99d3ac7ec377678026e93ae2ba,false
XSS-1960,xss,PayloadBox/html5sec,22b913f394d229ce2fdf5df98b9a011e8b6079a9de703065563b3808933761a7,false
XSS-1961,xss,PayloadBox/html5sec,5ce0d926287f749b49ad25e228e65449862bb63fc0cd7e36163d8ddb937361f5,false
XSS-1962,xss,PayloadBox/html5sec,2a3cdb17ce09e9c6a57a5336c45db1cab5cd22e3194f55f3bcdb79d3cfbb26ed,false
XSS-1963,xss,PayloadBox/html5sec,22e6d105920d7509e33709c50aa4d496bc0a04700606ee409ba6e96b48ee7f15,false
XSS-1964,xss,PayloadBox/html5sec,f698d5a33a42c08de08d5236b561aa79da78f959fd1d033e7ce1f2e8990b89af,false
XSS-1965,xss,PayloadBox/html5sec,f66a9922a49817e71595789ae2dac052c01d7e2e28c1f6ea4d936a5b6a7b89f8,false
XSS-1966,xss,PayloadBox/html5sec,eb39a0551555b55e313793df62f85fa16429df2eb73c9d58fd7e82ad570369d2,false
XSS-1967,xss,PayloadBox/html5sec,8acdb7cf9d994116dbd520919cfa8bd26486ecfbf1b507ec7c28b7c6c720b76f,false
XSS-1968,xss,PayloadBox/html5sec,e4fa92c8694641ff2945eed0d0605a4d652907d053313f207dcba79a8d174497,false
XSS-1969,xss,PayloadBox/html5sec,eb41fc1d890e3830c1961ea28075aa074853bd69412ab5183c33280ae7f0228d,false
XSS-1970,xss,PayloadBox/html5sec,4b1923ff84697f014c862c4199014bfc6c058da209bef8280f1cc255d9088af3,false
XSS-1971,xss,PayloadBox/html5sec,14ae3bf5c5e37faaec81753e125d4f5373e3aeb93c44ec88b7cfeb74e16cd0e2,false
XSS-1972,xss,PayloadBox/html5sec,e2f34c6f9f9c40e20c50418d534fd67a2287ca174cdfd8c0f1023cfad31205a2,false
XSS-1973,xss,PayloadBox/html5sec,61d0fa4afd0c0ea7dc63f58f6dfceade297148eefc6b94bb82c7cf6d36c4118c,false
XSS-1974,xss,PayloadBox/html5sec,ae2b1e29d72cab7c1c0283f90eb265b219e1784b3a8788b15b27149c2c487864,false
XSS-1975,xss,PayloadBox/html5sec,3930d92e3514fd6e42e90c0c80ecc4c54735b7bd9fc4d7f3ce890ab04338af34,false
XSS-1976,xss,PayloadBox/html5sec,ddf690ebf1b90f8ac0a437cd9f387f657c249d56172eaced1f606d01e26b6f8c,false
XSS-1977,xss,PayloadBox/html5sec,37ee1ff074aba571d9bb0781d61ff47cc03c35d02af95fd8da180f08c3afae72,false
XSS-1978,xss,PayloadBox/html5sec,fee60dc378dd8c8b48b1c660bb33b32863f00687332848e45ef2cb78a3639f65,false
XSS-1979,xss,PayloadBox/html5sec,638e25c34107b3f1c6a3920422b8bf78a4bfb7a5df1f32acc8fca0aec64bc869,false
XSS-1980,xss,PayloadBox/html5sec,5132043ffa66983fc2b67f15ffd1e75f84346b382523add2c03f2cc96eb53466,false
XSS-1981,xss,PayloadBox/html5sec,11badbe07ee79cd460a009fa52a97c3c54573ed4acaa8643739b694ffbc69c76,false
XSS-1982,xss,PayloadBox/html5sec,ae98d92f1197c294c1c176061d3077b99ac8b8d8750bc7bd98a3a78fdb05b4b1,false
XSS-1983,xss,PayloadBox/html5sec,a2cea1c8c32f2d5b62eaff8432b04c69abf0cfd053faa26436ea5f72a534ed19,false
XSS-1984,xss,PayloadBox/html5sec,78e9a8f07369f9d5e7517808bfa9879d2e6dc4d4689a479f85e636e5a9e59f5e,false
XSS-1985,xss,PayloadBox/html5sec,30c5587bb9dac0f68b1433c06237279b959923487e949cd48758556b7e9f09d0,false
XSS-1986,xss,PayloadBox/html5sec,fc03defcbf073ef026273b0e8cfc60fc98dbfd1f2f4ea5c92cf2ea4e9b37a4f5,false
XSS-1987,xss,PayloadBox/html5sec,17a4d46863b317f8f4f22b9a712fd78284bb6074f29d8b82dc518c5fd8f7ee55,false
XSS-1988,xss,PayloadBox/html5sec,2b10b25244b7b1f40d54b0f465e69ae8a44b7e692b06f53c42ecc46952c71d90,false
XSS-1989,xss,PayloadBox/html5sec,9fa97bfd003bc5d3369617c8836fda3b5295de9810cff162c64debee93e66790,false
XSS-1990,xss,PayloadBox/html5sec,361302cd0591e7da2e030d823843c0eb1047cee5625667bd0391a6fdfd4e073d,false
XSS-1991,xss,PayloadBox/html5sec,fd8ba4b8436e4d4a9066371374f70bcd23c2184bd852e623a87bd6556298a8ae,false
XSS-1992,xss,PayloadBox/html5sec,b85e941974b34d18c310209ae2aec77c4b42e11169cf9a0cd872846936fb3382,false
XSS-1993,xss,PayloadBox/html5sec,38c4daf028efaed7f1be96633c68f18eab5ed9aeb7fcf4cf2e6bb929da801633,false
XSS-1994,xss,PayloadBox/html5sec,7ad0e86df7bc8a111bdd0e445dce93b6d1ddc9085a265d8c55062c1eef9cb781,false
XSS-1995,xss,PayloadBox/html5sec,6d9100346ae8cee2635f727d5f7ffbbdebb74aeff59ee0c81b64360240160b66,false
XSS-1996,xss,PayloadBox/html5sec,896fc186aded4e3513350734255abe69809a554e4d215b77fac55fae901f47a2,false
XSS-1997,xss,PayloadBox/html5sec,0c16b870487d293549dd4cb91b77b9e05673ba042e9cd12734fe9fb52d0508e1,false
XSS-1998,xss,PayloadBox/html5sec,db4c6feb72f9b073f10c857568004ca9c4e5a8c62ea848baf9637d02759827af,false
XSS-1999,xss,PayloadBox/html5sec,7eb3628eba8f26f7273f3125a2c8751e4a1b52b9a8e585ef74e4b1c2f9d53a8a,false
XSS-2000,xss,PayloadBox/html5sec,74239d03bcfc0b23f511675fb8adcbe6a91df68595808cb2e77e2e1b60b9aa02,false
XSS-2001,xss,PayloadBox/html5sec,6f3fbcf5dacbab69fe7d6a4f84662d301c28632767ab0b2aa19fd6a307f48af9,false
XSS-2002,xss,PayloadBox/html5sec,f0b4400be6352ce5da8fd1cc68e6a8741c56495cfa75c9b9b2c78b3c4f6c0ec3,false
XSS-2003,xss,PayloadBox/html5sec,7b472564b336cbb293571b8321b42f4c4bd77d63fca0ac02529e85e32a13c515,false
XSS-2004,xss,PayloadBox/html5sec,350fbf6003c1aa798a48e4e2adfd71af2dfc9b698176b7e6acc89dd3875eea1e,false
XSS-2005,xss,PayloadBox/html5sec,0ef4234f24de603ec58c2a5c84d80594d8b719d615f13b4a6bbd38d519fb0def,false
XSS-2006,xss,PayloadBox/html5sec,a3f801bb94c1279e93c5b39a479297a4f80ee6542e1657b45017646fa6f97381,false
XSS-2007,xss,PayloadBox/html5sec,a361c6ea1d31364eca4728622a4443aa162c20c1ef0d6097bf69837d37f17277,false
XSS-2008,xss,PayloadBox/html5sec,50fdac0d3ceb82fd691624d4146c096a5feef52c28f57dac22cc53bc8d5f2ce9,false
XSS-2009,xss,PayloadBox/html5sec,fac09b90c0ed03f8d73317dd3ecac829acbcdbafc972dc55bd83f92da2b7e853,false
XSS-2010,xss,PayloadBox/html5sec,f238437bbbece76675f2d0a53fbe274f2f7267958254655cd07fdf336ae8e7ab,false
XSS-2011,xss,PayloadBox/html5sec,6ebaf8ee1d15c74e68ba53521e0ab1ee59f0bfa3ff2e7a43a715d2e622ec2ca2,false
XSS-2012,xss,PayloadBox/html5sec,339b755d5bb969661c97808d0195249293144d3811a294472582a5a39516c6c6,false
XSS-2013,xss,PayloadBox/html5sec,7ae70ed49f08376e6924dcaff9042c85a25a69e15b2f075896d6715ac4f69a55,false
XSS-2014,xss,PayloadBox/html5sec,523faa7219e8b21b87ff917568202c710d57453444f6bfda2d883d2bce860657,false
XSS-2015,xss,PayloadBox/html5sec,ce8440369e88e9e554637cc0b3aad4deb243e88f22bd20e80535d38b5226f21d,false
XSS-2016,xss,PayloadBox/html5sec,5f8ed682d35e8e4489a044ab485e935ad63c6c921685ee893300d1f6c66dbebd,false
XSS-2017,xss,PayloadBox/html5sec,92e544f51003f79a5f9c4b9de0eab3af1a00b107616b70ae67b7cb87dbe5e037,false
XSS-2018,xss,PayloadBox/html5sec,1c023f753c23ef9ac7a62dc6fd6618c7334442b646a1d0c7e6cbe288612b9ba2,false
XSS-2019,xss,PayloadBox/html5sec,e5785db16ecd08f91f2d6d270ef5ab405657436a9e84b2abbe73cd7d3b9827c7,false
XSS-2020,xss,PayloadBox/html5sec,1b4ceaeedde07cb318b12fabb0caa06fc9f99240630e48b4831d59edea1d7a5f,false
XSS-2021,xss,PayloadBox/html5sec,94f5a58b136df942b29f10eff5fe78d57d6138e89774ec0a1a766328f04b2c7f,false
XSS-2022,xss,PayloadBox/html5sec,dae52dae9ba9c314c724a3b2efac1ae3b4ce5e76a0988b1ae4e6b9d1dd67792b,false
XSS-2023,xss,PayloadBox/html5sec,55780e67f5fab55498205b557be8721a3a11a829f7f6461f591cc10895b78d54,false
XSS-2024,xss,PayloadBox/html5sec,20801fab329b847a79ef1188f30446c6768713c225e1a7378944913793bf5ebd,false
XSS-2025,xss,PayloadBox/html5sec,7b23aa952184984db84f6272416a468aab64b32dd502ee8e601aeeb4d76b7470,false
XSS-2026,xss,PayloadBox/html5sec,1b5918b637c6f76eb2f7c779fa23e07841082e017b25b817066a8070e02469ea,false
XSS-2027,xss,PayloadBox/html5sec,4f7979327209a321f4b183ba98b2b5b25fac651d7230616c37ba7f06b70b64e8,false
XSS-2028,xss,PayloadBox/html5sec,27274b3b8302ee7f24d68993b4306dee61d8f05bce23bbb85429ebbb5f7e6fd3,false
XSS-2029,xss,PayloadBox/html5sec,cacf69cfd2698daeba5620d930ff8db9822363aa5d1ebac8a81950ffa95b9437,false
XSS-2030,xss,PayloadBox/html5sec,9b92bd45c1f79ec55b96e7623333a2d6c7b3ae8eac68f3b32e49c5ab75fb1c80,false
XSS-2031,xss,PayloadBox/html5sec,d7d630836b257c0d42a71212dc2773621cc1e08c3b13aaa644d212059d48ae14,false
XSS-2032,xss,PayloadBox/html5sec,c8ccdab9731b2e36e5d039a3d556082a888261f61a8c0f4261f7a7e439ccc30f,false
XSS-2033,xss,PayloadBox/html5sec,f1c3448e9d23df2a8d42764a0cb717aa58e7a45ee424cfd0d00ae9e3e06bf210,false
XSS-2034,xss,PayloadBox/html5sec,5081cd32a40c5620c0d2fef8cb4e9cb915d14b5231998f8fe0f387ee0e13544e,false
XSS-2035,xss,PayloadBox/html5sec,d3add27e5b4d50d055d35a0824c781c7b60e1a202f6c372fa72eaa3572308484,false
XSS-2036,xss,PayloadBox/html5sec,f3cfae929423f5053be57e6c7ee84408201922754022abc3216351a851f1bda5,false
XSS-2037,xss,PayloadBox/html5sec,087f5b5e33d173057ec9add840a9d23125e595af5797d68d4c28da150f3d44c7,false
XSS-2038,xss,PayloadBox/html5sec,b8fec64a646bb4982fdc797897195f4890a84ae497ffde36f61472eec1119535,false
XSS-2039,xss,PayloadBox/html5sec,01232c4d916cd4587b4259c334ec55117cdd334c46d98819f4adfa23bbb0dc90,false
XSS-2040,xss,PayloadBox/html5sec,51f9f1c8608f0f809ca3b3f26ed7bfc33a250ef7e483a7d4ea3927664b5f1314,false
XSS-2041,xss,PayloadBox/html5sec,e607ae20543e2d9039f5334c95886f4de0025fa7967db5ce66950b04065e4dcd,false
XSS-2042,xss,PayloadBox/html5sec,68b3ebcb07f677791e461fededeb72fbcb0ae01566b2da47011029d0084aa1e6,false
XSS-2043,xss,PayloadBox/html5sec,6841b9686ff803f6d3e03dad3cdef445d55838a29ffff6d2c5c5206054e56d83,false
XSS-2044,xss,PayloadBox/html5sec,c5d3c19f4973a02e20925dbab16c90431a97d11e4364e04fa6d2c5d06ae9135b,false
XSS-2045,xss,PayloadBox/html5sec,831ca8717fe7bff515718810fe9a967935850cbd3a2e04d757e47dda40da5d88,false
XSS-2046,xss,PayloadBox/html5sec,c695eceeee3f487c3e3df9a0322accd45c2049e36ba956d41c7a51c980391c95,false
XSS-2047,xss,PayloadBox/html5sec,31a221513d988ad18a419f8626205e5a5d75137962b779a1bde80552cf344dad,false
XSS-2048,xss,PayloadBox/html5sec,af8d27ed4da444e8580b15c80f977aaefd170794c57d33f0739b462c36250b67,false
XSS-2049,xss,PayloadBox/html5sec,219b6bb8762181ed2a0beeae6bbde4d71f77b8e49b215a760d4bca57cb8d798b,false
XSS-2050,xss,PayloadBox/html5sec,bdfe070a45fbb351d4fec651cce0422af7625526a99079ca0c95842e7aeda13b,false
XSS-2051,xss,PayloadBox/html5sec,4158c49be766340e8a4a5e8e9d14817f6c488d6fc083e515b58f4031bf99bda1,false
XSS-2052,xss,PayloadBox/html5sec,9ba1321612e61d0219a908c5d16e070de040f06ba0f7a44d833b2768e0a6228b,false
XSS-2053,xss,PayloadBox/html5sec,20f5c2be9c868da32b69de6d22a39499869b22b3e7e73341811c00286bde68ce,false
XSS-2054,xss,PayloadBox/html5sec,9639cca06d585bf67107788eaa408d652ac0d6647f6bd4ed35df4a9e292706e0,false
XSS-2055,xss,PayloadBox/html5sec,da06b3cac29cad471459cbc84f429c832771efcdfff63d5532b0ec6c65ba6598,false
XSS-2056,xss,PayloadBox/html5sec,0dd6c4fcb786eaf02d719de84b084754af48d8b340c3943e6d5071f6caad0be6,false
XSS-2057,xss,PayloadBox/html5sec,b0d48bbfd6b859a8f9d0708341185c2bf7a87f318c5815e746321cd43662d444,false
XSS-2058,xss,PayloadBox/html5sec,40af607d38368448f0de3b2a8dbb0a2a4142c8f4dc63da0bf8205f7eee523e57,false
XSS-2059,xss,PayloadBox/html5sec,fd5e21a96cb4206795ddb11a50180602fba8a875300a72d4cc58923534d951dd,false
XSS-2060,xss,PayloadBox/html5sec,4023057d43dd0f294a5abcbf497fc949802e110ed0490e74063515cb8ccedc56,false
XSS-2061,xss,PayloadBox/html5sec,cc1e1b2470208e173a97dc1f62268aa3d174305de480db8a8a571e8b6415c50e,false
XSS-2062,xss,PayloadBox/html5sec,b1b6ac0cd1a9e305790ff25b7fc2d7203c7a8bc8e13e1b2ff1f20f2ea0ba40d3,false
XSS-2063,xss,PayloadBox/html5sec,83e5c33936583690a3cb05677272a7d1682bb40b43508b97cb914861c3979bbf,false
XSS-2064,xss,PayloadBox/html5sec,667780752eae6692a1dbcbc8c237f5049f3abf690c6c166d9cdf7fc2c6dd87c7,false
XSS-2065,xss,PayloadBox/html5sec,f33116f3b5eb1044c3c2233456c3e63e0ecbe7f0cc3c24dfbc9861773c776182,false
XSS-2066,xss,PayloadBox/html5sec,5922935ebdd50598d98bd80cb635beaa431061c20069ca24ba6e82f76812dfc2,false
XSS-2067,xss,PayloadBox/html5sec,9dd3791d9fa464ea81d43f158cbf85db88a277d35abbe66b0d70d1bdf5d4a7e8,false
XSS-2068,xss,PayloadBox/html5sec,a80ecf1ca972ad271b57a5bb5c653bc4c44785cdadac243922db656a4abf242a,false
XSS-2069,xss,PayloadBox/html5sec,f7180a25131232c8723e6557843e77204decc3090766af748716235b88e8e2ad,false
XSS-2070,xss,PayloadBox/html5sec,deea1e2b38dc17f36716e2ef2205615686e7f6e82786729deea4bbc60fde0273,false
XSS-2071,xss,PayloadBox/html5sec,0c23eb09bc69dedbedc5319059599ca53d534251528f3d60db2a94b23e76675c,false
XSS-2072,xss,PayloadBox/html5sec,7364edbf2223494ddfed102698c957117e10ac0e701208a874b0f2c9f57eea9d,false
XSS-2073,xss,PayloadBox/html5sec,494af649fd1e6f607de45a48751be7d878d8f8abef702e4aaa3eaf9e7b55cfb3,false
XSS-2074,xss,PayloadBox/html5sec,f21de0e9dd119be89fb8a4e4e3d53325071064d02a951f863267f073ae5d4604,false
XSS-2075,xss,PayloadBox/html5sec,1ad3ebcbeaa764c214dae5c7d82efd85638be1361722dbeb07e51ba31f4753d0,false
XSS-2076,xss,PayloadBox/html5sec,cdf2d1a4b67ab6aefdadf8a5c72cba29bb9e2e8ceb2ab587e4532e591eb89efd,false
XSS-2077,xss,PayloadBox/html5sec,f4b033b89fb7ccda225a1a8ba1ee70a35b6b4403bb7271f8148bf42acf98a9f2,false
XSS-2078,xss,PayloadBox/html5sec,bc9ddbbbb156fa08e73d1c505d553249e22ebd00dcabe006ee6ce6dbdd25696a,false
XSS-2079,xss,PayloadBox/html5sec,ef28603c66af61fba4bcb2ad846753e86b8229fe66405fc84764ccff391ccc37,false
XSS-2080,xss,PayloadBox/html5sec,91a3d6cc84cf33e36c86171d7ce38f0ade57521471b6f95f059caba121c477a9,false
XSS-2081,xss,PayloadBox/html5sec,da2f06d8d1ffcbc6985c6875ab7a226097ed80f3f7a22c15b04e91ad0141f00b,false
XSS-2082,xss,PayloadBox/html5sec,3144d7b6f0b98ad9fa31cdfe027d43b3ddbeada9a12673ab5d1f2a295cc27904,false
XSS-2083,xss,PayloadBox/html5sec,ca5732f663e5a558d26c5267a63d177a982bfb011cbff617ee0d3e5ed0895ae6,false
XSS-2084,xss,PayloadBox/html5sec,a373e2893013c171eb22704aa6c1c8faed22763e01ae0d475d35749bd107d6e9,false
XSS-2085,xss,PayloadBox/html5sec,c99699377884dd4b9b3d093bf5d43e134e634394e47cb2f5a5f22b5a2f16f758,false
XSS-2086,xss,PayloadBox/html5sec,309100feef8da4e27fb03d56b067b788d86a2bcfdc898aa32965755f4479b4c6,false
XSS-2087,xss,PayloadBox/html5sec,5c34b848e1fc5a427adf036c801c1281c943c89fc2010627b66b4080f7ae3bd9,false
XSS-2088,xss,PayloadBox/html5sec,4298d3332530a9decc822c5581b68cd5bc988a5038902bc39b671bb73d56677b,false
XSS-2089,xss,PayloadBox/html5sec,e8b4e5d37a169b9ede587d8b42fbc2abbbec5c96cbaa3af1c3e597c988ce6599,false
XSS-2090,xss,PayloadBox/html5sec,4aa29634dcfe3ed1458f0b573361c570eb49d753c397ac55a5b28c9af690af98,false
XSS-2091,xss,PayloadBox/html5sec,c1eba23d0774904254754a036185b0f41ef7d1155033e87061b54ff641ddcb98,false
XSS-2092,xss,PayloadBox/html5sec,7b0d8a13d6ca7c281aceb1247c7d01c357276d36430a0d449545d20962c1444c,false
XSS-2093,xss,PayloadBox/html5sec,a5426807c8ef1949a41c4ae1052de9a3c871f829406e308f642bdc2bbf924007,false
XSS-2094,xss,PayloadBox/html5sec,661bb20e6aec8cdafb57687908cc75d86b6b62ae7bb70d7bc966afb2730802d7,false
XSS-2095,xss,PayloadBox/html5sec,1c88bb8d64145c7052f4a943c93fef6ae2b789435495c26d5ae181ccedf48327,false
XSS-2096,xss,PayloadBox/html5sec,aaedd87e4883090c6b6e9e595173ef7679bb7588868eb546027d61e979fc06f3,false
XSS-2097,xss,PayloadBox/html5sec,c25fbfe3d6bddcf4302259adbdaf317e107126b187a1cc215762f1ce2818e294,false
XSS-2098,xss,PayloadBox/html5sec,cd8fe749c221672d79dcbe428bc4c7977c3922484353837362ba8fae5fbd206a,false
XSS-2099,xss,PayloadBox/html5sec,0834c88c3475edaef337c383cbf7584a66d582ef319601be3045cfea4f08295f,false
XSS-2100,xss,PayloadBox/html5sec,5306eb06ac9b78593fd4a065fee201c9ad78e3a916f78e6091e002b20617775e,false
XSS-2101,xss,PayloadBox/html5sec,960b285c79f10dd41f62f093cd30532c586026082388f1fe1353631a585d2c63,false
XSS-2102,xss,PayloadBox/html5sec,aac91db2f86cbb3a59e7b692b8d7766842de5ef7d06a2a5c1b054425f34914b7,false
XSS-2103,xss,PayloadBox/html5sec,a6473276ae2782791e3ab6762450bc919d3393724019b246eee885bd854d59a8,false
XSS-2104,xss,PayloadBox/html5sec,5e8730af3def14a96553a0f3af129a17288913192273e9f9fb62f5e2f3462399,false
XSS-2105,xss,PayloadBox/html5sec,5c2d7d135144bdd52ba01f1d2a3c7abfd71784311affc9fa94676b115597f6aa,false
XSS-2106,xss,PayloadBox/html5sec,af59be0f58f3259ec98de5c1315209f7147460e01f9b32d4f51eb2f218ed508b,false
XSS-2107,xss,PayloadBox/html5sec,7df9ca72ce3a2c0be851bc5234948dd8bf55b84a6c961948f7a15af5fe6d1eed,false
XSS-2108,xss,PayloadBox/html5sec,a3d30a649708c592508d8d2cdd5fb505585b5fd830519e7afb44126eab233c91,false
XSS-2109,xss,PayloadBox/html5sec,2602f071f39fbe58ee539eaf7c6e120da7c03064ce0a8824de8cfee1b59956ca,false
XSS-2110,xss,PayloadBox/html5sec,f90068e70d093be3735150413ccafb151f387a89256f281c6a64ac5418681d73,false
XSS-2111,xss,PayloadBox/html5sec,1fe3877b28eb0fe9c02e08df9d89c41402d15aef4d166db2444f5d0bb8080ead,false
XSS-2112,xss,PayloadBox/html5sec,87858763ae57e850059c99563fad732399b5a4b9430f7da0c54bf7e0e0005856,false
XSS-2113,xss,PayloadBox/html5sec,1321744c6fb1b6d27644da5bda8e2b6ba25321ce48a1bdabaff14ca2f65530fa,false
XSS-2114,xss,PayloadBox/html5sec,d35237d4d690ff256687d2c87bf0d005f6c5ad543e8c21cc1ef93628c0a7a657,false
XSS-2115,xss,PayloadBox/html5sec,5d7cd434af6829a1a7e7bacb02fa0ecca1ca98ec1313cd926583479bf24ab628,false
XSS-2116,xss,PayloadBox/html5sec,1f318f8867f5c8c70f74305feb6e08d1d7de869458f404e153d58345c547be46,false
XSS-2117,xss,PayloadBox/html5sec,6c4e7751643f85ca0a62d293d67a68658a97d89e2ad9fcc6a673b931a215d400,false
XSS-2118,xss,PayloadBox/html5sec,1ae2cf974149361e264352e152471513b226767c6df5d9c45c3254977f7ab820,false
XSS-2119,xss,PayloadBox/html5sec,75dba94752c79f3db8247c8c82caf3797da059daf9693837c7d9e84ad1294f96,false
XSS-2120,xss,PayloadBox/html5sec,657367dbd1cb416beee6848cdfacfa29f5dca530d5a18471d8da308ee11110cd,false
XSS-2121,xss,PayloadBox/html5sec,74773b7bffb02ff2ac2af709d1c273b347e512c8553e30fd8e77949a2427bbc6,false
XSS-2122,xss,PayloadBox/html5sec,5cc285b255b1e9626dd22f42425188ecdfa45ca488013758db5ce33f2e9c49be,false
XSS-2123,xss,PayloadBox/html5sec,50d72d56fd5069d365780f4807c0cf1ab10406e85a93682b0ff34c66902456fa,false
XSS-2124,xss,PayloadBox/html5sec,0cf3b114a13f1a077ad6d60d500faafee8ddf6c00b4aa5f04600472fed5fc910,false
XSS-2125,xss,PayloadBox/html5sec,80f38f5a36bbf361de7876341cf443d69dafcc4bcf607be0ef6dd0e027c8c059,false
XSS-2126,xss,PayloadBox/html5sec,798c0fa2f91dd94e8eb3f0ac7198427b9b6e71aee29b999beb932f6152d8a493,false
XSS-2127,xss,PayloadBox/html5sec,6a6e016f340db7334870dda14c10f23e04a3206a2a0207b8af8dac7b50af8190,false
XSS-2128,xss,PayloadBox/html5sec,91f91dc5a856fed3ba9ddbd4ee7a177c0e4aaae6a686cbea2e93d207839793c2,false
XSS-2129,xss,PayloadBox/html5sec,7de0a002c29c2c8bf99f306ba502716eddb3ce72f7f47d59e9129576423431dd,false
XSS-2130,xss,PayloadBox/html5sec,45de349a1daed7ac3f414232bd3b8f201a7426b650bf613121bb0cdbef43ae13,false
XSS-2131,xss,PayloadBox/html5sec,72e39074d717e2403e7fa8dc40f164be7afe8bf3f95b27d38a2d25b6f54b6bb8,false
XSS-2132,xss,PayloadBox/html5sec,5980de3b32d34b382f00efb3569d871731829b0b4cc54819abbf5d61af1719c7,false
XSS-2133,xss,PayloadBox/html5sec,13c9fb27e35fba8dd77deb4ec58c2bc60843a33e904d37992de1a4993c870f49,false
XSS-2134,xss,PayloadBox/html5sec,4807f96b6dc3aaeff62a56fbf1ebe93356715d91eae4692d89a8d522c6fcbe22,false
XSS-2135,xss,PayloadBox/html5sec,93c80c73c0de26adbfdf1fec5304a73914384ce0f568765f95b6400bcf4012b0,false
XSS-2136,xss,PayloadBox/html5sec,a714c5ce64dc2723ad4ebec69cb6f1e639b7b832f7efbeea6beb11c4e70128b3,false
XSS-2137,xss,PayloadBox/html5sec,f48cbda97d5ab8c3509a741af30add30fddb61a83c5adc33169cc92612b99184,false
XSS-2138,xss,PayloadBox/html5sec,2d357ee17aab41c50aeba08b8d10f5309ee26580bfefc330b08c080a5be17e39,false
XSS-2139,xss,PayloadBox/html5sec,f6e467a7dc86b791062f4d6ba8a32c27e734b230defa4f844ea100ed0135b61c,false
XSS-2140,xss,PayloadBox/html5sec,493a954f4c95eeb6b88f1fbbc13c776b98347ccc467cd7c6dbe90d74f1eb1495,false
XSS-2141,xss,PayloadBox/html5sec,737e9cd6dfebdba41ac6bca3664045d75942b74a126b960d907543edd885d016,false
XSS-2142,xss,PayloadBox/html5sec,bc98314e4711b80477934ffbcf2f76668384fbb843f5b334ed59a6aa3f4a9cb2,false
XSS-2143,xss,PayloadBox/html5sec,b60e937223e3cbbfdb6f436cbe8f4e1978b192a94f30a176b3a9be56d4489ae2,false
XSS-2144,xss,PayloadBox/html5sec,0e29f8fb0d753cae5893358077f14f777e30b46bf6d48ba2b1b8b9a4534ed7e1,false
XSS-2145,xss,PayloadBox/html5sec,edf283833e359a5cc19e402f1cedee61a03457b9a37d5c6ec797e8b60a93dfed,false
XSS-2146,xss,PayloadBox/html5sec,d47e77edf4fbf3fda9966507703c21afbedc74425969f977a4494699a5450a53,false
XSS-2147,xss,PayloadBox/html5sec,ef072aff325afe5e178cacbd57590acf11488971844558ef50f4885a6ad8e57d,false
XSS-2148,xss,PayloadBox/html5sec,0e881079c693003517a065c1dded7bf07397cd4acb11ae6b8d97bf48ab68e968,false
XSS-2149,xss,PayloadBox/html5sec,2809e15838197868a5e21b05c4989881c5606765c8041985e7abdbbd8c574f77,false
XSS-2150,xss,PayloadBox/html5sec,d2cae929ac2013e7f20cc1d6d45d30973ef62b22d4286a3f7da71ade5599e9a2,false
XSS-2151,xss,PayloadBox/html5sec,53649a1e2735913da9f2f460d06419258a49bae079d7ee94f9e1b3240c971453,false
XSS-2152,xss,PayloadBox/html5sec,9db2f6ea27711e9682de49ba1f904ff0146ec5dbdf8bc43c81e79c2f8cfbb1cd,false
XSS-2153,xss,PayloadBox/html5sec,4c078592182120d623b372595b0baca66c957276073bd88ef97cdaac5cb9deef,false
XSS-2154,xss,PayloadBox/html5sec,6a3844ff4476e7aa435d63b497eb17223e6f8262db7c5c7b901c94bb2c66def0,false
XSS-2155,xss,PayloadBox/html5sec,3e46ea5d8635d1ca5bfae5e00ecac501e0a96859d84a741ed3ca568526997c39,false
XSS-2156,xss,PayloadBox/html5sec,a288c878ea7df5561e312f8da52353b3d510bf53640ba709f23e0001e126f85c,false
XSS-2157,xss,PayloadBox/html5sec,a1dd98d3fc79b92107084d1814f629d2112dd02b4891b237b121d7189ede0fe5,false
XSS-2158,xss,PayloadBox/html5sec,0ae68c7cd6fd6075c8813b8e016abab449438ae30371509ab2d1ed9555cc71c0,false
XSS-2159,xss,PayloadBox/html5sec,8ad3ae703675233eaf0fb669c24c7991592672e6a5c3dd04cd8964b2004245c9,false
XSS-2160,xss,PayloadBox/html5sec,82cd0e414c345d3e275e571e6811ea0295808f99e3414fb1b5877c752ab79b9f,false
XSS-2161,xss,PayloadBox/html5sec,6f0908171df3330ad272d4359c756992de0d71a93a569d98665190f8637b04a1,false
XSS-2162,xss,PayloadBox/html5sec,4e385a38fe717e69e51a82db87f548ba9190c2740067e9232bde6be4bc53b38a,false
XSS-2163,xss,PayloadBox/html5sec,3f9524bed943b1062591fbbe48d4f1fe37f58f58a9466c7ed1cc58bfc7276a2c,false
XSS-2164,xss,PayloadBox/html5sec,5cbd7575abb42b72a13af213c40d50bc8a76aa60660d33f648f57c0bcc18d41b,false
XSS-2165,xss,PayloadBox/html5sec,298ad041ec3e8988625bfd9eac0e363bc0eee8bf70c75d55b312be0f26e67ae5,false
XSS-2166,xss,PayloadBox/html5sec,75f66fbe2032bc3667c3a6e0fcac5d1adbe4ccd1ff38ca59b0ba2544e2e14228,false
XSS-2167,xss,PayloadBox/html5sec,a0ca10c63b7a70fcb7d1d4418dbc6d12b9903ecc2262fb8436f50c0f26039a2c,false
XSS-2168,xss,PayloadBox/html5sec,09f434d8ddc8c7e8513bd9a5ad95177b58ed4f4a9681db3dd601e042d2521ca5,false
XSS-2169,xss,PayloadBox/html5sec,a4e394b7d4d0667292c297a0147b30d7433a37faca873dbbe366003e0e769a4b,false
XSS-2170,xss,PayloadBox/html5sec,3b2a7f6d3d1e271d675fd35432c7274dafe106a7550a74e1f902b0d5e31dd6d1,false
XSS-2171,xss,PayloadBox/html5sec,9174db63c185690b89ae61e0d9722dcac05bb82770f9b9a962bd0d01e6d599ae,false
XSS-2172,xss,PayloadBox/html5sec,d885e77d163117dd83fa69f858356d1bfaa66d8eba3d383138d20c2098d49183,false
XSS-2173,xss,PayloadBox/html5sec,a2da2ded0b950db320954fb42a341ed07ace518b44041d0a2b054beb2bb95134,false
XSS-2174,xss,PayloadBox/html5sec,cac8093ad4d3c09ff767a4ce72f26feb7a9c10832a500b6bda9a7ef4963b4b79,false
XSS-2175,xss,PayloadBox/html5sec,1f6d21c93c11fce7eeda2deed355dd5a5ce20511ed5eb26fcdb1341fa9b9a700,false
XSS-2176,xss,PayloadBox/html5sec,dacfcead1dff8a01c7b6de75af0fa2d23d0b0443fecaea305ae6808978d19032,false
XSS-2177,xss,PayloadBox/html5sec,d5ddb77625b3ad0de839c8bd4c676ce0f919e365314c0edd0a7fc8224163152f,false
XSS-2178,xss,PayloadBox/html5sec,d7535040352c2211c9a0d0acbdbdf9b6d239b30961a7f9925c3483c64c079a59,false
XSS-2179,xss,PayloadBox/html5sec,0ce6b770abf1f87e5b502b8db2e3cef951be74589e5e986a5fa7d5c735497196,false
XSS-2180,xss,PayloadBox/html5sec,291ca831073b26ccca2c366059685b0eb20e2eea75ac037f6321a3b73deb0b72,false
XSS-2181,xss,PayloadBox/html5sec,33b2ccec617f8417f93a5cbad532b0e578afc1498d79e30673aa6e21e5de4e50,false
XSS-2182,xss,PayloadBox/html5sec,9fdbcaec94f8128843e7c87449468bbbcfc22a47d1721c8e9ec5792b5b8aa629,false
XSS-2183,xss,PayloadBox/html5sec,ac46989d2a955aed8cdc78aa0ab09afaa052d5d5794c940eea51fa8dab801f36,false
XSS-2184,xss,PayloadBox/html5sec,3983d6c678919236216662270a1c3d980fd13f3f60142aa2a2959fe485073319,false
XSS-2185,xss,PayloadBox/html5sec,b8deca072dc402f4ee888831ec2e1c2a4292b380fa82f3569696703a25b8d80f,false
XSS-2186,xss,PayloadBox/html5sec,98295a4820580624f836060587b9a6ebcaea88dbcd79acafa9bed19b4dadb34d,false
XSS-2187,xss,PayloadBox/html5sec,50ad4d7e3c51739ee341e8b77b2ccc319dfd80712760fb101c25048052984034,false
XSS-2188,xss,PayloadBox/html5sec,933e2ffd448c9e00701cac8a34d2085980186a8c9896c1f5a1f54b4a72cbf074,false
XSS-2189,xss,PayloadBox/html5sec,5b3e5d14b665a1c9bec06b4895ad85c2b2fda63a56207d905efaf4a90de51099,false
XSS-2190,xss,PayloadBox/html5sec,eb82f524ea3cfdf13a8d2a6f0b4f8694da38498031446276ad9ca2aa34b9a1bd,false
XSS-2191,xss,PayloadBox/html5sec,737130f5783833873da3eb3ad3757e56848095b59d86303e66eac40f7b104191,false
XSS-2192,xss,PayloadBox/html5sec,f5d63bd7c5356825eebf693d735d7e666b3ab7e24c3653cf4293b51164accb48,false
XSS-2193,xss,PayloadBox/html5sec,e73462a9e7e595359c975c4e42689d765e3b7f9049db62f59cef4d707097d6ff,false
XSS-2194,xss,PayloadBox/html5sec,90ec22b348a798cc3d65e22c8c964a1f75425b2322dcbad7b0fcefc69c91055c,false
XSS-2195,xss,PayloadBox/html5sec,00097b7911956b90a6f5d3005924911116cacbf48a190da048eca7b6f427ccf4,false
XSS-2196,xss,PayloadBox/html5sec,1723d23c545f44f465ef06617473e3d38d778169a9e90729d6c06689d72f8cec,false
XSS-2197,xss,PayloadBox/html5sec,3187f413885ff1dc57851a9b2de8b85972bf374360fbbed222a75e50341d1f58,false
XSS-2198,xss,PayloadBox/html5sec,ffb57ed3df17f2182e71750b76ac0c6689550b5b24fdb837748a3e0f4f09ddb1,false
XSS-2199,xss,PayloadBox/html5sec,509aae81eddaccc6b593d394a3cb13061fe6af448e60a09895655f99c89d27b9,false
XSS-2200,xss,PayloadBox/html5sec,71380e7026e72c15487677729cc6d7f14517de88e167f054a17b5a8c943724e4,false
XSS-2201,xss,PayloadBox/html5sec,8ce1123d1c62a5ed3c0eba937d9857d58989e8b867d366606ba7c87d1ff6a52d,false
XSS-2202,xss,PayloadBox/html5sec,5427fd4cccd524f9501ba9e7b9c3e3e95367d31a693455fcc5b459c6916c7263,false
XSS-2203,xss,PayloadBox/html5sec,62e7376ff611850a64f53c533ea57b0b8be5dd193401dbb7e2fb9c249deeaa55,false
XSS-2204,xss,PayloadBox/html5sec,a9e982dc37ddb6071300c307f3484c7ddcb36b0c437ce3122a4641ac88923479,false
XSS-2205,xss,PayloadBox/html5sec,38b0cf342f71e0d5f762971fe92cb8fad4e7ef18623c974cc6e9e8ed26c73b4f,false
XSS-2206,xss,PayloadBox/html5sec,4dda74726948c0ae53179a14ad235464080e9b08f6aaa24f37f93a6d4d14e62b,false
XSS-2207,xss,PayloadBox/html5sec,a68dcf32f052100f23f361401e8014f26c314a56ac4140fcbe594e282640e29c,false
XSS-2208,xss,PayloadBox/html5sec,7f9c42fec2be630f1d2c864200b600a58f208828ae772e895eb483c707efe827,false
XSS-2209,xss,PayloadBox/html5sec,80ecccb5d492777f230b72e24abcdb7812af0d21da67984c2358ed305b350781,false
XSS-2210,xss,PayloadBox/html5sec,51c3bea1308052ca72fcc16daab052b7722c654fec04fcd7363ecd61982f92b8,false
XSS-2211,xss,PayloadBox/html5sec,6ea89131eb0c08c01fb42b80ba8a6cc40c9e701b8ebed26d66f514139af53470,false
XSS-2212,xss,PayloadBox/html5sec,93cb085c936b37687aa2cf6658d91ce0fef61f4e3717a09b1afa9a75f815af1e,false
XSS-2213,xss,PayloadBox/html5sec,f7c08a4cd5cf5a393080a7dc90163d47941f3960e3bb1e5db18bd80354a1727e,false
XSS-2214,xss,PayloadBox/html5sec,05a23b67fc7b36a4d08a1f7598636d5c381ec2aab0e1020e9feaad12a5009bc7,false
XSS-2215,xss,PayloadBox/html5sec,7a3df7260dd16375312752cfd673f352fe7e0aa4d8f197dabcd53cb5dc20d321,false
XSS-2216,xss,PayloadBox/html5sec,ce9cc6d9760613ee98fa75c832610a0b2861eb3b0b95145c30ca29ec3d69e88b,false
XSS-2217,xss,PayloadBox/html5sec,da5c053f16fab816ffab38d25d3b31b1df28feb4732349efd80204b5d174cbbb,false
XSS-2218,xss,PayloadBox/html5sec,baa8db5ad52aed1dd741d962b453c7fb40f7502a436c7a4341d4210399becc67,false
XSS-2219,xss,PayloadBox/html5sec,68d62da1941ab64aaf6b44dff7afe294d272ce0cdd40337868edc5cd1f792071,false
XSS-2220,xss,PayloadBox/html5sec,dc2c8f1a5179a5d68739803ce67971bfb8dd74e423946d2d4c76951d6bdc51e2,false
XSS-2221,xss,PayloadBox/html5sec,bb1e60fe016e32faf741f610633905c747dd8e8ca1a039359c93f0695a715aba,false
XSS-2222,xss,PayloadBox/html5sec,9b5ef4703f4175c6661efe06433dd02a45f9faca35ecb0590b8add6a20075c6a,false
XSS-2223,xss,PayloadBox/html5sec,02744218aa927ec18fc7da1dab455664c477b462e596e85bf70b20e816b62962,false
XSS-2224,xss,PayloadBox/html5sec,d251132421969e37cfe3303bdc6215a0dc4a0f6c52926dac132ea8ffdb148c06,false
XSS-2225,xss,PayloadBox/html5sec,c2de804fbeae031e6914ddf76ebb186d07cc2e2687dce05fc80fcd5a18547295,false
XSS-2226,xss,PayloadBox/html5sec,d7730b49a3390e246f3cc4394126a78c813aa22f515dae66cd3e868c3563e8e8,false
XSS-2227,xss,PayloadBox/html5sec,2d0393bc63b472e044b48ec0115036de34482ab6e78846c7c53d82d902dd6bc5,false
XSS-2228,xss,PayloadBox/html5sec,1b266c2aa16c715573abb9dcf5e94e4b3888da11de3b99809820873cc63d712b,false
XSS-2229,xss,PayloadBox/html5sec,a1dcff5f9d1a404e950242952e1b15bee8c1e72b012ed39caf44759ee9766fe0,false
XSS-2230,xss,PayloadBox/html5sec,129abf130056ea35d6e184349bd7955b6a6cdcbb17c4957ae6e2af5b26b39b24,false
XSS-2231,xss,PayloadBox/html5sec,285f3b44e69e935ec2f56ba59cf5bec78736b018e47fa99bd20ac0a5f09a1354,false
XSS-2232,xss,PayloadBox/html5sec,8827496b33c93f0c49048f7511162ee407e3d992db92ee07fd9275900f338ce4,false
XSS-2233,xss,PayloadBox/html5sec,84b087c31be1d3c6ffec1e490a116aecac1efab4774e8790683bc19d3afa934c,false
XSS-2234,xss,PayloadBox/html5sec,39b5cf36a00f939e6a5252d4d935a056ab59facfffe8841dfa32e2efb10a6393,false
XSS-2235,xss,PayloadBox/html5sec,47a55578d67579f6fa9f887fc113bac55bc6365bf101fd6e5d2d9e1e0cabfcf0,false
XSS-2236,xss,PayloadBox/html5sec,37ec544f5f6c2227ff5450d82be61240a8bcd33c35edb0a80bf3ea9d49a3c237,false
XSS-2237,xss,PayloadBox/html5sec,bbfcff9e5dc716e60ce81ddedadf1d85d066339930b19b68e7b09c2bb96e61f0,false
XSS-2238,xss,PayloadBox/html5sec,a3810d8aae1709613a057d363dafd32a2656755ed86b0b4b1ebe2df056760bb0,false
XSS-2239,xss,PayloadBox/html5sec,54d5330f84cd51f2cce4aae339e6463b43f5dc8fbdd09e48b0c21651da96e4f9,false
XSS-2240,xss,PayloadBox/html5sec,f6ab1f0e6959b1ab4bbcc63d163665047c2bc53f4bd2b8c9071a6740cff6dbd4,false
XSS-2241,xss,PayloadBox/html5sec,33ab80d53fdad9076e5acf7fc91ad7996ba8e9db66de40c43af54e1ac431e1a6,false
XSS-2242,xss,PayloadBox/html5sec,ee2a55f8b6922b1c3f2b68efea9449a1785a972a01837ffe11ac144e1f9f6244,false
XSS-2243,xss,PayloadBox/html5sec,304773f83d0ecd2a8fedd8faf952d20ad9eb4ef5de5a03b78db2e4a1494e0278,false
XSS-2244,xss,PayloadBox/html5sec,3e6578feea1ff648288345098857951a37f48de52b6055b508d7cc488ec756ae,false
XSS-2245,xss,PayloadBox/html5sec,908d4560048740ce4f75b1002dafe3c4cffa04899388fb853f217401fbf4d02c,false
XSS-2246,xss,PayloadBox/html5sec,f5c5236d0c10e56c352e53d2986b725c6552df158b879ae7d95b68abbaa7fbc8,false
XSS-2247,xss,PayloadBox/html5sec,e8c4e515813d801c85b9b3f6c2644d8e465c7bb5e4986522dab67709acf2c425,false
XSS-2248,xss,PayloadBox/html5sec,c42ce78fadc61cb6d7ba23b368203ca95bada734dac59653525064bab2f67e69,false
XSS-2249,xss,PayloadBox/html5sec,4d86c511ad9c9706ed490e7764d01229397ec3ab4631a916fa15d087ab588674,false
XSS-2250,xss,PayloadBox/html5sec,7c1b9f31273f99e27aa5c9997972fd4d9aba8d773520031fa1adfa5697c972be,false
XSS-2251,xss,PayloadBox/html5sec,e4d73f5ff8faab85b5d59b1e3d5058a34e094c02f031f4d3f177c4688ef2f2a9,false
XSS-2252,xss,PayloadBox/html5sec,d2b52a5d635368e21a61909b8d794588bf9f86abf604ab275aec79301eb86c58,false
XSS-2253,xss,PayloadBox/html5sec,d662157cc6a21da4b54a5269e7ff3ef8653b1172c9b9b672a6da1561fb4e9413,false
XSS-2254,xss,PayloadBox/html5sec,b05014187e6ec2f15563738ba52dc681c627eac93e4361f03e8aa841236b0a74,false
XSS-2255,xss,PayloadBox/html5sec,22247b1d9e6cb83b4f8cddfeba398f15bc3033445ae9acf6d75e89b1594790fa,false
XSS-2256,xss,PayloadBox/html5sec,8821d8905d82bfa8e1049fa1393c869b952d771432e91cd29e1855ac6fd4965e,false
XSS-2257,xss,PayloadBox/html5sec,ced57e84875a1da565e9e8e92c04b73c1bff27ba72999e4fbc3523e32b3ca443,false
XSS-2258,xss,PayloadBox/html5sec,bd13a8a6dea53e30b4153069de69dc658e5ad264c7ff75611833ffbd77fb3864,false
XSS-2259,xss,PayloadBox/html5sec,9beb21e6b025a68b4317c230a99579d97709ae36a24042ebc4358236035fca2b,false
XSS-2260,xss,PayloadBox/html5sec,a2f84d11c11cb97ed8c0424a18f13b6ec2285d3657e823cde8d2616efe8463fb,false
XSS-2261,xss,PayloadBox/html5sec,c47971915191606819c199c4350704d390b41328bdcad4e23720c0de6b75f515,false
XSS-2262,xss,PayloadBox/html5sec,ffb5a6d63b535de855381e6b43447178fc712a43974206817b244c9d6f4aed83,false
XSS-2263,xss,PayloadBox/html5sec,197d65dcc37b438c34ef28b879842ab22aae3ea6767e1d82d0c768875dc2876d,false
XSS-2264,xss,PayloadBox/html5sec,913e17a8215a9e8b261074cb37fba2dec6b4319afa73c8ef4757ec729a8739aa,false
XSS-2265,xss,PayloadBox/html5sec,c5d6fe191c908a75c779127b34f5c6e605d4826d1ae39a1ab32295b6d2346bfb,false
XSS-2266,xss,PayloadBox/html5sec,5bd0aaf8809182798c1696211595555027b99a5186809cc9351a3cb2baafeac9,false
XSS-2267,xss,PayloadBox/html5sec,d8382dde040f833b1a0bc247d5e094a06e023cd8b289f35b86ddfd3c6fc55da2,false
XSS-2268,xss,PayloadBox/html5sec,cdf7fee94bcdd37ab36060e62fceae2abcc71d70ad4011d7a0ab999148beace8,false
XSS-2269,xss,PayloadBox/html5sec,6b4fb9cdcf27e30cb0608287e1329d52d7f32436c0300fd0e7e7f171ffdaae8c,false
XSS-2270,xss,PayloadBox/html5sec,adfc93a5ae7630fe8d419a73567e1e3907b8b4562c8cff3117e3c40b43b07d3c,false
XSS-2271,xss,PayloadBox/html5sec,8b66bf113d006d0a366a2c51d3d1d1f4c28a9ecb427e324103b4b17437764240,false
XSS-2272,xss,PayloadBox/html5sec,9a79e0cc2b9a3ad577baefe2842bd2453b3ddb814ff40512357c3c476f25bf4c,false
XSS-2273,xss,PayloadBox/html5sec,e00ab4b9ae24dace09d0ecdb92db0a98acc4d193ec0e48a45ff0b1e4d6f21f65,false
XSS-2274,xss,PayloadBox/html5sec,31ae467c6db94bfa859d27df53839b1220e4a39564a5d95d1042cf4465ecd8e3,false
XSS-2275,xss,PayloadBox/html5sec,74090e7bffe795218bf4b930abdd520483f2d854cd5dc93b108f86d20ac4ed39,false
XSS-2276,xss,PayloadBox/html5sec,502e9e4b38f6cf76366b05012cee64eb21468ba658bc16bf195ea57398ef0cb7,false
XSS-2277,xss,PayloadBox/html5sec,baad21283ebebf5056842aaba9df2c6eb81bcadd43a447f0d2e098ea0268f306,false
XSS-2278,xss,PayloadBox/html5sec,00b89c14ca91f383305cbf8fa5f31f88985d61cd39549a276c5b80eaec1ca968,false
XSS-2279,xss,PayloadBox/html5sec,74165ee6f8c8e2ec7e81f79f0d5d3bc1ed66efba1c605c80cabc59989c578964,false
XSS-2280,xss,PayloadBox/html5sec,362ef464bc98832eb3edf65a6423437b279944e397005f4394e90bd87ee0a845,false
XSS-2281,xss,PayloadBox/html5sec,28c36cde965e656347c0eea3211f8d376a18203889388927c80e6bba3eb0f362,false
XSS-2282,xss,PayloadBox/html5sec,545be4ab0afe966c11425b542c01a519eb25e21f702b8796123b9fac9ac666d1,false
XSS-2283,xss,PayloadBox/html5sec,231fb774ad67d27642f11d7dcf3d08ae26fecf53d4ad2d7e7ee273794665965a,false
XSS-2284,xss,PayloadBox/html5sec,b69df9a7da158468e23b516e114642aa78c80380ca20095b70fc8066d7c40948,false
XSS-2285,xss,PayloadBox/html5sec,397e50d76750ebe953f38f8a2eed00b5afd02a813f1245ecc819a029b59daf02,false
XSS-2286,xss,PayloadBox/html5sec,6b2bbe999788545202d2b45e101e56260189e35dd8d02ec41777645d92164bc5,false
XSS-2287,xss,PayloadBox/html5sec,30fc3ce47ed684920bd94f647737d2960f7e5adcea9d2978bd256799090f3e67,false
XSS-2288,xss,PayloadBox/html5sec,9dc6e2f90101da8a858f633dfb431857faec0653213d47f98f561cae27f0a253,false
XSS-2289,xss,PayloadBox/html5sec,093b84ba056a13256f850cf58bee860853043154cc38c6cb9b3ac538ebc9213d,false
XSS-2290,xss,PayloadBox/html5sec,49675790bc33cee4169517b2fd9e7fafdb0fa75512534e888180b60eb0608973,false
XSS-2291,xss,PayloadBox/html5sec,0100dfccca1c31b17de4a3f7c2bbbb5ad919efbb2fe570110aedfb6375957c5b,false
XSS-2292,xss,PayloadBox/html5sec,9fbfc80ee6377be6892076d1d67727e4a88d03cf099c213bd1dc27c659a4edbb,false
XSS-2293,xss,PayloadBox/html5sec,7d4b6262dcb6d19dd1dbab6e322042ec8027c2088388c7d0899f5b7edc7e4a19,false
XSS-2294,xss,PayloadBox/html5sec,5155bbff26a5900cfa0e1b52d9a06e580dd7084f39982bdb3bb1159a3416c0b1,false
XSS-2295,xss,PayloadBox/html5sec,521cc0e9273e7e9a46750fe2a81b359982d52f3bc040aff1ab60d80ee915299b,false
XSS-2296,xss,PayloadBox/html5sec,7d796a68140338944cdf161282df6456b6cf4951b95718c4b66705cebd8c9336,false
XSS-2297,xss,PayloadBox/html5sec,c3b12eb5d9cbf6258a98d8751007615f4fd4a15c3fe47e7318efed84bf8862ad,false
XSS-2298,xss,PayloadBox/html5sec,41143e9715b679870888cd341bbc2c985776894a1d1f9116a81c2dcd6b303672,false
XSS-2299,xss,PayloadBox/html5sec,25bd48bc34b6e9034e465d497ce41bb5190f68494c37fd610f872bceac87f809,false
XSS-2300,xss,PayloadBox/html5sec,874249f6126f470fbca32e9fa6d01f21cb8de2f5e133572b4cfb81468c3b4619,false
XSS-2301,xss,PayloadBox/html5sec,67e98d41bda32c91a52077b95ae1132f5ad1558d8a5084e15862a2751ecd2e44,false
XSS-2302,xss,PayloadBox/html5sec,9c600a892af621e17c895337952c9cf7029af5d895c290644d6682015fbc507c,false
XSS-2303,xss,PayloadBox/html5sec,0f662881124d9dc992f916f9e5089c6c35320d90f378e6202706fa177a672683,false
XSS-2304,xss,PayloadBox/html5sec,bdccd619a22617e962b6caf504c1ede23c1dc2cee73cb3fd9985cd4e783bba9e,false
XSS-2305,xss,PayloadBox/html5sec,24c63fc6ae8003fbd15622366525d34fc23c56780a0ed324985ced31caec40f1,false
XSS-2306,xss,PayloadBox/html5sec,f3a88a0e357e96014a21321550bbdf4b366bf28ee75c6c32d1d62fb3e2034273,false
XSS-2307,xss,PayloadBox/html5sec,f4f6d638d560eb3c7c65a24902d0cacca26319b52ad57feacd6432df56565d89,false
XSS-2308,xss,PayloadBox/html5sec,7c2a6f95f4999814f23ec6717e12b062318844d0d76c0dccf5b3d2922d01b48e,false
XSS-2309,xss,PayloadBox/html5sec,fe15c83db7f7306e05e14ebdf0bcaff892146c7950e5fd16ce3ac189c0d0cca5,false
XSS-2310,xss,PayloadBox/html5sec,fb45338c4ddebf662c0825f3633b0168b1e0a5e9cbe77e0aadb0354051673ff8,false
XSS-2311,xss,PayloadBox/html5sec,0e76522cdb5c2d094eaf7fbb10d8cee1654882a1d277542d18ee76fbdf24145e,false
XSS-2312,xss,PayloadBox/html5sec,2d9cb14c1f54e2af9898d548006bbce4403e55c823d6145e35c7411b1dd4c254,false
XSS-2313,xss,PayloadBox/html5sec,197031de834757fc47e4bf260eff890381632c1ff9c890892517cb333c579216,false
XSS-2314,xss,PayloadBox/html5sec,522bc744f599686315b13e593c9608bb31ea60676163954bc25b0a0452f3da8e,false
XSS-2315,xss,PayloadBox/html5sec,2fe788bf32ebaeaaa79109f343faf8012c24e09ec5afc466a1518e6f0ba94e92,false
XSS-2316,xss,PayloadBox/html5sec,50f4037f0f27daafabaf338bb56fbc6b57fe4fc3631e276c01c7e4e7e42a7b93,false
XSS-2317,xss,PayloadBox/html5sec,0dffc5278ce4ae896b631c0c9721f365e3bd582ff6d69f43f8adbe92c85bb478,false
XSS-2318,xss,PayloadBox/html5sec,5743e2a06e6ff86cccd172b9d422fd2c43fcd25b236d38f3b348fcfca3c6e2ea,false
XSS-2319,xss,PayloadBox/html5sec,6e32df18aed6622906d27f677564b86a1080995b46b5a0c6d153534de9d5e6a5,false
XSS-2320,xss,PayloadBox/html5sec,a7f81bb59b53b3a3775229666f3f0989ce2d38978703219a8c52f3bdd8655550,false
XSS-2321,xss,PayloadBox/html5sec,fcb590850b7821ff6fdeda4f2d6f95006e24e4a368a78d4e655f594920e428d3,false
XSS-2322,xss,PayloadBox/html5sec,e301e3997c7db19b9aa86dd9b6b39fd5cdc491adb0e0a4d31e1493d828e5454c,false
XSS-2323,xss,PayloadBox/html5sec,72172d37309eba316115f5f75a3a14d4a86d3ae065f0e44a9b9a1be9eb7114bd,false
XSS-2324,xss,PayloadBox/html5sec,53543547b385b089f707ec59061e5d73f0c26c7ec0cb55e186a82cd4941b0c7a,false
XSS-2325,xss,PayloadBox/html5sec,666834598f9c5fc86b1239622bc9bf8cff3d849bcb6b79adccc7f3fb9cb1bd9f,false
XSS-2326,xss,PayloadBox/html5sec,a3036eb1b93ea98dcb7568713eba7376b754d3e83daac2c317aff13364977421,false
XSS-2327,xss,PayloadBox/html5sec,dcf6fffc764eaf75443cf3de7327d3898dfa83944df7d0018307ddc97881721e,false
XSS-2328,xss,PayloadBox/html5sec,4b087b0ba8ee7b80c4c6e6ab6d27afd6b28a9d916d457e6ec17ee3ceea47e032,false
XSS-2329,xss,PayloadBox/html5sec,982f38bf58cda4fa81cc3ffbb51ba0eafb5fa3701d7217496e731594da1e7836,false
XSS-2330,xss,PayloadBox/html5sec,3662ef81d6af155c0254c160dd83dbde0aad9b9baa1afd6507f4e8342780f2ff,false
XSS-2331,xss,PayloadBox/html5sec,1ee9b80c91dc27ae5cc08928a4a9cab833ecfe2235bf14c2e6f0b899855f9bfc,false
XSS-2332,xss,PayloadBox/html5sec,df2489673de670e11de06118b869ef9bccaa17cda1bf6d647711feccb967b166,false
XSS-2333,xss,PayloadBox/html5sec,d042d6b62e16cb7a11bfb9fa4d1fdca9b8d9ea1a92272a9204cc1d142629b868,false
XSS-2334,xss,PayloadBox/html5sec,6828e27abc6b9217d9eccc4d6ef4ffd7fe7cb6f2df09a94030433a9d718363a9,false
XSS-2335,xss,PayloadBox/html5sec,861a507ed060c51b86f8587d8402bf269ce21281baa3f6e709214991c469bcb2,false
XSS-2336,xss,PayloadBox/html5sec,0c260b9cd710d97283561665b8f7efa124f1eec450f63eeab951dd00587b876c,false
XSS-2337,xss,PayloadBox/html5sec,2ad68e231957c39c57331e0331782ea6ffaa457b77040e3729cb19a524f286ad,false
XSS-2338,xss,PayloadBox/html5sec,60ff36dafdb66235a09a9b19b424c2b49fd9b60380ba0093b92a88e4078e6203,false
XSS-2339,xss,PayloadBox/html5sec,95b9cd52eeb133840015652e913897b9b4a66549117317c25c4889fde0297bdd,false
XSS-2340,xss,PayloadBox/html5sec,ecde1828aa37470d8f870286c11a084be63e9815c988db0e4f8fd12a6ab7bf02,false
XSS-2341,xss,PayloadBox/html5sec,7362abf3c56b297dc2d0042996a2a45ab46c621fba847309fad9eafeb4535a51,false
XSS-2342,xss,PayloadBox/html5sec,9ae396ca5e620f817b736028943dab4ea2eb93590bf18748cb437547a61ebb99,false
XSS-2343,xss,PayloadBox/html5sec,858d894f3e321ed182a4cbc50187b147951ef6c4a0423aee82e5fd33e7b008fa,false
XSS-2344,xss,PayloadBox/html5sec,048aad27b28e0dbac95d0671db2719ac4452f032de8bbc237f8ec79f9f4371a3,false
XSS-2345,xss,PayloadBox/html5sec,f119da93fcd4701556e029910fa62f3f4c8466392b87c01ab27df3d4dd11d2c5,false
XSS-2346,xss,PayloadBox/html5sec,63b560d848364298338c9525eaed8e7cdf2c89d534340e32c45af6dc6ca42d44,false
XSS-2347,xss,PayloadBox/html5sec,e00303c6d050c30ec27d9651d7fa3add00fa0e2b174bb2533b406538827ef053,false
XSS-2348,xss,PayloadBox/html5sec,eb1cf9b42c904869c0eb43e232f5b3c05e0bdd2b98b4146bd13c3d532b4a92ea,false
XSS-2349,xss,PayloadBox/html5sec,3a99bb5c2e87da219862b09431245766bbd347b8f8e40e59e5b955749a800500,false
XSS-2350,xss,PayloadBox/html5sec,e46b458951141f8ac25d9e376b14251b689da5857b47f3be32cb7cfd156ab1b8,false
XSS-2351,xss,PayloadBox/html5sec,d2fa7f1d776c5bdec15b125529e54ff8e414251b3a05f673a3b60d761ec1e172,false
XSS-2352,xss,PayloadBox/html5sec,8307f1ac67037364f9db3dc61a0f71c07eba563d1ea9162259a71a69c26047e2,false
XSS-2353,xss,PayloadBox/html5sec,2efd799887aa2450d4a99ce9cca5435770ad2001a12aad03c9c0f3a7a44227e7,false
XSS-2354,xss,PayloadBox/html5sec,dcf85dd6004a2f730c6aca2d911ea98a040c9620366efd11612b1340ad8cbdf4,false
XSS-2355,xss,PayloadBox/html5sec,9f168e39755dbf64f867aa6ba2fc4412537fe28bf8e914bbcd9f12048b53ee29,false
XSS-2356,xss,PayloadBox/html5sec,035b0c7e7a1fb2600e9ec35af1a8cf53039db298158b42459b11df51503211d5,false
XSS-2357,xss,PayloadBox/html5sec,de6b69c69f3b35d3ede12669e9566b192290db16982c45b2b392afeaafd7cdc4,false
XSS-2358,xss,PayloadBox/html5sec,7ffffbc0206c486bf2b509c8c264994ff283c2e498ea5728e620724d503505f9,false
XSS-2359,xss,PayloadBox/html5sec,c509b76e833297f6f06c21437dba601252374ec8cfafc8e75be1821e3f7f369b,false
XSS-2360,xss,PayloadBox/html5sec,7fbbc0a28165114ae28303aceefde29c22e09634f0f3083bed51049a506975d5,false
XSS-2361,xss,PayloadBox/html5sec,a2112154bd3d43052367aa48a111d6b02a39507a4d845932c3df268309eeb1bd,false
XSS-2362,xss,PayloadBox/html5sec,d86a28bbd9de739a3b2536ea864ac5e5dbf8a0959f21516c8ebafdd5986d238d,false
XSS-2363,xss,PayloadBox/html5sec,99b898ca1f2ead216db55fe31f8c98b64f653b0de0a6b0169a6c6a4a57a696f8,false
XSS-2364,xss,PayloadBox/html5sec,44f7cc84da107697a5fe977b4557b21e3e39160564c79f56f0b17692ad062f7f,false
XSS-2365,xss,PayloadBox/html5sec,43fa8e885fafcd701316b5660948f9acb788bd4a5376de7dc566fe942263f481,false
XSS-2366,xss,PayloadBox/html5sec,c34c5de08dfe9636df9c1152fe1a49f109db00847e13ca7ec5f15da014065cc2,false
XSS-2367,xss,PayloadBox/html5sec,53c902b606f3ba254df3394a2eb44c4319032489b1659e0ab6ada7c3e16431a5,false
XSS-2368,xss,PayloadBox/html5sec,9fe4c53c985c141ceb330d337008319a49609112724189e6509ab6b2835ea334,false
XSS-2369,xss,PayloadBox/html5sec,1e4a383f457672dda3005b5d3b9f803799b2776816a0a93a81623b5ddf331c13,false
XSS-2370,xss,PayloadBox/html5sec,6db31ec561d0b4a0866703eabc23aec18390ddb80dfebe80622d4ee01c820f5b,false
XSS-2371,xss,PayloadBox/html5sec,e2f9208dd67694eb6ebfc8feb253efe2c520c4aa2b8f6a6f469c2f5289f7282d,false
XSS-2372,xss,PayloadBox/html5sec,ba31079a51b13fab58af4562c736db91a873293dffc6424e8c3fc79073eac566,false
XSS-2373,xss,PayloadBox/html5sec,7b2d86422878f4d84ed5da7a9c3b180e6aa4d6e421b31dcebe307e8b7f7e7b03,false
XSS-2374,xss,PayloadBox/html5sec,050cd3c930c64f3835d4b8d9bfc7bef200d289c46cc93586ea4e690cee76bdf5,false
XSS-2375,xss,PayloadBox/html5sec,1dd8364377e06b059b8cb768bbe3fd42c47ed7b58129416f89f9f5309dfc027b,false
XSS-2376,xss,PayloadBox/html5sec,bf3fa9c0863514b695abdb2dcdb0bf6e87bed39487a357e8ecbd6e16d5f18cdb,false
XSS-2377,xss,PayloadBox/html5sec,cfd6d82c884b632a0e7d6f8dfd72fefb622cdb3311661e3b4e18e091404c5ea9,false
XSS-2378,xss,PayloadBox/html5sec,3b74d931cc41a29191c10810a004ee301cf2e47882cb22f0cfb29a231b26e0cb,false
XSS-2379,xss,PayloadBox/html5sec,3eef81dbb2adb7a30ab5da41e30537b6868cebb648d725c6b7e760c216b50cf0,false
XSS-2380,xss,PayloadBox/html5sec,0e60b0754e3849b88926ec6a9021215bf4d8720228346022be376346fd2675f3,false
XSS-2381,xss,PayloadBox/html5sec,30b8daba994ebe5e70d863c91fcce6dec65c1d58285164ec597e01011c56c588,false
XSS-2382,xss,PayloadBox/html5sec,c0a0ad60722aa02c951975dbc7db1bb23ffc95eafbf0ed93f11d40b34c3af0b4,false
XSS-2383,xss,PayloadBox/html5sec,2635cce97131e98b7b1a929d380bcaa37ec49831dc34f12f7809e1a26afa78dd,false
XSS-2384,xss,PayloadBox/html5sec,8290e4ada1cdd1289cb371511ef153a56e5cc9d220142eca0c6f19ba02710d54,false
XSS-2385,xss,PayloadBox/html5sec,d9f20d4721a85d9435fe9f37c9d32ffcfa192ddced3058dbe1a2299b8502934f,false
XSS-2386,xss,PayloadBox/html5sec,899ead47942e7116f9a8a64f949ccf95129f87f65ed78cd26e5813c7b5d7bf28,false
XSS-2387,xss,PayloadBox/html5sec,044661c704816d6cf61437f790bcc2ec3613758331c7725301b19b751b92ffa0,false
XSS-2388,xss,PayloadBox/html5sec,52d2dec1a9f253bf1efc08a79b13b647a112466f322458ba95a26fe2df97670d,false
XSS-2389,xss,PayloadBox/html5sec,a80bd975a3fe8b9c85a314fef4617a8a815981c1c16094315437071ee71f7671,false
XSS-2390,xss,PayloadBox/html5sec,14034b406bfdb3807d37e75eeab49fb12c59808852f00199ed94ce8c89cc5733,false
XSS-2391,xss,PayloadBox/html5sec,383cfffddf655bc47fc32134438bb95bace063b7f385e96cd6cd40bfec4deb16,false
XSS-2392,xss,PayloadBox/html5sec,b7879165a7154fceb6db2e729e02aa8fba472bff02a2f01b305bfd223a21e4c2,false
XSS-2393,xss,PayloadBox/html5sec,5a3b448377cfeaf290f2274b75ee740966d504323f62b1f5e51a705f72bb6272,false
XSS-2394,xss,PayloadBox/html5sec,d1331484d1fd52afd70c15a3c3ed98c384ba51bae60d805661671ea2824212e7,false
XSS-2395,xss,PayloadBox/html5sec,efd552c3abda7e267cc25352b18d4920f0a3d183dfd36952e3cc536c7fdbea25,false
XSS-2396,xss,PayloadBox/html5sec,c1d1e0c5059d4a73d252d18ca374c568d916f21d6a2dd730c735d2d012137013,false
XSS-2397,xss,PayloadBox/html5sec,8f1dfc6c6f907f4cf1130c62751f1a3fb0991269aa3410dd836e53dadaf85322,false
XSS-2398,xss,PayloadBox/html5sec,c4262fa0e005b085a7dc9b59f6cb4e5f0ebbf6b190b90d057a528ed05d558bf4,false
XSS-2399,xss,PayloadBox/html5sec,079feae9d3183bf5f5c52bc4844a9b3fdce7f883b7a8cdd3b99470df87a4c2fe,false
XSS-2400,xss,PayloadBox/html5sec,5487f4d83a84e4ff4deac5dc18a0bde8a180cbb58888cee6b477298a0d46899f,false
XSS-2401,xss,PayloadBox/html5sec,12141ec275691356575294458dd6bb721d41e25c96540f8146b8f021350a563c,false
XSS-2402,xss,PayloadBox/html5sec,1f3f2f01728c0061a25e18b4991bb573dfa6ee6e76134314204ffa7a7a5a71fe,false
XSS-2403,xss,PayloadBox/html5sec,e5de81bbb53a33116381db05e2c835f799145cf1cf327ef611c4b6d4bad196d4,false
XSS-2404,xss,PayloadBox/html5sec,3727a43f5ccc444314f3ccf627f218f31d05ac09d3b04960291e4ab3d72649f3,false
XSS-2405,xss,PayloadBox/html5sec,a50171e2654db8a19726a3e8386df5b1f86cf786242cada2ec85d96f0f670314,false
XSS-2406,xss,PayloadBox/html5sec,6b6170697a6d54a0e8e7f2b5136ca83ce5896871244d591ed854dfebaccff839,false
XSS-2407,xss,PayloadBox/html5sec,5c194f50c9c601f0090bf7d1c359e7e6158ca41f8441f1ab5f95b295c846099f,false
XSS-2408,xss,PayloadBox/html5sec,50d81c09d089a3ecf09ef069914ec22d05695abc082d6849cf08d5f0b04fe7eb,false
XSS-2409,xss,PayloadBox/html5sec,c66bb598b7a517fdd92e66b7051713bc203f890305edb5d01fd0ed6c94fa5cff,false
XSS-2410,xss,PayloadBox/html5sec,c957a8edc90ed328f4dc3d3286cd381fc87716ea3a1bcfae86731dd0d9445409,false
XSS-2411,xss,PayloadBox/html5sec,328d569b8c7e593ae019d58c5a9dc7b0980324faa5cab8e23c0a76b4957bf5f2,false
XSS-2412,xss,PayloadBox/html5sec,eadd2ea2716229b730bf4ecc93046a59c7aece9ecd1bcb7e34a981c224c3958f,false
XSS-2413,xss,PayloadBox/html5sec,5fa34ffc5870013aa906bdc3ba87189a27e60de7f89c12ad48acfb01b5b8172a,false
XSS-2414,xss,PayloadBox/html5sec,2f5fc99fcb273e51cdbdc02243ebbf1393fc90a9cedb4746fa0510ea98cbc84d,false
XSS-2415,xss,PayloadBox/html5sec,2c69d600370448978281336789b6c05e5f8887c8c26bbdae541b8a4e9d578b5b,false
XSS-2416,xss,PayloadBox/html5sec,b81c01eefae466cb115d1a5e1fd8977ba05a6dc2a3a7b27ac95be71c46c39b97,false
XSS-2417,xss,PayloadBox/html5sec,615f417233d0868e0f76c61b0c391e5487d15b70a6006dccc58615e137274e76,false
XSS-2418,xss,PayloadBox/html5sec,48ed3454f78ba0494777bee8bcce71df4e83f13d37d595fc2d255ecba645d7e6,false
XSS-2419,xss,PayloadBox/html5sec,fa6bbad1c7b1bcb2662df95fe8411f5b3e0863047505971386028a0eabfb0c36,false
XSS-2420,xss,PayloadBox/html5sec,5c0eebcf1dec39cf8caf3d04126a6d8a0c9087540755ebb34a563c41356d65d0,false
XSS-2421,xss,PayloadBox/html5sec,4a9276c5ba223d7ec599d811beb1fb03cd892ebb34326fac660b34b0f8d3ea5d,false
XSS-2422,xss,PayloadBox/html5sec,2c917c26eee87b76cbe30fd86708c26d89cc691fd3164a6fcae5038f7c5a87bd,false
XSS-2423,xss,PayloadBox/html5sec,3e455329d6dabd2136ce11fcd9554d4cad34566db16e8e71c899b2e418c77d11,false
XSS-2424,xss,PayloadBox/html5sec,b1dc61355db9c6f4a5133b63073bcfaa646a365936b63e63ad091199384e5a63,false
XSS-2425,xss,PayloadBox/html5sec,680fc83812bb5a55ad629f224cbfba72c1c9246590ccd2cbd399f4e1903f2528,false
XSS-2426,xss,PayloadBox/html5sec,f051addeb9a1f4d7bae9b48e72cbb95876c1e867e04eb950a8e1b44523dd96eb,false
XSS-2427,xss,PayloadBox/html5sec,7ea65c5f89307552afe4eeb71ccbd2f87025719602e41ca43f478448b1ad60c6,false
XSS-2428,xss,PayloadBox/html5sec,75a76e62995de829c490ddaeaee73759fd11308cd0525f31246861bd2a0120e3,false
XSS-2429,xss,PayloadBox/html5sec,996a21b5bef21bc70e5a538ac975f6caeae12a31771f89084b27a01529f4809e,false
XSS-2430,xss,PayloadBox/html5sec,5a39f480fe291f532d36dfc090aa17585a30d3840c6dbe004aef850523d9dc2a,false
XSS-2431,xss,PayloadBox/html5sec,32f014950d296dea308532bed6a7b2f38c45b9e84a925bd3495dea4c02f4f96c,false
XSS-2432,xss,PayloadBox/html5sec,078e581cc5d36bb63ebf5ca84e165c1db175d8f62dea9c18bafaaa4aacce8e8d,false
XSS-2433,xss,PayloadBox/html5sec,61eb29ac441026266b1e188817a0c23a2bffe46e047895bf1327226d95b8d455,false
XSS-2434,xss,PayloadBox/html5sec,c005812645c6190cfadf728ff0662426c1eb6a72daf12241da9955690af247f9,false
XSS-2435,xss,PayloadBox/html5sec,c2b776e3446ae0b0161ec70219c09a18141e56f1987e1ff35a89bdaf72e92580,false
XSS-2436,xss,PayloadBox/html5sec,8f950936f992732dcf665422da3d0ae14716645d0a59f9beab2fad2af168cbf3,false
XSS-2437,xss,PayloadBox/html5sec,3c15092eeb647eedbd8d7c49784563e41c136169a6e815b418d479045d9b2f65,false
XSS-2438,xss,PayloadBox/html5sec,df0d012ee5c1198e5b97fa5ac05a07435e3aa0c37c184fb30b9ed8cb58b16425,false
XSS-2439,xss,PayloadBox/html5sec,aa596e793aa29bcd1aee5cf5c0acb5ee57bf5b15d4cd3c4e98c08d15d5767708,false
XSS-2440,xss,PayloadBox/html5sec,dba09e8be49752b0b94cfb51ec3d82278efa5274c981c717124d5810ec80a9cb,false
XSS-2441,xss,PayloadBox/html5sec,5ccc789f75db3fa8fa84de6a400787b624db27e4af381f8acf42f128caf57784,false
XSS-2442,xss,PayloadBox/html5sec,94973252b2eef855b2d3fd69a349f66f7ce151a0d73bf4f4fae9dd07f2d0a43f,false
XSS-2443,xss,PayloadBox/html5sec,9d4e045d64ec0e00f444251afdb6a1ddcfab8840f62a636a60e1d42d0a3d223d,false
XSS-2444,xss,PayloadBox/html5sec,e7ed7f69a82dba8cbe6f1072869ec969a832a855fa82d68a85616be0b9e68021,false
XSS-2445,xss,PayloadBox/html5sec,52dbc32c148c4c04899f93db85f70809a7761a27c43189f5670263fcb31fe350,false
XSS-2446,xss,PayloadBox/html5sec,cee6c6104bc1813523ef7a30ea16ca7cce1b6a93c1915cb4aa56101795d69bfc,false
XSS-2447,xss,PayloadBox/html5sec,eb14ac8f5263cd66f1c61d8a668f0d3c3a36e97a07889dd9d7adde620a8bf5b1,false
XSS-2448,xss,PayloadBox/html5sec,dcb296b0d4830d59e05247fb829e6cf05caac37147dcdb27f4916075613c984f,false
XSS-2449,xss,PayloadBox/html5sec,227d5cc5abfc03369b3916e8c51a21a3148f6114a2059011b8321411384c00cb,false
XSS-2450,xss,PayloadBox/html5sec,ab3cebc5e653a052ba5f497101021fa885551d390c84569629cc92a57a05e8b2,false
XSS-2451,xss,PayloadBox/html5sec,dad9d99056a18b34ef2d6c62de94889640c50dc7f4a25a9e4f3e7bfa673e9625,false
XSS-2452,xss,PayloadBox/html5sec,abe3113c1ce3c523b78054d4c1b2a6ea3f5f1a31e743226e661ddd12b621ac59,false
XSS-2453,xss,PayloadBox/html5sec,a7bc6171f4d3c1c04405cc478d1303e1dc175e7bf6b6728f91cf1ded2de4bf1e,false
XSS-2454,xss,PayloadBox/html5sec,b4c4c170e5c30451f2a643ad5d49bd6eeddcfbc1650f168d23c1f6d4d789e688,false
XSS-2455,xss,PayloadBox/html5sec,123d21eb5fbba6ed9cfbb33be70bf851bb9460376e766f1d04dc95a616704259,false
XSS-2456,xss,PayloadBox/html5sec,88292c08f28f134c91c4c3f94fc76064a384a704679eec8aef89c9f19b66cb1c,false
XSS-2457,xss,PayloadBox/html5sec,7dc6941e0db6dc011576f68fd2aa23741acc1dea560bf6a5d6bf14bd99d83995,false
XSS-2458,xss,PayloadBox/html5sec,3560f98a36417b3bf55abc449b06f5ddba5839e2f4e6b4f69f853dc25c3db4be,false
XSS-2459,xss,PayloadBox/html5sec,4e6840521e75c44cb1af0ff664e44993cb7398c0caaa260e756289bbc822d0a1,false
XSS-2460,xss,PayloadBox/html5sec,86a5dc2e6de1299996dd8c0e182e9e90931de6a6d921145111f547636d9b6a74,false
XSS-2461,xss,PayloadBox/html5sec,10e48e9ae98a0f743601e7505ab86a28273a1e33ccdcacdf496803df2184e41b,false
XSS-2462,xss,PayloadBox/html5sec,a77f20b0ea9be1c0be48e04f2cb20c9d4bb6a3a7bf4be5f4c9e511f17ab61a87,false
XSS-2463,xss,PayloadBox/html5sec,639fe808e46f96850d32f26537a738f7e03f479d56f87f956c1aa5541690da47,false
XSS-2464,xss,PayloadBox/html5sec,d8721b5625902619165191af3b98cd0bf91d33fa1e1856ad8e4969d837e3ac75,false
XSS-2465,xss,PayloadBox/html5sec,ee7f110543b2ffdb2fbb09be0b3574932f4ab0df1f3e5d11eea6c64d724d51ed,false
XSS-2466,xss,PayloadBox/html5sec,d6ea6bbcded13e1faeb491e0d56bd34c62fdd8801cb1b5883ce71f6ac76e8cbc,false
XSS-2467,xss,PayloadBox/html5sec,275ee8b264ec0adbfddf3b18e6b7d63f2d4f856bc2889f00843fbb29825befa9,false
XSS-2468,xss,PayloadBox/html5sec,a28bcc69636a21238a1c4d9f37cd03468454f04aaf73f6768bd567fdd5e3dc82,false
XSS-2469,xss,PayloadBox/html5sec,b484ab7b9ef062f8eaf1b6488d3cb6f27b63117dede0fd60baa367ee907d2173,false
XSS-2470,xss,PayloadBox/html5sec,1edce9fdd01b17dda570f2720f25b96975bf99447771c940951f7c9d36f4fbdd,false
XSS-2471,xss,PayloadBox/html5sec,36ab4883b60f3ccae959e2a228eaa34308830c0a7f8fa2ff1322b0e8e6116607,false
XSS-2472,xss,PayloadBox/html5sec,dc5a1e1e1d305cb18e2ddf48d4adc5cfe6d464e93c89fe09bfa0255789fab59f,false
XSS-2473,xss,PayloadBox/html5sec,694110808b1fa6732b8232d83c5ab7419ff7f3fbf5e63b6df00f6d0298870159,false
XSS-2474,xss,PayloadBox/html5sec,5b3b0e8c78da61f5f994d6521410d9f24fae55778223588132d3d1f93de186f2,false
XSS-2475,xss,PayloadBox/html5sec,52fa4f53e8ad2225a3dcb8e0117af55d722edbcaa71e7444e0367c03fc0280cb,false
XSS-2476,xss,PayloadBox/html5sec,be2ec44216fd87a54c9b62b17f2b973a2ba6be7d56c7bec01bf8ab0ecbeeaf68,false
XSS-2477,xss,PayloadBox/html5sec,8210aa3f699ad6b8b34805ac7f8611af25df433e2f5c22b22039fc1af1ab8784,false
XSS-2478,xss,PayloadBox/html5sec,00943096a94ad82cbd441bf8d26796bbc0f90614adc3cff538150549c37ce524,false
XSS-2479,xss,PayloadBox/html5sec,d6d5ca9bf36241a5c297a5fb5fe03de5dad79b6afe2401010a6a1f33fdd71d2e,false
XSS-2480,xss,PayloadBox/html5sec,6c467fda51890624bdec44e0a4388e1d8ecff4bb4a2332cb618b5c7dd55cf18c,false
XSS-2481,xss,PayloadBox/html5sec,ed03456e9cbdae49178a2390fd80ec2200b728f49720d9f96285554dab1675bf,false
XSS-2482,xss,PayloadBox/html5sec,ac0b2217f9081bf3d673a8b0a5b085c32838ad0eede913b404db6168e9c81cd9,false
XSS-2483,xss,PayloadBox/html5sec,ba7154cd1f37292227da902cdb79fa3999d2e75e0aa0e8c061aaaf2d7a0d8a0d,false
XSS-2484,xss,PayloadBox/html5sec,3f6384d2abc8b6cb54e75ae2f0a96994a3e7c4d9e0609e3c37b974b8268badfe,false
XSS-2485,xss,PayloadBox/html5sec,f6905a3a32d8de2bacff4d51d3754e4591adbeef74dbff1c78be0dae896f3ad8,false
XSS-2486,xss,PayloadBox/html5sec,89edf6fd3c741dbfab6636896fc6ce504afd608e4986a5bb7abdb083410d3bd4,false
XSS-2487,xss,PayloadBox/html5sec,d88381d349f01fb3ac518bd94380899df2d353a79fbaf1e9e09b75d4e21caf8c,false
XSS-2488,xss,PayloadBox/html5sec,5ae43ef71753e0ad12b7c88f3126108641a4c579282b6559d8fd648dc8056d13,false
XSS-2489,xss,PayloadBox/html5sec,7c1d24d56070f566dd65757e86f476f74438cacd51abc62b1eb28d5648b467c6,false
XSS-2490,xss,PayloadBox/html5sec,b0697e556fb5c72bb09ad4b6fa1bd43f30280fc601889f54e98eabcefb828169,false
XSS-2491,xss,PayloadBox/html5sec,7fb5487135dc729198c5f4973809e33920d791678a1d2524d646ea02fb6d8adc,false
XSS-2492,xss,PayloadBox/html5sec,d392a1dbe34162453005aab84c4f0f85569ae52cd50c91c135ff3ed33386a761,false
XSS-2493,xss,PayloadBox/html5sec,8e0a00a66c625e870df815478ef8026aaf842f9d04ef60b3890d568cc0d42bd7,false
XSS-2494,xss,PayloadBox/html5sec,70f36617c76606c4d4b50e4855a7cbd062e09234c518e059200f2c853686f7cb,false
XSS-2495,xss,PayloadBox/html5sec,a6dbba1a358c861558213af51b0a0ddcb86a07cec2aad9d223afe8a096aca65d,false
XSS-2496,xss,PayloadBox/html5sec,663264dff6ee774cfc24227cded3c8233e6df275f874581defde28cdba58ad0d,false
XSS-2497,xss,PayloadBox/html5sec,ccd930b57b584d181ec3abd8056e8d56afa588a893ba0a1d325d472ba9f526e9,false
XSS-2498,xss,PayloadBox/html5sec,3f63376ee856370d60826e2423269cc737ad184916107e8c124678edd63f9e0b,false
XSS-2499,xss,PayloadBox/html5sec,ee2c7b0f64cdf8cd7e1b65e1da37c638c4c32fe9b2e4acc618278c68235aa01a,false
XSS-2500,xss,PayloadBox/html5sec,07d3f4cd1b5908122cfbdc13b358d1f79c7e6d9a915c5d909a106751d6296bf7,false
XSS-2501,xss,PayloadBox/html5sec,6a3cf9e2fca06f602413693c591a73ddddaff836af2dcffdfc42acc095d34310,false
XSS-2502,xss,PayloadBox/html5sec,eb4cfe8444c1c66f16ac156be7943033b3c46d71d43071a2e409cb44cbd5f905,false
XSS-2503,xss,PayloadBox/html5sec,9d9956eb8d41ccf50c915c8569f6a160f6029e9c6f0fcf1bb44f727affae6e5a,false
XSS-2504,xss,PayloadBox/html5sec,d35ce7b91dc5f2b0f6c72645cad252a09d2c43e7f417d5b415266675f83c8b51,false
XSS-2505,xss,PayloadBox/html5sec,721c2b20cad116c9888ea4024929a8cabb626dfc1fcadb76a68cc003ed51508c,false
XSS-2506,xss,PayloadBox/html5sec,a6e36dc0f46d62b3cd17d81f4b6f177543b22a75282198530a29e63842e88d00,false
XSS-2507,xss,PayloadBox/html5sec,29e8e08a2a259527830e4dd34a3fcf9f6969e01c90cb4791bc6ee7709fa9fdbf,false
XSS-2508,xss,PayloadBox/html5sec,11a9336d92be2250772547a40ba37ffb04576eee916af4110821ab07bdbe9ef4,false
XSS-2509,xss,PayloadBox/html5sec,0ddca94599cedf3181a8f3a96984cee30ec4bfdf5c38ff338c80a563bfd2a6ae,false
XSS-2510,xss,PayloadBox/html5sec,44413d04c262043a136067efd746be39fd447782b6df7b396d379332341f6438,false
XSS-2511,xss,PayloadBox/html5sec,54e610667855d479ecff2662d41ccb42a64fb50a00ba9e178158c8d9a0f0617c,false
XSS-2512,xss,PayloadBox/html5sec,90fcb5913a00d547f7a2369640c3d36949d2ac2e812ea08c85edb096817df440,false
XSS-2513,xss,PayloadBox/html5sec,f8f91a92b942dd8c78a41eef65a3b81301f91819e2610b24d8a2c0c6dddde352,false
XSS-2514,xss,PayloadBox/html5sec,a3ef57598d2b764cf48e8f6f0f42ae0912efd43467e870c9c35a42a524b4422e,false
XSS-2515,xss,PayloadBox/html5sec,1a765af1039955e62364155b34abe82058e6a074d664b7a548f049bb046e0bef,false
XSS-2516,xss,PayloadBox/html5sec,14955646a1e99785c0fd06dd586c0c6b7833d93b4a661c60341b0fd5856efd0f,false
XSS-2517,xss,PayloadBox/html5sec,e6ff7b71eedc7be0b2b59cbe9368471625aa2ffe4e792f944731e4ea434ec182,false
XSS-2518,xss,PayloadBox/html5sec,7b48f5a2163101a1b952abe877e18e7742abc4aa4aa00c55ce5976f96ac748c7,false
XSS-2519,xss,PayloadBox/html5sec,32024e5147c4f837e5ec2e3c42d4e4da03557dfabe9c845cfbbbfddd38abd18a,false
XSS-2520,xss,PayloadBox/html5sec,0b48f59e4d4c0ea58701f261958c30db030de57b870a38a295c7a9926ee3ba9c,false
XSS-2521,xss,PayloadBox/html5sec,46f3228650ef9a076c81643e66d68ca80699b23724d1c9c18252fd7fe5deddae,false
XSS-2522,xss,PayloadBox/html5sec,d4146f6bd0041b52cfa8f9a1308f6b0c54dedb63933d091afa455ee7fa8f27aa,false
XSS-2523,xss,PayloadBox/html5sec,c27355d457d540bcb228fc3cb083bf42a8354df67d6d6b0b7bdf4dba2ae2304b,false
XSS-2524,xss,PayloadBox/html5sec,084ae1eca9d316fe001a8a7297695d8a8f3f3c49fa73557477798d7d55a56494,false
XSS-2525,xss,PayloadBox/html5sec,6cd7e18d08d89c340c4e2a79f28c77cdea34c4d0b2b69aff8f8ca9c183f9e723,false
XSS-2526,xss,PayloadBox/html5sec,5f4621ed5208ea2d135db9b21f3b0f0be498ddea87d1d66cde5bbf582b78ea2f,false
XSS-2527,xss,PayloadBox/html5sec,c03e03dda6827fe4c731e9547c397a42b74def5a7fde70df293c8dc31e063780,false
XSS-2528,xss,PayloadBox/html5sec,4d3d9b6183c62bd6679faa2c30b7b7f704e9066f66deaa7ac7515559523e9787,false
XSS-2529,xss,PayloadBox/html5sec,f65b47612b202066614dff55bce8235d64289c8f1349d3c793f44a239173e1cc,false
XSS-2530,xss,PayloadBox/html5sec,3838396955f992d3a241ebac75f521245608d71c390c959d4e33bf4683916c79,false
XSS-2531,xss,PayloadBox/html5sec,4a07098dfb80af24d35da95f6936b504db898b47f75316771cb5dd55793de6fb,false
XSS-2532,xss,PayloadBox/html5sec,2c9a8bcf08ed3fe6bb7c335852e75cd02f804c082d117b248d197a8c32ed4d1b,false
XSS-2533,xss,PayloadBox/html5sec,8ce407f33deb8e7f53c60cb46ba92850a7ccbd081982ce5e5a7aab7dffd036a0,false
XSS-2534,xss,PayloadBox/html5sec,c65ee6b3de05eb3d7ee5808b6af8e2de9585feec1102f2a9a5ebb93b0b3da136,false
XSS-2535,xss,PayloadBox/html5sec,b96b59d1ee7fc7f2683a259051ccc03bd5890e951de7524de3b0c0239526e37a,false
XSS-2536,xss,PayloadBox/html5sec,673334a68854ddf881ef8d66c58ee85790d87c5e52131c68d8c4e20b2485e55e,false
XSS-2537,xss,PayloadBox/html5sec,0f93e7d8767b1249fc10a1dcbaa315104e7bbd257d3f9ad018186572c028e59f,false
XSS-2538,xss,PayloadBox/html5sec,4521f4981eaee94a9f90fd93821346e5bbd9e08221281e1c4208b1c988d57d69,false
XSS-2539,xss,PayloadBox/html5sec,35195c3480fcb7c9ee44b870716f2b641da8d8d3067a84528039f9ea265d2eb5,false
XSS-2540,xss,PayloadBox/html5sec,c5b6f339af17f93f3c8ca6690262483696bd28080c7a28215a061ea615061401,false
XSS-2541,xss,PayloadBox/html5sec,3e85f8100acb5a590db840a6076e403bd978cf42a16788f3b8ad02ef43bfa3c7,false
XSS-2542,xss,PayloadBox/html5sec,b20ce2bd0581b8d46b613c1823ae4c7ffa98fd4dc64320a3e27493dfd04b2281,false
XSS-2543,xss,PayloadBox/html5sec,86871ac71f9cc44f534308ee3410e5ffd85abd9b5e6638b69e27ca9570cf692b,false
XSS-2544,xss,PayloadBox/html5sec,bfcdf3ac099abbd8c5a0b021a21a9206d4862e80425f3b54eed7dc4694a91a8c,false
XSS-2545,xss,PayloadBox/html5sec,be398e422d9b70df2e71e5396db758d3bc757015f4cf3c066483f7a48bf9916b,false
XSS-2546,xss,PayloadBox/html5sec,d3b02b4850802ce439c3d3893cef2f5b9c97d788296afbb03ec96ddabfea16d2,false
XSS-2547,xss,PayloadBox/html5sec,90d9412a5c62bc38af2f9a25dd342f1e8581cb122be0d6c8af2dacac53c904d9,false
XSS-2548,xss,PayloadBox/html5sec,541815bd6c8624fbcd619289d90fbe4bd7b5589e3aa68350e45927e5a2d710c0,false
XSS-2549,xss,PayloadBox/html5sec,8e74e23bf56d2ae6f59cd119e143d5e44bf9fb3cb1add21b86db8fc40aa6df7c,false
XSS-2550,xss,PayloadBox/html5sec,7f49079013f91f1019bb87a3999ef8aa6fc978f303103a5d08101bf214d1bc77,false
XSS-2551,xss,PayloadBox/html5sec,cf9976dfb3ce98038afca79b8d13fe0320c9dd378db0827cd1aacb06e5ba424a,false
XSS-2552,xss,PayloadBox/html5sec,39e37ef347160be65b61b4b7447178d5e17031a1e1edf085da3090023e1a8ea8,false
XSS-2553,xss,PayloadBox/html5sec,1c92dfc83e5836fb19896dc13cbb36a15e83ef0c68eb9cdfdbe33d167f77209f,false
XSS-2554,xss,PayloadBox/html5sec,c4d6655c251a528ac6680014003bd2a422cfe2644b9039bd11603172d82a4101,false
XSS-2555,xss,PayloadBox/html5sec,85d956fb9a2843d83dc1e4eefbf0bd19da2fc6df31ea9c1f40c4ef435352b813,false
XSS-2556,xss,PayloadBox/html5sec,79a9bc1ff26c266780661203af9c54e3c8c718d8c23aab9ad59f492e84b14c63,false
XSS-2557,xss,PayloadBox/html5sec,cc7781f89204a2eca52f37c5f4cd777c49d70a6c0092cb082204082e18758d00,false
XSS-2558,xss,PayloadBox/html5sec,65af81c7723e6ef472195c154208618610caf779e2f6715637c59029e75b91de,false
XSS-2559,xss,PayloadBox/html5sec,f9b4e43313e55ffdca19bbd4b5ad95e1967936cba32941880d9165265ed2e370,false
XSS-2560,xss,PayloadBox/html5sec,4b2183e30eaffba9dc5acc385852881442a6c8b0f704cbb9d29becd1e796e0c0,false
XSS-2561,xss,PayloadBox/html5sec,71aaa16b991c34d695ce6928c69e945c4a993a54cbbc4f00adf9dfa5631e1750,false
XSS-2562,xss,PayloadBox/html5sec,15b5f78c49aa8273b29de3efd3b3d18f401be6dbee91f076c23c7b2e4fc48daf,false
XSS-2563,xss,PayloadBox/html5sec,95047c7fbc6c9cffab9489db9936f880b6713f68f30435835fcf62d03b492d8a,false
XSS-2564,xss,PayloadBox/html5sec,24d2e1be2cc59b6ad7f7118bd541f6627528232f0b94a2b2bef51799a3d39218,false
XSS-2565,xss,PayloadBox/html5sec,0fe2bb1560e447a13133a8b63a244b10e6b719a9b3c11975672f3cd59e8fa613,false
XSS-2566,xss,PayloadBox/html5sec,9daff487f6a1db5105c3c5c31f56a6c57ce75cee132aa6c55e682fbc850af7dc,false
XSS-2567,xss,PayloadBox/html5sec,2d0a75d81189522beaeeb421046707eefb71d4cccf44cba77876466957340815,false
XSS-2568,xss,PayloadBox/html5sec,37152fcba3eb2872e4026c9ff30103970a31cba09f74a2ccf871423c10bb77aa,false
XSS-2569,xss,PayloadBox/html5sec,fc28c6502914fc6fb315bf12262d3a45c230910ffa471b1e0ec55213a33a6cd0,false
XSS-2570,xss,PayloadBox/html5sec,918f2c775339e468aaaee855dbe93e83cfcba656fed4492daf16a4fa64bb2d94,false
XSS-2571,xss,PayloadBox/html5sec,e034b4fca0d85442b8ee97af5b6d189314407d3b6d6e5449bdcd88df63e768fc,false
XSS-2572,xss,PayloadBox/html5sec,ea7b9678b4084d4cab7550575e37db61179c2015ede0cd907f58ddb8e5676f89,false
XSS-2573,xss,PayloadBox/html5sec,a098e7b33c01322c6ced2f2c76bc1d7f2430812b2b1186a294aeba859afc6575,false
XSS-2574,xss,PayloadBox/html5sec,e94b370d30a2b418644a4913057e6a0f948158b5e5caf391c2847f8c32893be8,false
XSS-2575,xss,PayloadBox/html5sec,198a5e35f5c4b3c87e57d5cac4c23f46fb309d8dd51397b60c63fc52194e9ddc,false
XSS-2576,xss,PayloadBox/html5sec,64b2eca77e8eb54e0d7b45ce4c5c4e899895143900f7b0f54899392e041f9717,false
XSS-2577,xss,PayloadBox/html5sec,e44226708d4de4dc6128107d82a740eec3fd5c8a988b2203ed821cc5f5dfeaa8,false
XSS-2578,xss,PayloadBox/html5sec,d51dfcf03eafd2bbf279eeadbaa80faa01e7da4675038a7fb9d2edfc39517953,false
XSS-2579,xss,PayloadBox/html5sec,a076e783cdfad3a7ead6df4afaa29a3d37cb0ad9263809a9b1c2b4c65dd6eb4e,false
XSS-2580,xss,PayloadBox/html5sec,60078435994f63084b3997e100bd69eba64364379f7d7b40594ffcb76f5af43e,false
XSS-2581,xss,PayloadBox/html5sec,d58965b88828ccdf253a00671878a8fca3bb5d941f00f26ca046353ee3a7ac9d,false
XSS-2582,xss,PayloadBox/html5sec,ec2f2ad82f4b793c9bcba413d408adec8abe303d1697413d302a51f1c8666ce8,false
XSS-2583,xss,PayloadBox/html5sec,eef62b815ef5a1725a98d7b6328342fac4aa98fe0a44d81024797bce32bfc48e,false
XSS-2584,xss,PayloadBox/html5sec,985d5e1c3d8a2fc65ac26d0dd78c5e71448a1b43306a28fff19d8ea9f0403ead,false
XSS-2585,xss,PayloadBox/html5sec,ae8d27a3d725414e363e98166f776a31b627bb249a5e501e67f7bef0ccc0b23e,false
XSS-2586,xss,PayloadBox/html5sec,a0921dab623e106179db4d0e8dbad6216dd0df6dcfc5a1154fc6e6fc09cbab18,false
XSS-2587,xss,PayloadBox/html5sec,dd5ebf2feaa4d9cae4a525a8b7a1829cd323b6d05c8719962edbc72a43dffefa,false
XSS-2588,xss,PayloadBox/html5sec,c478890efddd9884effd6aa03302e48597a73e904026a22bbdc080b94b0c13a9,false
XSS-2589,xss,PayloadBox/html5sec,c4d47e6735bed9b00e1671c60ce58d888d10721b98eebd7d1e0e7d4a145b97a9,false
XSS-2590,xss,PayloadBox/html5sec,dcd6cea1f987339245b2deda0b56d3708ea399a018ed1e54b3f0ef0ab828a813,false
XSS-2591,xss,PayloadBox/html5sec,95d28e5165a52ab53190347ff4d8716e969bcbfd234024793ced3092f634edf2,false
XSS-2592,xss,PayloadBox/html5sec,073605222c05d57909ec236bb537adf0988a7575cba1eb202515fa65bc790cf6,false
XSS-2593,xss,PayloadBox/html5sec,09af801a6b3475a86b4668583c20e9932edb13d18394dc033c9b75779232aa2e,false
XSS-2594,xss,PayloadBox/html5sec,ad463d10d0e1db052614314cf1378fa1999af0109f9507d72694bb40726cc8b2,false
XSS-2595,xss,PayloadBox/html5sec,3c2be883d448cf1dd53f954492c68d9f179e63d234bb95c45369971e55fc6193,false
XSS-2596,xss,PayloadBox/html5sec,15e073874fb643a2a187e48ea53c146aa33557341d458220eed73e691464d329,false
XSS-2597,xss,PayloadBox/html5sec,06af123714778af829d01f238d37e2e32092417ccaf7364c0db49a3c05812faa,false
XSS-2598,xss,PayloadBox/html5sec,1cb210e1bba50ae1f30d5be2389af16a06ac925004de6c998eb227e611707141,false
XSS-2599,xss,PayloadBox/html5sec,3040383b47eeb49216aa07b978d00f593ec4da1481d61adadc1c1beba79a7c20,false
XSS-2600,xss,PayloadBox/html5sec,c609aa62ad3a755495f615d866fede93f179c7afa789c7d84f0f7d11bb00d992,false
XSS-2601,xss,PayloadBox/html5sec,d4b5f55a14dd7fcecf65e6e3abbf71dc7e26b828a1bc3ba676c6f8eed91ba643,false
XSS-2602,xss,PayloadBox/html5sec,5da24f96f9a1d7fca3259af806774b83b2e924401c6dd097101b1092c00aacf2,false
XSS-2603,xss,PayloadBox/html5sec,55d5e6f2a56b1bee6c82a0afd491f4c988d78a66fe4ee0b75646e5cae2a7e8cb,false
XSS-2604,xss,PayloadBox/html5sec,17cdd59160bc7a220eeeb89d5eec33998986dbee3a409ae3d839944d2f7b009b,false
XSS-2605,xss,PayloadBox/html5sec,f8cb5898e9e7f8e8a947afd6dd365229cc7366e759dcf9053a8bf002d13c69e3,false
XSS-2606,xss,PayloadBox/html5sec,8addd9f92aa07596cc2c2f7538e8caedc44677f0cc91fdcb7f1d8c226af9be9f,false
XSS-2607,xss,PayloadBox/html5sec,6776fec054206f1602198aa187a7cc8d485e94bf467706f5d18416f7b840f41e,false
XSS-2608,xss,PayloadBox/html5sec,d49b7bfe741f5971ca053c3d713ea35283b399cf17383f11e22018d47ac0660d,false
XSS-2609,xss,PayloadBox/html5sec,b4ce5c7291e28cbffccdfddebe8ad6e722850fea8d5debd52ed0d04797fabaf1,false
XSS-2610,xss,PayloadBox/html5sec,6a1984be1b4a0ecec1706039ced4fd7945f267f9b5b802f4651a69abf7a59330,false
XSS-2611,xss,PayloadBox/html5sec,1bc458aec870aace42b06d295add200d4ce3af21da534a7c3b47b4ce62f1dff9,false
XSS-2612,xss,PayloadBox/html5sec,865bd929e65f2fd535f156c15b85185efd699c6217b8c294ff7f5fff0d14dde9,false
XSS-2613,xss,PayloadBox/html5sec,a57b55e0941442858a959a5f5b287ea02e0bf7fdc70bf3cbbafb5dadcfc79cab,false
XSS-2614,xss,PayloadBox/html5sec,418b4265bd3da7758e591f6322db50befdf78cab71213e2985f317e8fc5306a1,false
XSS-2615,xss,PayloadBox/html5sec,881166b01d7857f8b1a957a5fd346f14f9d679d5a76ed76d4b967394c0091ba6,false
XSS-2616,xss,PayloadBox/html5sec,af8922fca86de4cc1e7b2017bea1bda11cbd8b25be3ac5d62a878792b41ba7fe,false
XSS-2617,xss,PayloadBox/html5sec,b16f4f10e5605c0b624bf55b1aded13b6e36be5b005b6f09c40c8de5db1e39cc,false
XSS-2618,xss,PayloadBox/html5sec,160e9fa5af397e69184ccc4afe5fd1ab7e2fa1cccbf21ff8ea76d025c78136ce,false
XSS-2619,xss,PayloadBox/html5sec,d9e458fa3ee5f70cb1966ceb3ab6aa9a141166ebb46055e29e9fe149c5330833,false
XSS-2620,xss,PayloadBox/html5sec,31fa52b22003ddcbe0da581809e02c18a91f3c36e3c24c3311ab527096350dd5,false
XSS-2621,xss,PayloadBox/html5sec,1f9ae79cb980eb73c5f2c485165cb6a0738a7ff84e645148d1455d505cd45798,false
XSS-2622,xss,PayloadBox/html5sec,50406e69f2494fcb4d43fb52605a54c97eb8937666ba8c40083c748832bbd0b8,false
XSS-2623,xss,PayloadBox/html5sec,a295ba72588481be6606e87fc7fe3d584d75213a6b6579fc3d7c5b95b4a5f2a6,false
XSS-2624,xss,PayloadBox/html5sec,c41020d4bb22fc56cb693a71f5205aae3b68b849a0b308eb652d5267e72ccd98,false
XSS-2625,xss,PayloadBox/html5sec,e66724e04abce53715d8ad94b9d1d9593d9c1cf2195d559d528eab2ddd1ad819,false
XSS-2626,xss,PayloadBox/html5sec,5e668a8d10cca29700e41f459f0f00bb1dd6132044c77f0f098450380084f830,false
XSS-2627,xss,PayloadBox/html5sec,e0bc9c3be5d248f57d9c88652d5fd32b5da4699ccb7f5b5192f4fae8217681ea,false
XSS-2628,xss,PayloadBox/html5sec,36a791146e19159ef854b26631249f2cefa827835d460bfb63bfb18091ce0e07,false
XSS-2629,xss,PayloadBox/html5sec,053cbce23668dcbd1d858249d2990d9d2140326b95acca21a5be4dfaab87eb44,false
XSS-2630,xss,PayloadBox/html5sec,242d3f2ac8f121d9853281aa95f10a515d82153169ab23ee448dedf14bd0e741,false
XSS-2631,xss,PayloadBox/html5sec,84ca216fdb3a635a873cffc8b77ca3f9886e42e4bdd78698ff6c617655c121ed,false
XSS-2632,xss,PayloadBox/html5sec,bab7fc60991594918835eb45f91b100a2d990e2bc4b08cbfc4810f25e1bf944f,false
XSS-2633,xss,PayloadBox/html5sec,d8104dd77f3be636e46dabe67c178584c86102beeb6a5690d82746f7abfa278c,false
XSS-2634,xss,PayloadBox/html5sec,6d9e27b6595bb98e35029d46f2e0853ffcd9cee3b9a6e15e413ff3aa69c1ddf7,false
XSS-2635,xss,PayloadBox/html5sec,63fab0a22e60fd8bb7906d7bdcb36de95c46e49c2a30473bc40e2230ae5a25b0,false
XSS-2636,xss,PayloadBox/html5sec,1de1fcbc34cc91f0314d1378ab61670261ae68ad2762162cce763bf94b9ca289,false
XSS-2637,xss,PayloadBox/html5sec,96748af2fc0371cdce4db4c61bc8b46758988b85433eed02a79f2f9e5f472864,false
XSS-2638,xss,PayloadBox/html5sec,272401e52cde2132991354e1cbf2e84e7803fa063e078959570fdd3725dea24b,false
XSS-2639,xss,PayloadBox/html5sec,1daa9b293725fcfbfb86f4b7cd205e8b0a2152b19bb9b696f832f60e7d96130d,false
XSS-2640,xss,PayloadBox/html5sec,2a8756eff1ce536fe66c9f22df7686197e081ae645b4d5ae58fdf5b704f3235d,false
XSS-2641,xss,PayloadBox/html5sec,61f3f5f652aec0566cbe1f1b2cdc58d4527375e5d74a96d8552445a8e055a385,false
XSS-2642,xss,PayloadBox/html5sec,c382edacfe4a459d0a8988564b2a8a20430f010cabe967e06d97ab642099af50,false
XSS-2643,xss,PayloadBox/html5sec,4d337c0d656b91c788f59f4f84b23ddf54a3c80dbea6561d357e5298a87a6e4d,false
XSS-2644,xss,PayloadBox/html5sec,53eb0a2576ab7e9e86bdbf68a60fcdb10d6a0e0f5dc465239241b03cd433e2a8,false
XSS-2645,xss,PayloadBox/html5sec,046e5dd3d1fb352696c5ca4ee65304e882e61e4cd6a60b609164a366f154332d,false
XSS-2646,xss,PayloadBox/html5sec,2823b654a201d2213571651723f0c1b5227b940c97b0139c66706375a49042b7,false
XSS-2647,xss,PayloadBox/html5sec,de4f5c5b98be01f05da09b4b83a58b2064d4abdb6b474948cc8d9c892a5ba8c6,false
XSS-2648,xss,PayloadBox/html5sec,ab65c0b6e8403f10b32ee8c38715fcd912a6f8950a2371185cc390c2ec1f667d,false
XSS-2649,xss,PayloadBox/html5sec,fa35aded19e08b5557230910fd892eb5a39b496c986c2a178c76b37923260236,false
XSS-2650,xss,PayloadBox/html5sec,bdfd8e139b2de3dcf5594d4146a39d6865f07fc612f76159f95d73877c2fa9b7,false
XSS-2651,xss,PayloadBox/html5sec,344e27371c78cc41a6d84a1f6284d7460cf997c20dd3f0fd3906611482e4aad0,false
XSS-2652,xss,PayloadBox/html5sec,9b90aef5d21bfc2803509c1a350a976d2d13a8d601a6fb76fae72109a1cecc5b,false
XSS-2653,xss,PayloadBox/html5sec,de769b1df06e376efd089f73fe0e6439195f4c7c774f7bc2c312ea4cd6aa56aa,false
XSS-2654,xss,PayloadBox/html5sec,c5a8a96297e920cf266c7533c3de3ff0d9fa248cd2da0d5e194d4e7695219526,false
XSS-2655,xss,PayloadBox/html5sec,2bef77f08c53fab17ff4227f67fb9b42fb652b0416554c2e82bdf845a4e26b43,false
XSS-2656,xss,PayloadBox/html5sec,8b8dfd8ccb81b730eb378be4a0993e62f98a830fe6f3fbe641010db289292820,false
XSS-2657,xss,PayloadBox/html5sec,10a8ee0cc7258382071556f6d01e4e932e68047ea64f16e979a8c366c1874830,false
XSS-2658,xss,PayloadBox/html5sec,b175b5c09ee44555a1e3cd50eedf976d4281f8ff644c1e5050432925e0ffe43f,false
XSS-2659,xss,PayloadBox/html5sec,56af9454dea2e897c1908b7754dee569ba488ff7b1458e26ecb061e8891b263b,false
XSS-2660,xss,PayloadBox/html5sec,67ab5fee2f96479416e02dc4bac30a360d47814251c1efc1b98ddba6c8097019,false
XSS-2661,xss,PayloadBox/html5sec,808cae44d3696bc6e9f851e58ec2689879d1ae5e1f71412104cf2c0b7e99e6cc,false
XSS-2662,xss,PayloadBox/html5sec,200d5d6c34dbb87db6c9df9fa7d068fa7896054079bcc400d4574f836fe343b0,false
XSS-2663,xss,PayloadBox/html5sec,ae16c9382d7e46f4dfd14964efac1d6c867113ff9833b73e0b0ae2f88ded7f7e,false
XSS-2664,xss,PayloadBox/html5sec,97639f99488eac5b7b6159eae878ea5f0d14b3b057d7dbd5e4d273969aad1004,false
XSS-2665,xss,PayloadBox/html5sec,87cb200762fa9ce0b84a1e90c638e7c1abc0475c4d1b32b029c022ba9c869e24,false
XSS-2666,xss,PayloadBox/html5sec,44aa3c53322c81d5277b88a4c5470e3679311a0e662c58359ed0916631dc763a,false
XSS-2667,xss,PayloadBox/html5sec,a5f1425317b9f148c6504e1a34f36461ffd678335386e6978d0cc59d14260e6c,false
XSS-2668,xss,PayloadBox/html5sec,d7f32a4f8affdca3b1d07f0c934187d36bc30de231800eea4b4b9bed0afc3382,false
XSS-2669,xss,PayloadBox/html5sec,36e4517bdc9adc750dd2a9e2a800431beddf34f644ccd048035c47d2aa2fb9a5,false
XSS-2670,xss,PayloadBox/html5sec,c895b4f89420eb898b4afd0131334a73b594ebe0ee935d7709eb85eb049a9e79,false
XSS-2671,xss,PayloadBox/html5sec,1a5ba07509354305f4c59c6cca1601cfa2a2fe37acef3812a5dc1e88bd9eac2d,false
XSS-2672,xss,PayloadBox/html5sec,81f9ca5ada9adde3d36b6c42717a7766a3673abf91b6376da12ccf637a3aadc0,false
XSS-2673,xss,PayloadBox/html5sec,ec5e81921aa020a7b12d51e5ebd4a4ef7ab1dc96e984c352f410c22ff4bbf04b,false
XSS-2674,xss,PayloadBox/html5sec,0919ba11eb2f7b76819da8fadc1b40422c8dc94858736bcbf3aaf8e073ffc92d,false
XSS-2675,xss,PayloadBox/html5sec,2a260d9c1754f406bf7079949b502353cc2113292cc9515f09a26d022b9e7808,false
XSS-2676,xss,PayloadBox/html5sec,ca510f45184fafcf66c0a91b3464710d44f27d598526f8cec25cae63d3635806,false
XSS-2677,xss,PayloadBox/html5sec,4f6c12e5cddd5fe5b579dc5dc9578be8bbd6dd635518aeb531aa4bacd3f6aa03,false
XSS-2678,xss,PayloadBox/html5sec,f1b4fb430e1f979972da0aceb3b92f4b23c74832846a540ca7a7550518181b83,false
XSS-2679,xss,PayloadBox/html5sec,dbd10d58f6445cde485d0f8b78218dd313f78a27a17fed25f8f2c04c1670db1a,false
XSS-2680,xss,PayloadBox/html5sec,75df20d4add72ab98787b18a30e2103834ee76c333180ad61023faa621f90e6f,false
XSS-2681,xss,PayloadBox/html5sec,6f83580845c8ad46b4bee0e8f76f1df0a0cab46b83db1bdda0aa630c7bc9068c,false
XSS-2682,xss,PayloadBox/html5sec,0c198635bc9ac83417d08ff50365952b9eeaf0c2412cb255175d9be89217eb77,false
XSS-2683,xss,PayloadBox/html5sec,5c1126e83c44ba3aa33f2f6e00767f67b476a7e7973de3464db418ebd35462fa,false
XSS-2684,xss,PayloadBox/html5sec,c4035620dacdbe52063208801873fba71f090a6dbc9da201c15be585eaae490a,false
XSS-2685,xss,PayloadBox/html5sec,3399ad78b49b4d7b12174a9c8ea3bc305908b72a514ddf58cb741558a17ea247,false
XSS-2686,xss,PayloadBox/html5sec,cbc879965f1bd1912df98b6fba39eaa9bc9c93c7ec67045e22343367d358263c,false
XSS-2687,xss,PayloadBox/html5sec,433511b3530a987337752288da3a3bd2807bfda8cd20b99d189a2078196f733c,false
XSS-2688,xss,PayloadBox/html5sec,3409db1fb8c0d5b4fbc6a5a53961147b08cd5188a0d94e3cae267799ad817f40,false
XSS-2689,xss,PayloadBox/html5sec,6083774c014686ef0ad1c65dd00aedd276cdbd1d4850ca6cb506ceab00ee1bc8,false
XSS-2690,xss,PayloadBox/html5sec,a2b1fc0c8d5546f8586a0b7b148d76be898a7675e6a4bd546686e98bc404d127,false
XSS-2691,xss,PayloadBox/html5sec,dedbdf1d410eb26bc1580c2026f66f5707fb6f42801a8fc5f2933a151f45c2cf,false
XSS-2692,xss,PayloadBox/html5sec,06bd22e2287d38fd347911fc09124906dc028fb00199a8ad8c4a5210db697d98,false
XSS-2693,xss,PayloadBox/html5sec,257cc1d31fd83b6568c7e1c9bad73a15e7dd0d37dee434b796235e0a7da00cfb,false
XSS-2694,xss,PayloadBox/html5sec,c9ec1c213587c1b67c4ccafa2fd047b1beaabf42fcac57d033b9e7a9c5e26690,false
XSS-2695,xss,PayloadBox/html5sec,1f3bc944c74de000cc5067f6b5d171aadf0ff2fdc6d354f69fd0c0ba00007db7,false
XSS-2696,xss,PayloadBox/html5sec,2baa6092f50acf42df4bde0eebce4c7eefdc81aaf3500156c0c4b03b878371f8,false
XSS-2697,xss,PayloadBox/html5sec,c86bee59ae84a79b5a48714a9b2d99e7d5df28a70d62b41d2c59035c84eb0b50,false
XSS-2698,xss,PayloadBox/html5sec,71dec87945f71a1bd5a846fe127e8155c7b8021d7871e20891a3e2fc625ef564,false
XSS-2699,xss,PayloadBox/html5sec,b3cd942ce70b52319eb89a3c6eb241b03f1737d0fe701165aeca26f9a9c791e6,false
XSS-2700,xss,PayloadBox/html5sec,c9ccb81da05fb8ad6079d43a1f0296cd639d0297ec64671c42b976e9355e4b1f,false
XSS-2701,xss,PayloadBox/html5sec,d081cc54f61c59f9386fa28e12f466a5a2d5f2956ccbf018fdf9c82efba11dfc,false
XSS-2702,xss,PayloadBox/html5sec,612b0872d4b3397fed76ba34d33c0377eafb53cd6de23436974ad33a316b0423,false
XSS-2703,xss,PayloadBox/html5sec,ac54d18aa3ed2bb2d886ef00d99e2de34e625bccc976b7f5963a935d5065d5d1,false
XSS-2704,xss,PayloadBox/html5sec,ff0cdf866d3164e542b30fe097c2cb3fddee9e4e7c6026a8da332cdca5aa71a2,false
XSS-2705,xss,PayloadBox/html5sec,63f55465b6af0b7094c861ec980b396d0505804d018f5c3755c0ab0d73e6ec99,false
XSS-2706,xss,PayloadBox/html5sec,1ce8dff4208a867926c9ead83ed6351b674733457fa58b8f1c5f02242edb03e2,false
XSS-2707,xss,PayloadBox/html5sec,b3cf19d4b71461747f6df1786a4d34ac58869735dd7944a083f4f4049b2a1c49,false
XSS-2708,xss,PayloadBox/html5sec,3d6cc7fed9f0f24a5b6fddc7980cb4280fd1cb82a7ae6c014418ed38558fda76,false
XSS-2709,xss,PayloadBox/html5sec,e8bdfddcf70afa7f367209fe5afef468721f0e5a2270ab5148585c4b0507a18f,false
XSS-2710,xss,PayloadBox/html5sec,36ef5f0d2e4284c62bee34f1d5666b687a4e81e375f45865bf575c48b7616126,false
XSS-2711,xss,PayloadBox/html5sec,81ef684b11463d02feea4212e134ee86c80f3826998f3c3c34e3f96e25ea3acc,false
XSS-2712,xss,PayloadBox/html5sec,62b8264d542d67d5a94b921fc3362b6e3f8588151f956c968984f81b02257039,false
XSS-2713,xss,PayloadBox/html5sec,2e4b9a7abe6a27297160a23d7d7cfd9434aead3e7191af44b27ebd4b9d2fbfcc,false
XSS-2714,xss,PayloadBox/html5sec,0ad8db32d9cb514eb36a5d8337ba2327aeec2037d970b6b07e828fe3c9287eec,false
XSS-2715,xss,PayloadBox/html5sec,bf5a8eaa18fe2232fdbb203cf99c51cdb0403a6907fc7161bd6b2ec72ed2ce92,false
XSS-2716,xss,PayloadBox/html5sec,e91074cb2fa514616a71494baba4cd3eef18cfd16e31153bd671193f0f615163,false
XSS-2717,xss,PayloadBox/html5sec,e8aee39d79a9e94bec206bde9e72c01a1f326b72256738103350d96c87c1df83,false
XSS-2718,xss,PayloadBox/html5sec,fa748c7979ae05fe7d5116072e4b5cdf1ea493142eeb753ce09c4aed61b79954,false
XSS-2719,xss,PayloadBox/html5sec,07e651d0d75d0615f503aa83ecde45d318eadc6ce389c1996a8b587a52614497,false
XSS-2720,xss,PayloadBox/html5sec,0191e99e231baff3e5f5d222b8a50e90e5a34cc5a34e88466c6380e003467351,false
XSS-2721,xss,PayloadBox/html5sec,ceb1678d858ff0fd3c306df755e45f4488f1e8369e724a79d7369722fc46dc12,false
XSS-2722,xss,PayloadBox/html5sec,a443af0b223a4a85ada78c968a6a2a90d055260eb4081febf3b2ab4dec903f5c,false
XSS-2723,xss,PayloadBox/html5sec,6dfea8c631e4a08887bd92408515bb4e414ccd8e3d75789cff9082d545e4cf22,false
XSS-2724,xss,PayloadBox/html5sec,dd7c7403f378abcf438a12147e7b33d826bae9fcec0746e3ee4712168c0f0cab,false
XSS-2725,xss,PayloadBox/html5sec,733391f6dd32c533bb886053f63d9df6cc1e95c06b6f5efc74ee8ef7b9f2d6e7,false
XSS-2726,xss,PayloadBox/html5sec,19059a1eef22ad5b6cee731c4c475e9e2e7dc90fb22cdb6045b619cd2c0c179d,false
XSS-2727,xss,PayloadBox/html5sec,5713cf6dc63bdb2e6513e1f6e1ab2adfa361c1b77ab8c0f3fde7b5b9a163f1b4,false
XSS-2728,xss,PayloadBox/html5sec,1c53057dea791cae5d57cf433217eddae1e3a715c01a57c4a735d75a3a59d5e2,false
XSS-2729,xss,PayloadBox/html5sec,95de3eaaa949e87c9130ebd5d6f756c49485209cc1043690f834032d03fc104b,false
XSS-2730,xss,PayloadBox/html5sec,9382709d84977a11e1b8680cff20228108f8e3f62454f48066a1ac02a1acaba5,false
XSS-2731,xss,PayloadBox/html5sec,72a6660a7df4628e62b5abd421c565d37e7228a6efcab5805ebddcd8690fe96a,false
XSS-2732,xss,PayloadBox/html5sec,fb271d73b044983f77843609080416133b8f6a2c1dd8e17ed88592c097def850,false
XSS-2733,xss,PayloadBox/html5sec,0620b5b38c47cc71c1b0323b31d544654a4044fa2f5247f2e9306d88d72c83da,false
XSS-2734,xss,PayloadBox/html5sec,cdaf1d7ab57607db6e207b54ae3e8a1775b3200137088f4a9e1bf96ea7a94051,false
XSS-2735,xss,PayloadBox/html5sec,7d5845c101ed0ba4f260f22d5105905d547d6bc7320c1c0da3f17973adcfd359,false
XSS-2736,xss,PayloadBox/html5sec,6f6d3854542dbe25b8f3d3037b99e2b673b9532ddd8bcaa5eafa20f22b9eed0b,false
XSS-2737,xss,PayloadBox/html5sec,79e41bf972c764ba071f915041924708c10a9787779bc6591358c5c1f58186fc,false
XSS-2738,xss,PayloadBox/html5sec,d8e468cca62ddf4afdc4daa633d26c3547b94da47111ae1a676b063f15cdecd9,false
XSS-2739,xss,PayloadBox/html5sec,232c1a4b1f02fadbd1da8d704c77ab8882f7afea995860735d848e64cd54b700,false
XSS-2740,xss,PayloadBox/html5sec,cb7526891743a3873f32e5acf8563b9a1fd20459f63ffd8ac9723a99a204485c,false
XSS-2741,xss,PayloadBox/html5sec,e66bdd755a8c8c258850c3523117faf7a90f8579fa0c438d55d3978d9c0f6ee9,false
XSS-2742,xss,PayloadBox/html5sec,1f1c48ea47596e98cfd67b03e98599fea57b5a3c35af91921fb2630ebf94175f,false
XSS-2743,xss,PayloadBox/html5sec,75a48f8cac1e3865f37f95abc04dcc7efed3f63e7c14d1f04fd40ec664aa499c,false
XSS-2744,xss,PayloadBox/html5sec,21c0ff5854dcdb7ff9ed5fde6f72ec974e7c9d0751b16b7f4335bb12a6ed4249,false
XSS-2745,xss,PayloadBox/html5sec,1ba03daf35833b31becb8ed583e7b425b57112b9b9279f0dcdb27cee6de28688,false
XSS-2746,xss,PayloadBox/html5sec,82650fed49b9d0644a97338cd064225239a0d1e6d943657433cc5da95c3242c4,false
XSS-2747,xss,PayloadBox/html5sec,b6c07dcbd930dc0cc07b68a6598318a370ea2f6a3ae8c372415bfd2bf79be442,false
XSS-2748,xss,PayloadBox/html5sec,27fb69e1c0c1fcff8490d0a135cd6c5921ede79de8514b50d012a2144864e9bd,false
XSS-2749,xss,PayloadBox/html5sec,e9a110ad3c92fdc2510b1c95cb8fb399bb023b9d03298b4edfde0436a341292d,false
XSS-2750,xss,PayloadBox/html5sec,7a333034d66b7da8e391a99bbcbbbcab1348af58b6a18496a3d8f513bd9d2942,false
XSS-2751,xss,PayloadBox/html5sec,c68ae8b0349f8c150a74f0babe29936a2c0fe56cff209d6e5d11678d0db081e6,false
XSS-2752,xss,PayloadBox/html5sec,0edf12cd5891b4c986d9344ecf08ad627b3183d02bfad6478b09bb7f86c45f58,false
XSS-2753,xss,PayloadBox/html5sec,f7d1dc6e021137601f3d89d62abd90563c0aeffad857fa01b84e315788e29841,false
XSS-2754,xss,PayloadBox/html5sec,b84ae057963b996b2240e2564a73783ebe2eca955bf8f176bad0abc50d1cebc8,false
XSS-2755,xss,PayloadBox/html5sec,de6fcc209b755b3c632ca357f26836bf5dee0e336afd131c84830fc5d4963d0d,false
XSS-2756,xss,PayloadBox/html5sec,f87ac44da94bf4bca704d3f4ca2319ceecaf064e37774b814fc93532e6ed0ec3,false
XSS-2757,xss,PayloadBox/html5sec,7e206b46d41eec08472c1c7938afe115bfaea3eabc096740fbf82e14a2fbe4a2,false
XSS-2758,xss,PayloadBox/html5sec,758e856e94ad78e39a89b3a1f35908ce7d708a87dbd83bc06a71b0bf058af367,false
XSS-2759,xss,PayloadBox/html5sec,5c3d90bdd373839fe5941fcad990bc585fd31abb8ab61f179d52fb9f7f990b76,false
XSS-2760,xss,PayloadBox/html5sec,e3c8b94f7d2a6fcf642288c3b0c7ea8eb59178a14d36e45991c16942d42c390f,false
XSS-2761,xss,PayloadBox/html5sec,76c4de4f8c1ab67354781059913907284c5513d3379d97d82384007c9b4a64c7,false
XSS-2762,xss,PayloadBox/html5sec,e4a1a25c3839878c82aa378cc632eebf36376bfb9a5fd1bde60ca4ba4535d0ed,false
XSS-2763,xss,PayloadBox/html5sec,d56406ca9851202d0cb0b66e7046d7aeae5c19ecf5dc5b4b1005451e69688baa,false
XSS-2764,xss,PayloadBox/html5sec,b194958db700962f880348f04081f9561c04666c26f6ac1895f7d4058a3f4e9e,false
XSS-2765,xss,PayloadBox/html5sec,999ad6aa924f248ccbc20e5e18731fbf219a3ce760f59cf03ddea5dddc0a94b7,false
XSS-2766,xss,PayloadBox/html5sec,9f8e26fdefb27cd0c32060b6bdbf1375bd7a3ff34c9e0931bdff8d863a0f1b77,false
XSS-2767,xss,PayloadBox/html5sec,d052c7438d37026a0405dccbd12cfa7edc8daa4fc6c39d4499d27ec2b0f54df6,false
XSS-2768,xss,PayloadBox/html5sec,2d99b8267bbf49fe80c310a00ed5c52d57263b1e774eb6f992e8eac6c7bb80a3,false
XSS-2769,xss,PayloadBox/html5sec,6c0d8bce2553561fe3e9a1b12e60b3458a26aa686f68a10a21d9e995da0bf982,false
XSS-2770,xss,PayloadBox/html5sec,6496f44d05f25c1988731b10fad6c8f4380f0358884efcaa0e4d7188bc40ad61,false
XSS-2771,xss,PayloadBox/html5sec,4ffc8676c31a46323c34850b69c2066812df019b444e54bb6f5c53a735a53a08,false
XSS-2772,xss,PayloadBox/html5sec,559bf068823f82c2bc211f2e4896870350b17337ab5a50f1b884090dbc835cde,false
XSS-2773,xss,PayloadBox/html5sec,d6f2b760011ac824bdbad9a708a97fc4897d6bfd06d5efdf910d67693dc76d79,false
XSS-2774,xss,PayloadBox/html5sec,44c7473a05a3d46684e73974b19044edae5a4a3ac38f4ff4893ee94e608c298c,false
XSS-2775,xss,PayloadBox/html5sec,39dd6a3e4809a9e4e535c7d1a364f657c3eac1ec195af8027f8c194981457b28,false
XSS-2776,xss,PayloadBox/html5sec,2636f3ad83e4fedfe0cf52dae208d9937eaf4488db115ebf3b720d87e930d380,false
XSS-2777,xss,PayloadBox/html5sec,0ffb326a27cf3232f3a16a4c97393bf5cc3b2ace9e89368d411d1de01c0d1596,false
XSS-2778,xss,PayloadBox/html5sec,b3ff851d9748238c0442ce7d98798351350c9538d122cb8e886a61269c67a4ce,false
XSS-2779,xss,PayloadBox/html5sec,44d2b5777c2d9bf5a5f88b60044ad150d2284db6fad40fc78827d0ffd0d1131b,false
XSS-2780,xss,PayloadBox/html5sec,56cb7322cba6d7a697c2daf5e2315d09172ae3705eca5a5b24bc4ca8ae7edede,false
XSS-2781,xss,PayloadBox/html5sec,52f115cd319456b8a90dcaf80d2028e0f0bdf156bfd5287a47729c122f17574a,false
XSS-2782,xss,PayloadBox/html5sec,17d0a0561457d1aeed4303220bb820152737db78434f61fa59503a7a7cf54517,false
XSS-2783,xss,PayloadBox/html5sec,6e16273c3097588d1c448ceac454a55ace9992a7641bdee105483a37c914e116,false
XSS-2784,xss,PayloadBox/html5sec,99a88ac5da0a25fab3f52174adf295c214c0781d3956dd73e5d321e4b9a15233,false
XSS-2785,xss,PayloadBox/html5sec,3e05280bdd0d00779fb60e4212fd211a1ec66f01ddf92bf8c6b41d011d8adc57,false
XSS-2786,xss,PayloadBox/html5sec,e014972ee673e8360c9b5f6d849fc3baa76eaa8cced98cb3143fbd3cd98d22b3,false
XSS-2787,xss,PayloadBox/html5sec,b1eedb7272c3757f249a41872dbc14d14db1988a6c45ae1d5f369e864bef6a06,false
XSS-2788,xss,PayloadBox/html5sec,d82a1268d0900b82e6d9fd956d3888c658d8fee3b2e7a73384c5020d220d5258,false
XSS-2789,xss,PayloadBox/html5sec,89215d8bc43072f52896b8bf8637c31372e00e8ea828016e6a77b08fd397efa0,false
XSS-2790,xss,PayloadBox/html5sec,19add24c231d50a3c1d2374e3f24d0447d503f00eb670ade0968c661ddd717b5,false
XSS-2791,xss,PayloadBox/html5sec,e3d40e85b5e14b175490a0073bfcc86e310a83e6de4d0ec3b527e9b58465274b,false
XSS-2792,xss,PayloadBox/html5sec,6ec618bf9cb07217475b2072c11876e382aaf4876875942770967521e736c314,false
XSS-2793,xss,PayloadBox/html5sec,d39e42e3078758ab6d4969c95034c892845e267e2315aab4b52b447f8a4db548,false
XSS-2794,xss,PayloadBox/html5sec,0e3995e04b44a72b372e7701ba2238e26443b8d4ffacb5f9e7320b06a93e4d8e,false
XSS-2795,xss,PayloadBox/html5sec,c9900fe358ea709c8314858cf4db865ff8fc5a079ddbd7589b2a16224e8051a3,false
XSS-2796,xss,PayloadBox/html5sec,91d0bca81c3cc2b0131fb03b61412e8fd7cd161b21a774eb611e897ffc3561fc,false
XSS-2797,xss,PayloadBox/html5sec,9459be9bd5f183a71152e51cd963ed648f4e01e0b27617b68c9a23dd00c16a26,false
XSS-2798,xss,PayloadBox/html5sec,7c077b70beadaa40033c912cfdf80088879ac861be1c57d562d8e75c21c98252,false
XSS-2799,xss,PayloadBox/html5sec,022a91ab721af57cc536f9452105c36764708b902fe5f44a792d0b3409fb498e,false
XSS-2800,xss,PayloadBox/html5sec,9dce72b04fb7eae65d8a473603a0866ff3ba9a5d9d6c35aa5e1570bbc8b6a3bb,false
XSS-2801,xss,PayloadBox/html5sec,7052950e242d255f00f99dbf097e1e36e157e9ea30534b6603b2b9a6c1ad61c4,false
XSS-2802,xss,PayloadBox/html5sec,f5ea9dbe349b161c79122b1db025af70cd990e9fb9225754dada96e0a021093c,false
XSS-2803,xss,PayloadBox/html5sec,af8346fa13713c58a2968ff75acae84119b26167214f67f2ee4a4915d771e9da,false
XSS-2804,xss,PayloadBox/html5sec,bb213b9ac8a065ceee66d232dd41659060b971aa16c8454f609ce66e199f9d8d,false
XSS-2805,xss,PayloadBox/html5sec,512cb85d3d73738b57fd05ee4f0a2212f439c3cef4581237055c3870d47ed313,false
XSS-2806,xss,PayloadBox/html5sec,d19d91187b9185add60f7832102ba7ffde079095e76285bdecc31177acd79579,false
XSS-2807,xss,PayloadBox/html5sec,a110c4f180f122ab71085c703a4d233820fbe5208bcce85f838b42c5990d397e,false
XSS-2808,xss,PayloadBox/html5sec,c8c3a10578b28187db8caff380d7dd3de693303669d50af1fe7e02f896068fa8,false
XSS-2809,xss,PayloadBox/html5sec,c0d9f724e99afad028c1f3577c4bd4765c0e18050f84b47eb6c9c08bbbea67a0,false
XSS-2810,xss,PayloadBox/html5sec,82774b524ff7bac5f8a4a1ffbf73e43e5fba0afe2fe77fbf37bcf53c9a5815e3,false
XSS-2811,xss,PayloadBox/html5sec,9b40c11ac4b625362430528a0c608f3410bf27c21f755a869e560d6ff2ba90e1,false
XSS-2812,xss,PayloadBox/html5sec,196e339b6fb7d9de29caa7d2453170163ed84e49e269c9cd40d215a8e6d5e215,false
XSS-2813,xss,PayloadBox/html5sec,335ff340de50d6d7db7b39c459e09011735f76ec1c7a8fa8b68b5706262d2fd9,false
XSS-2814,xss,PayloadBox/html5sec,97d7f69fba8873c9211610381c070d22ad2113b4844176eb86c946e9f92b88dd,false
XSS-2815,xss,PayloadBox/html5sec,ca844ba9aac560de20e4a4d0d698be4ae8b49a02e53467a1cbe4ce4316013659,false
XSS-2816,xss,PayloadBox/html5sec,eba3c9aa7b381a387d08073e60861cfd14582276202571e5ff2719ffe2743a8f,false
XSS-2817,xss,PayloadBox/html5sec,d9f76a486aba4408ecb3627538823a7c370ec2bea1f6522b9ab13e507c79460b,false
XSS-2818,xss,PayloadBox/html5sec,83fc227ad51ad21d4ec2dd6f52eb42f86b23e47e10e37c4ba407d587f46d0ded,false
XSS-2819,xss,PayloadBox/html5sec,08eb403d373f55e12e9fe86c593d572b45a277c1e920f7a683746845fdb433f2,false
XSS-2820,xss,PayloadBox/html5sec,3dbc441ab2bbf608b500cf6a6507886bc73a630799921a88e1a9d6c0575bd833,false
XSS-2821,xss,PayloadBox/html5sec,47caf76a98ad84fc11ec22ffeeb23191f38f2efb99717b605310d10fa23f3be8,false
XSS-2822,xss,PayloadBox/html5sec,4b6d73b695b932ea90240bd51a3daf279d27849dd4a0fe8b08e554062e494816,false
XSS-2823,xss,PayloadBox/html5sec,5432270f7c3fc6e3e5408d2bb68911507260ea250d082c91f7094bb092fb889c,false
XSS-2824,xss,PayloadBox/html5sec,54b82267f81cb5e0c8ac4405c4a36474de9047bd873ac72c3366143c002ad596,false
XSS-2825,xss,PayloadBox/html5sec,fb404baa5ebdc4aa37b1c40853781208e6fbfcb753f90b00abb727b5eb755388,false
XSS-2826,xss,PayloadBox/html5sec,cf5f27804040f8244dbc2ed5ad6da525cc57837e995911f3a35f0d4b09734244,false
XSS-2827,xss,PayloadBox/html5sec,dec43e94b4601e64b08f2f09300e810883ac47bd3bae91a192941cde228c3726,false
XSS-2828,xss,PayloadBox/html5sec,d37b22069cc5c2d41dd77a452120e5f191dc758c2e5b4522c5fe716b2606733f,false
XSS-2829,xss,PayloadBox/html5sec,324f537a103f5b691b00ea5d18c82479812e7de04a74aa725a53019d145288a0,false
XSS-2830,xss,PayloadBox/html5sec,73a48b16c0bc229dc7527e330f12fcf4492ee5e90b8b1e1eebb1b5e382f4a986,false
XSS-2831,xss,PayloadBox/html5sec,aad2a3ffb6ac34e769e4f827275d10554509cb3618d3fab30e6f9cfb8c8f78df,false
XSS-2832,xss,PayloadBox/html5sec,19f411b3f2f6a482d964c566105061c4e5bf594d9b7177cab5adf8a86005bce6,false
XSS-2833,xss,PayloadBox/html5sec,0ca5eb293ee7759955e5761a9fd779c0730565e6322d7facc0a7389fd4909163,false
XSS-2834,xss,PayloadBox/html5sec,f6971fd1897d8c7474b2c9bdf988add5d2a40df78013d9c57d127e27f49fb951,false
XSS-2835,xss,PayloadBox/html5sec,2505aea647f8a7b6045b6c1ee491e66e0860869bddfe5cc723bc98b378076dff,false
XSS-2836,xss,PayloadBox/html5sec,3c5225c0a85a0b8585c93d0ff3f4abf549516362c241ac26f6525658633374b9,false
XSS-2837,xss,PayloadBox/html5sec,0781f927182f74f7ad1325b42374b20994b18b646f42625ed8f0a3edabb6aff7,false
XSS-2838,xss,PayloadBox/html5sec,d9adff02c2ac758deb708b4b62d6b68a8d1204c6d3d2dc8d54a1a77aa93e23ab,false
XSS-2839,xss,PayloadBox/html5sec,79fdef3b7e51e919b8ae6069e83566b766239a8e6941e7220ead87d12e7887be,false
XSS-2840,xss,PayloadBox/html5sec,7788d9c46accc027479855265c50a0f0ef50a728892cbec5878720acfe7cce37,false
XSS-2841,xss,PayloadBox/html5sec,a32574429a6beb372aca5f6a1c48b5a4dc1391425ded24d2bf22435f9e113666,false
XSS-2842,xss,PayloadBox/html5sec,ffcb6bca58fea5457dcc807db59252fcfc00b1dc016f3f9ed277e3531dcc8ea0,false
XSS-2843,xss,PayloadBox/html5sec,6b954ad0383bd3d22a45e82d41ac069384672c65f0cc2b7c4a7a2b2caf8ce6c6,false
XSS-2844,xss,PayloadBox/html5sec,366504fc320860906ad4695784c56b62d286fa3a0f5ff87bcd0ced294f9243cd,false
XSS-2845,xss,PayloadBox/html5sec,ed09e9469b52cace1270733befcfdad55890df2601006e5993e34a77c560b447,false
XSS-2846,xss,PayloadBox/html5sec,84cd7cdc92d01bdf153f03958c44a9dc3711764e4c9c6f3983a6e8e30277b4a7,false
XSS-2847,xss,PayloadBox/html5sec,f498919de9d9cdcf87b9881388ebcede0031c6e0c36b1940c83739b7aa2cd9c1,false
XSS-2848,xss,PayloadBox/html5sec,33c50f04de03c21dfcc078ef30673dd4462f64f3ed5a0e92be9018fa68181b87,false
XSS-2849,xss,PayloadBox/html5sec,5ce1e543a43223b3cdf8d353d7932fc80ae574a0a5b32ded315feb2ffcb58f76,false
XSS-2850,xss,PayloadBox/html5sec,5f84aa4b1d8f4d9968859b78fa97e86aa2e5cebe4253346c94fc52e28b248ee6,false
XSS-2851,xss,PayloadBox/html5sec,bef417a98f0bbda030cd242695fc04acee0c37428f643af58ba1d3864a15cd7b,false
XSS-2852,xss,PayloadBox/html5sec,ed700e2094ba7ba11e8a9677a048476dcde7bff68f85dd1a9f634963a835d826,false
XSS-2853,xss,PayloadBox/html5sec,72321b4bfaaa7624a25ef8ec0a3e10c03e76a077b486bc667f5c038b22bb93b0,false
XSS-2854,xss,PayloadBox/html5sec,18b223b712a34fd5dda72128a29697a98582477a09a79f71d2079544141811fd,false
XSS-2855,xss,PayloadBox/html5sec,5d8c54e296b52fa2ddc589d496b125de2aabff32b608297d1dc50df3a320a79f,false
XSS-2856,xss,PayloadBox/html5sec,d88d67386dcaf2a56049039772c2f896a80cf4b02474ffe6d048036bb15984c3,false
XSS-2857,xss,PayloadBox/html5sec,8cb2f9d1918ed3d94847746b32719591ba431983a24550a402ae143a36d2a628,false
XSS-2858,xss,PayloadBox/html5sec,7fff0da8c2bdd8d167649f5b0c51ab220a208a787a5fddc9b2f36e7b03545c07,false
XSS-2859,xss,PayloadBox/html5sec,564aca6697558489aeb8f6d88ce05989d3f7a5fe14e703c6e30fce3dec8a581d,false
XSS-2860,xss,PayloadBox/html5sec,ef9970d62c2cf8b18d0b24df057cf4345d8e4825f3c7f67a68ed6e8d1e1338e0,false
XSS-2861,xss,PayloadBox/html5sec,ce5d44b38ab5760b8d854f764d93cb2f278bc6b762831b7a864d605fe9561308,false
XSS-2862,xss,PayloadBox/html5sec,21a0021f3df97082f7e334f84abf76d483951b0525675d521b09ca0c0710e937,false
XSS-2863,xss,PayloadBox/html5sec,6f60c0ef7ebc05f403958156c64e91637c449970884feb4326b05d79c4367e37,false
XSS-2864,xss,PayloadBox/html5sec,ec513d94eeef7e58b9377b38d64e956571631d775b1c4f7c3da4248b9b36b62a,false
XSS-2865,xss,PayloadBox/html5sec,13afac6b190b84ad8771812db99b9ada595456adfc26dad4838e75a40eacc540,false
XSS-2866,xss,PayloadBox/html5sec,fd4b63baf3667368771ba390f6e9c522b43addaf21799d2ba3f8b5dbd2719aad,false
XSS-2867,xss,PayloadBox/html5sec,53a1dcbb47abd26a784cad84b9af88c5653600cd339f80d5d5ef6e785d72467f,false
XSS-2868,xss,PayloadBox/html5sec,f8d8ace56618e8158a1aedb65bcc532a0944a104ab42932825e0051de2a3046a,false
XSS-2869,xss,PayloadBox/html5sec,d3eb8ff25638513f5c1b095f916db6b9c472e242cd63ec96bcb420d337dd41bd,false
XSS-2870,xss,PayloadBox/html5sec,7fcd03b679fe6f2f19ae06fdac681e97c0080f0b6bd4bbef2771ce18c254a0ae,false
XSS-2871,xss,PayloadBox/html5sec,745a23da240b5b505501e5f6e6aa531619878176aaa9f703e9facd4b1cd03931,false
XSS-2872,xss,PayloadBox/html5sec,26032f6dab184aa2caa325e6b3ca2bfd8a0ae2103526fbf543191e7e4879de84,false
XSS-2873,xss,PayloadBox/html5sec,d58004981abf2965bf6fdea0f9282a92af26d9957c662b096d423bca6efea5b9,false
XSS-2874,xss,PayloadBox/html5sec,78c6297da798bfccedf1efcc5b3b2e5f90da238db5f99437095bfb83f0d82aee,false
XSS-2875,xss,PayloadBox/html5sec,f5f42e41430e78e98c2692c80eef299bf031999f4c8b8fb786267d8a725b7347,false
XSS-2876,xss,PayloadBox/html5sec,5074c923e8a4265b93fd26326d5001e690cc5c10fc6b36b87383ffe419ef8b4b,false
XSS-2877,xss,PayloadBox/html5sec,35477aae0122fbe56558dc6f7340f91dfb96a12c97e60ecd6e04712bd3bb59ce,false
XSS-2878,xss,PayloadBox/html5sec,ecdfe448c0746c7f3a70ecee9c74fb29b1f781ba345a08f91ad93a925f7c6c66,false
XSS-2879,xss,PayloadBox/html5sec,bb12beb0093eb9734551786496bf3387003c104107a58273bafd8e4e647e3afa,false
XSS-2880,xss,PayloadBox/html5sec,f4936b4a819600f141284e10697168c92823132619189f8f94e400516b11c279,false
XSS-2881,xss,PayloadBox/html5sec,5805637baf5b1a7ae32e4c655267cfb5f9e205b9babcc40c3871959fe77b4a1c,false
XSS-2882,xss,PayloadBox/html5sec,8c6f3fd6fc98c209a980b0fe64544787695f836c4bf565f6ce1f8d354f1674e5,false
XSS-2883,xss,PayloadBox/html5sec,6388a51e036bf0b1d0d0dba9de22c960490c8c3ced4c057b8ae18c31b579f37f,false
XSS-2884,xss,PayloadBox/html5sec,444056131e689ac72bee190b01185472beb711fa684b6dd8920e0a3aa1e948f3,false
XSS-2885,xss,PayloadBox/html5sec,02695c91427a038e573a2551c9fe005d5cb2c4b080be75adadfd82283e0b7adb,false
XSS-2886,xss,PayloadBox/html5sec,472c257e8a73ed31c05f8fe25c14122124fa0c2b7eacefc246191c323739e4e6,false
XSS-2887,xss,PayloadBox/html5sec,06e153fc025adc67e67c7c92f0d427aa46e46bd487b8c6ae30dd85d8d54f5084,false
XSS-2888,xss,PayloadBox/html5sec,1f6073dede62730b1df66a310e0963c4bc7b233164c1ca7894757e91af09f4ae,false
XSS-2889,xss,PayloadBox/html5sec,daab26fc72e7715066a1590ec66654ede548cbd6c7ed5572848c6427cc8cfa7c,false
XSS-2890,xss,PayloadBox/html5sec,e50503bc739daa21c414067dc0903cf35164ab2bea02b83eb8d738ab8421413c,false
XSS-2891,xss,PayloadBox/html5sec,ca3c30aa354653f4744dbad3ae3b8f5d1605fe926e0f0a89e7c6c429befd1ae7,false
XSS-2892,xss,PayloadBox/html5sec,f6546f20f3f0002e5666382b67af0a5d29fbab50695282f523268585f277086d,false
XSS-2893,xss,PayloadBox/html5sec,84306cf5a8934539ef269706e89604512ec9a0e0bb83f4cce941039aab6ffed8,false
XSS-2894,xss,PayloadBox/html5sec,1d6b7f04e46bcc977d5830b716690b27796dcddbe345b1f8eb8d7846099b8a92,false
XSS-2895,xss,PayloadBox/html5sec,884194ad0281729aff06ff1ea61331c464b3bf72e55b7bece92c58c1f6e32029,false
XSS-2896,xss,PayloadBox/html5sec,b419810096c4d13bd7c52b1e6b5ac7dd79e3d3e0f9b8ae204395bf6c00ad4e73,false
XSS-2897,xss,PayloadBox/html5sec,013b143fcd0d1db6225893742d340aadd1d1282dd89ff62aba5cb898cf1cf891,false
XSS-2898,xss,PayloadBox/html5sec,4e3e524d24626378087aea774618bfdde1336be2bda358d72acf0aca72b3d4c5,false
XSS-2899,xss,PayloadBox/html5sec,408b09f8fa44831f85c64f7dd3b8d7bdf96dcd450ca51b3542d4be3ea0047247,false
XSS-2900,xss,PayloadBox/html5sec,241d57ef1edbbc7d52aacee6126d476485b762ad7165f50620a8cab7ad47bf69,false
XSS-2901,xss,PayloadBox/html5sec,35dd243ac567afc7c887454886a9a664c314b8373d4dcc2a2003b795bfe09084,false
XSS-2902,xss,PayloadBox/html5sec,7db7594ea7a66ff7aa02faa9ad2a0d45a68b7833785ca3baf9b4a2da400ba459,false
XSS-2903,xss,PayloadBox/html5sec,fbc1d717fdff7f16faa826b42d2a66ec0e400cc549be20544da4c2c7f7949291,false
XSS-2904,xss,PayloadBox/html5sec,9f9bad364d906c5c7d4d52d64b7fb26b01855034aa73c91af5446c2529affbeb,false
XSS-2905,xss,PayloadBox/html5sec,dae9fe3c6e29ed2b5c8441cfc2a69ce5bffd372d4bae04a2f935d5b9e6c21369,false
XSS-2906,xss,PayloadBox/html5sec,dfe1b32331581b7bfb675122207c7bd96cd53c166af633af4d9c0cb8a682e9f7,false
XSS-2907,xss,PayloadBox/html5sec,7aae7cf96bf1f3c305af3c1d2fa39a88fe0233ef1acc8ce73c8df5fb5c181e78,false
XSS-2908,xss,PayloadBox/html5sec,26745fcb7aab14479c3df861adfb8a493211bbee26c30f1ce509f48342ceb9c5,false
XSS-2909,xss,PayloadBox/html5sec,b953e90dcd4d820b428be2b4719043f243d91bdb6de371d9823d33030515fd8f,false
XSS-2910,xss,PayloadBox/html5sec,b095cf14d0efd30b49213c4588d0c669478422871ed00845207af440617415db,false
XSS-2911,xss,PayloadBox/html5sec,0989ad15d3567da13b075e56454ed970f152ae6082df1ea4d2a7df33824b223c,false
XSS-2912,xss,PayloadBox/html5sec,2012f2fc98e8d4c5055d1250c6c9ecb098d71e9d28f57428059a6700c2d24fbd,false
XSS-2913,xss,PayloadBox/html5sec,1569090558e7fce8b68c4feede16272bb9541e54757b2d4329a10e6d43d09f92,false
XSS-2914,xss,PayloadBox/html5sec,da4dbf08efc8ac581605c6f654e42bd0ad09aa19cf46c2b976308b7bcd2d5aa7,false
XSS-2915,xss,PayloadBox/html5sec,b28c34c3e8b44b513b409122da6d0f05a4b6e86420e333f284a3c5e6f567674a,false
XSS-2916,xss,PayloadBox/html5sec,b7b176103401000b5686961e92248ec66c8de6c2a9cc9d64846d3e9f64d8e978,false
XSS-2917,xss,PayloadBox/html5sec,d242b587f98df613d7795d7fd66bc3b37bc2459d831cf1c3d29008c868726a89,false
XSS-2918,xss,PayloadBox/html5sec,1b6fdad491ba0936f33c983706bff302581767616a6c84ae4afb02c85898f8d5,false
XSS-2919,xss,PayloadBox/html5sec,69498c1119bab2ca56d75956cd4553b3c1e121ce5a85bb9b41c078efb9c4fe41,false
XSS-2920,xss,PayloadBox/html5sec,dfbd0b865fe15f272e1773f48170344df870b2c49a1cabfd101bfab5b01434b6,false
XSS-2921,xss,PayloadBox/html5sec,d2388f2ae423caeda2dcd31149165dafd8e66e8e5c7c2d57260e120294065dc9,false
XSS-2922,xss,PayloadBox/html5sec,5b6ffb55805c4ffd27b5ed8d2b05c9db6fd6976831eafbe28bd174374370139c,false
XSS-2923,xss,PayloadBox/html5sec,b5e1a3291b8c0fa78600463804a5fe97869c96f4cc5df3c341bd489c768294a2,false
XSS-2924,xss,PayloadBox/html5sec,523295210bbc98be724db45abb1b431686ec9d22bc3fe028229a17f6a3ecee35,false
XSS-2925,xss,PayloadBox/html5sec,1410f72e0bb8ab1a5d251283acbae26be166e274a44cf5f3024758d2b0bb19d7,false
XSS-2926,xss,PayloadBox/html5sec,5bb3f78ffb82c2e253d1930649be30dd24047632872e55db4294c9b5d2917fac,false
XSS-2927,xss,PayloadBox/html5sec,285b2694160b3a34bc91154a56da4e79311cab5af054a43a0190d31580baadf6,false
XSS-2928,xss,PayloadBox/html5sec,cee1ecd6cbd440c9743dd277bbc89d900249185da0e55ff0db0bd0a97ca7f98e,false
XSS-2929,xss,PayloadBox/html5sec,547ffe33477bf44f58c456d5ca95d2ba58b723aeef662d48b7e75c6941367abd,false
XSS-2930,xss,PayloadBox/html5sec,db5a17a08f245c2d99b905a9441f9336cd8fb0599c7952788b50937278fde12c,false
XSS-2931,xss,PayloadBox/html5sec,c29a9efecb7fcc24f2fefa3765d6280d6d3e9bbd5c744cd8f841358df3c8cf08,false
XSS-2932,xss,PayloadBox/html5sec,74e0e607c0a09350fad43a845512d8007b25174c7bf64f79e158da566315be85,false
XSS-2933,xss,PayloadBox/html5sec,3bddc055b08aeddf7c73ea00dd1b0777362474682b01c734a2dcd1afe0520f4e,false
XSS-2934,xss,PayloadBox/html5sec,1d33f20b5e10bfc870cb1eb04d29beb7dd00807780c170c363f20fe141a5b718,false
XSS-2935,xss,PayloadBox/html5sec,70d90730f5ae177f11eea436590b96c0643e31b5c01e40e890b6c4349b4a1e08,false
XSS-2936,xss,PayloadBox/html5sec,3582f0488c09b9977ebe87c8c81dd5e4140c86f17731997ef3bba9dcead51428,false
XSS-2937,xss,PayloadBox/html5sec,abed3f2c608935bf9da6a70830cd5435832e7eb46571ea45af9618f27d7ad9cc,false
XSS-2938,xss,PayloadBox/html5sec,fefe3aed0ca26000f51bb883ae5a36ce7b740768c2085402072bf7853f8ab0f2,false
XSS-2939,xss,PayloadBox/html5sec,3460c8e0f177ca45628b03011bb0ce2737869a99c751d0c09f5756028f9fd29e,false
XSS-2940,xss,PayloadBox/html5sec,ee3ffdb194e6debddd09eef788bed19b1524d66b0076bd3cff0adf0da6817249,false
XSS-2941,xss,PayloadBox/html5sec,607cfc058a052a361cdc4a7976f62898c0c7ed0738aa063e3d73d285cae4af5f,false
XSS-2942,xss,PayloadBox/html5sec,29f9918430d8a31b324a2a58520ac511c2b143d9519ce857b9c5a7a255318f01,false
XSS-2943,xss,PayloadBox/html5sec,cb8bb61e5ea3a5e27b77b697a5e31ce87944e98296290a69325becef80a3f579,false
XSS-2944,xss,PayloadBox/html5sec,079738c0b39e05e9eb64958bc706ef59bc20518b9978f2b7e971827494bd026e,false
XSS-2945,xss,PayloadBox/html5sec,7a79389fc6a4a097e677a55cf3650012438310979512dc7c198fc9bbf6db2d42,false
XSS-2946,xss,PayloadBox/html5sec,cec3dba6e9fd091c27b47f0feb0d98f487857233a5999621f5dbd0cdd6c2e95f,false
XSS-2947,xss,PayloadBox/html5sec,5bc9d5545d7fd5008a65c77286979a7c1dc6ca7af4a22cd68a5e7449b2cb8953,false
XSS-2948,xss,PayloadBox/html5sec,7f8733874f710451357ec08028fd29cc44d571dd9eac9d6e8866ab9865777263,false
XSS-2949,xss,PayloadBox/html5sec,54c2c39cdd5b3aa278fc1bcd2eae7d8a5f53e5c2b9cfcc9900084f07d2e473a5,false
XSS-2950,xss,PayloadBox/html5sec,7fa9aa1ee0ba8f9585197487f382c2dd29c5507fb0ba1686baa533318b0c6fdd,false
XSS-2951,xss,PayloadBox/html5sec,308a52e375b7b2373fe45a70974a9eefeb06268e8a1f3f9a8f1e8bbbe2333902,false
XSS-2952,xss,PayloadBox/html5sec,729c2581d6dcbc9c281b4155387c7719fa991c963d1af228b49be9333bcf96ca,false
XSS-2953,xss,PayloadBox/html5sec,037c92d9d6844265cd9fa2549d8f1e09e305e764af6082a6f1e38aecc8182e9f,false
XSS-2954,xss,PayloadBox/html5sec,61af9c43bd58e11dcb99ffdf4b3f615f36f38bc2b4494388052cc1e9ada726af,false
XSS-2955,xss,PayloadBox/html5sec,626308e08437fd19d560b6570b02bf156da01efe22a5d95e03e79cb587691541,false
XSS-2956,xss,PayloadBox/html5sec,dba423fe1614d0d2711cd9b9523d39f0994140fae339064775867fd0ac37e857,false
XSS-2957,xss,PayloadBox/html5sec,d98bd63dd3a7ed8e6ca4921604c67a78e21d69f94c99f3a90db1cd650452c0d5,false
XSS-2958,xss,PayloadBox/html5sec,766ab710e7a90fb8584ae4ac1c8abebbdb85023c64b233ca6876f0a5331e756a,false
XSS-2959,xss,PayloadBox/html5sec,04b6526b6cee695b856a9a35555a569feaf8e5b13d29ae6b6291329eabe87758,false
XSS-2960,xss,PayloadBox/html5sec,9b7467c08e2183a35f3de6ddeaf2483bdc2770a43a9db3ed06d8e87b371f3881,false
XSS-2961,xss,PayloadBox/html5sec,d79e845c82f24a86fd3c6bc45c813885a2f112629db384c9620b46b464fc7406,false
XSS-2962,xss,PayloadBox/html5sec,23f87cf9574c068bd98a15ae47d89ffef149d6da090b377eac3eeb1ae25c3aa3,false
XSS-2963,xss,PayloadBox/html5sec,9b879888ae6d9d3a0d65089366280621e4b708f64c3ec63a28f9605c2df0a868,false
XSS-2964,xss,PayloadBox/html5sec,9bbb06d5e19efa20d097a47168dc627525cff7e76315618c3617fa3cfb19c19c,false
XSS-2965,xss,PayloadBox/html5sec,362b7e079ee055b6f265b18dced35a26c07adc2bb096e3dd6814e916ec069c02,false
XSS-2966,xss,PayloadBox/html5sec,fa705cfaee0ffb9f76bdeee15fa2b31049d5244d2392793c14d32c6503c67043,false
XSS-2967,xss,PayloadBox/html5sec,8b171ff4b19d3cde3f277210c34c0d2c973be8745a856c0cb162355331eb37cd,false
XSS-2968,xss,PayloadBox/html5sec,dc9b6930ebce8b90448ff1f38671ea97ea57ae0143145980d2a059526fbe0d39,false
XSS-2969,xss,PayloadBox/html5sec,b46a50e3eb1ce8850f1d0bae5bcb9b572a038576cb934777f60aedd6d57829bd,false
XSS-2970,xss,PayloadBox/html5sec,6529f5d2913a831b80c952d6e831f6aeae1422f57c30d9e93efd950e6afe33cb,false
XSS-2971,xss,PayloadBox/html5sec,cc08ea78d969f8c57ce75fb6ddb3b295cb188a05fe0b90ef587c74f733eae874,false
XSS-2972,xss,PayloadBox/html5sec,1ab3a409ded271046aef177df4e0e11ceefcc9ba4e40deec404c3e7d94cfac67,false
XSS-2973,xss,PayloadBox/html5sec,006a7c3b4fe8c6357898e8f39049d10f8f4ba52660b5ae766f111d5003f71a81,false
XSS-2974,xss,PayloadBox/html5sec,b64a06cb0c6c32e8f5a67a11be0695a9e100201147a37eae73d7e702a464dbd2,false
XSS-2975,xss,PayloadBox/html5sec,827f160ec685b34645c4d69daf7f3191f9dac436f6b75c3ed83142fef44cc7e3,false
XSS-2976,xss,PayloadBox/html5sec,7bd2588ac1eb26525dcdf0812c47c854c0ed58d2a9f8cde4a3a61290d8c2bf15,false
XSS-2977,xss,PayloadBox/html5sec,bbd08ac2c028ffa4d71c014cc4490bf172a9c9773b3e86e62ae0c5b46c9981cf,false
XSS-2978,xss,PayloadBox/html5sec,ad08e12e4d04b58a24db62ab20a9635a347167d2610c700d358f1e202aeebfc5,false
XSS-2979,xss,PayloadBox/html5sec,60253dcb84cc718c56149e1c684eb835ef6a8cead5377e27c451c560418e6373,false
XSS-2980,xss,PayloadBox/html5sec,44da81887ef8de606bbb639a796596bb33345780ee5b82c653dd10a285330332,false
XSS-2981,xss,PayloadBox/html5sec,259c24c708d45956e2099853029d66a40c85b03db24ba8fa018b5b181db0e637,false
XSS-2982,xss,PayloadBox/html5sec,3cbc3429db5d99c51ddda438f3c81fbb7d8771da8c7595dab13aa7200cbf5a0d,false
XSS-2983,xss,PayloadBox/html5sec,116e550364572ac8767e9aafc64be9e6311c3f2f1e305c4c79f34973cf1d3168,false
XSS-2984,xss,PayloadBox/html5sec,173ff8c81d37bc52cc91cd46772c2af1d5fe764d16d13b4913c10eeb30e1f0ca,false
XSS-2985,xss,PayloadBox/html5sec,4f29c6b04c28d4401c20590d5029b076ca162821eff90c4dfd82e9b77acabf42,false
XSS-2986,xss,PayloadBox/html5sec,f9210f4a5c687042578531665f2f22da163beff30645262e255726d61d3995d0,false
XSS-2987,xss,PayloadBox/html5sec,5cfd25e7badbcc2f523589d2967f522f8a25e00d157c78865b3001963c68c89f,false
XSS-2988,xss,PayloadBox/html5sec,fcc79d0853b3a10d2e84c397b148b0b9c944439c81e4338d242370ceb74ec849,false
XSS-2989,xss,PayloadBox/html5sec,dac13dc289befd0aad870b993a68bc4e9884713f6715e3f4485f84035b7ae509,false
XSS-2990,xss,PayloadBox/html5sec,dc81da4ff254a4d3fe4d059e23f7ea267abfeafe399e6408dc90306adb314e43,false
XSS-2991,xss,PayloadBox/html5sec,c2b3eddd28dabd3a12ebeb055fa55934f297c371c58a07a1e91112389f6e1546,false
XSS-2992,xss,PayloadBox/html5sec,0491e5c82361d3bb5997a9337527ae0dbb3aa4ee4e759e4364187574acff60e2,false
XSS-2993,xss,PayloadBox/html5sec,8276568c3e7d159e6c35e6fe5209f7df951248f98949c8a3f6d71dfd5101f518,false
XSS-2994,xss,PayloadBox/html5sec,ca359306318949fbe88fb3ac9b9caf56cedd5237aedd5543395da1cb3299945a,false
XSS-2995,xss,PayloadBox/html5sec,19d81f0591f14dc300098940a639a8e9c72f509a15891992af1f000f80214a1a,false
XSS-2996,xss,PayloadBox/html5sec,b259e2365203d306af577bd5dc2ee1182a8526d2f5febdf59c93e4d48d3e8e77,false
XSS-2997,xss,PayloadBox/html5sec,945532fd2dbbf72a660caec4ceddc1e06715f4e7b5f5a0ed6be875480d25f2ab,false
XSS-2998,xss,PayloadBox/html5sec,708f6bfd95113c2121a30e8129f40899fb8825af92770c06788c61eb5c02e736,false
XSS-2999,xss,PayloadBox/html5sec,b92923e6894f40a86cf7d7bfab8302e7272355cb5a9f715e970e9266a9690321,false
XSS-3000,xss,PayloadBox/html5sec,1e0590807ef9fccbce46a42e16ef36ea5ca9e466c69ea9b7c54663601628a303,false
XSS-3001,xss,PayloadBox/html5sec,2eb5dd4954dd533a75396afdcd953d2667d7563c1dea6a6783eb8022f3704632,false
XSS-3002,xss,PayloadBox/html5sec,4cd3e76ec533f69d71fffd10e1aff739ae188763bd5ce8b34508e7e3f288d26d,false
XSS-3003,xss,PayloadBox/html5sec,4b5690cf1ef8121067e1c9c09ffa19f6b72872fecb3928236f89b0f17211cda4,false
XSS-3004,xss,PayloadBox/html5sec,7ba51158a14eae5236608235971e53d01eb8f72e3fa0fbdbd11f27493931f183,false
XSS-3005,xss,PayloadBox/html5sec,f1d64a8d6daf83e3fccc644bc4a895b1357bec17ef987196f54028b0cdc5b798,false
XSS-3006,xss,PayloadBox/html5sec,4ae88dcd9d635c10f535d2184d91868b7fedd2458746195bdda495cc0932ad89,false
XSS-3007,xss,PayloadBox/html5sec,282e97e472713f1af42429f0f3728eaf587656e2bfeae93c559043359be6bf9b,false
XSS-3008,xss,PayloadBox/html5sec,632978e21981fa7ddef8963eefede9219e64a8b21cc30852f6ac0140f726fb47,false
XSS-3009,xss,PayloadBox/html5sec,e129353c74e0013b901e17779779e23c418585692895f0a639348336044af1fb,false
XSS-3010,xss,PayloadBox/html5sec,a200d29ea264264b0d9ee4f1b8f978005044cdff7c6b94ce09daf42a425bbc92,false
XSS-3011,xss,PayloadBox/html5sec,a4c009b2c3d67004be512a3a2b9d1dfdd772b61cff9fa2acafaa37a2db741f27,false
XSS-3012,xss,PayloadBox/html5sec,2c3bc7e11e08fa7205fc31fcf14c4c33c5e0c992d8620289c2a18c0546b67b57,false
XSS-3013,xss,PayloadBox/html5sec,69ea4bef07cf41fd9050003f659c1085c2dbf6939e2c627df341acc109940ccb,false
XSS-3014,xss,PayloadBox/html5sec,c1f139bb3f2de8b7ec0c028efe6da92948a2a4788791a84a03a39a6dfc83b776,false
XSS-3015,xss,PayloadBox/html5sec,42fa9c406076d17800b41e3302ba99bf485c81c82188ac529ba3bf0c1c7cd762,false
XSS-3016,xss,PayloadBox/html5sec,e3c27c4193592be91d4a671e9f6868e21f26b10e526a5d571a4ed164ec561a20,false
XSS-3017,xss,PayloadBox/html5sec,6e588b92969e6789466eb4ca0fda4ada4eea16f306d67822efcaf480611d2985,false
XSS-3018,xss,PayloadBox/html5sec,d5e1b4f622805d60cfa44a6a22a97720333a77c19113a9b42d507c0ae06cb3ba,false
XSS-3019,xss,PayloadBox/html5sec,93db8a22f42435c3bfa49841e08b4f1379241ea80b7948f8fc5488490d75e632,false
XSS-3020,xss,PayloadBox/html5sec,733e7729126463b08b50e0972083ca327935e1e0d662c12d2ba2ece9e2b54ec6,false
XSS-3021,xss,PayloadBox/html5sec,9d7c35dd8b311570d00b72829409eca0b5f2dcdb3281da369512864318a3f23d,false
XSS-3022,xss,PayloadBox/html5sec,7760b6cafb09f3d2123db2d40594d61346521d8e95a06cbed08e7bb63ca627a9,false
XSS-3023,xss,PayloadBox/html5sec,9b2f682efde7704bcfb92f0f31c82b8f547d9b1870e9aaed4ed47430b294127b,false
XSS-3024,xss,PayloadBox/html5sec,b57f3c2bcec7eeabd629b2d97feb725e9dc538e40f454f09e9fc369dc97ef2d0,false
XSS-3025,xss,PayloadBox/html5sec,e050bf61ca9f99f45c184bafd1e4f1511730b347ed071510a03dd0b2aa19352c,false
XSS-3026,xss,PayloadBox/html5sec,7ee6eb5a79a7badf693c28f7d7a4e98b016e32d01b773617e75001b3f26f6420,false
XSS-3027,xss,PayloadBox/html5sec,65dfe9237a241fcaffe46d758ac8912feb9a3414d104009d2769385a36583632,false
XSS-3028,xss,PayloadBox/html5sec,d836d84ed2f8d06462d61882737f85feac75237e49f666f904362ed7bffbf35c,false
XSS-3029,xss,PayloadBox/html5sec,d3db971cc62122977006a64b453072d29c1d37e167bdd866b055423a7d95ff65,false
XSS-3030,xss,PayloadBox/html5sec,61ba5bd783cc87af366c9b8669e253f440793b88564726dc7812ddeb570aa68e,false
XSS-3031,xss,PayloadBox/html5sec,85760eca5f107ef7815c12a9c49c10e3d78d60544b9bc25abc87aec16456cbb2,false
XSS-3032,xss,PayloadBox/html5sec,732f917de9e1c1d2d3a519866a82cd5015a48a38bc7da6fdcb63df6f2cdc4016,false
XSS-3033,xss,PayloadBox/html5sec,97e9496b63353c30c58f3b155f469ab0f26f0a811482991439d6fabff8d002e0,false
XSS-3034,xss,PayloadBox/html5sec,2c344d9a98d92d8673890e65e0ab791020b467f5fc9b4a4d771b9ec6afe3adc1,false
XSS-3035,xss,PayloadBox/html5sec,5e767de4ec16a0337a19a92e6b70e57dd886e84544fcb2bba79c7d11c71635a9,false
XSS-3036,xss,PayloadBox/html5sec,2519e64e7d8f28b7519890576af7efb0f878a5670b62b19dc2471d12b5a109e5,false
XSS-3037,xss,PayloadBox/html5sec,99845461b31bcb903f959d021ae90c6f618443b1dcf76c029d14beeb7224c4e5,false
XSS-3038,xss,PayloadBox/html5sec,15a8846df6c4047081492a4c9e4808c8afd996b6e2f8800a240296ea7e939617,false
XSS-3039,xss,PayloadBox/html5sec,b61fb2ecceaea8df2c8a655cf2c556822ba023585bd7a72cc1723e70e27d311c,false
XSS-3040,xss,PayloadBox/html5sec,c801dc15c63481a2367aa77789f836bd0257cddfc8288707ded7cddeec68ef59,false
XSS-3041,xss,PayloadBox/html5sec,733bcda93e45673485cc6c0f905c7e0d92bf0147c2dc6d23b7674d82de8d9653,false
XSS-3042,xss,PayloadBox/html5sec,7a5788277b559dcd2746183251ab484b4c3ed0561ffb375726ba0bf16fb55fb9,false
XSS-3043,xss,PayloadBox/html5sec,ed416db9358323e9bac568195839121f0eb661c75f5e96ab20360f3bae27411e,false
XSS-3044,xss,PayloadBox/html5sec,4b80e311bfa0fd8d424185c5fe89d9d3b43e937d198973c1563838fc9d5c4719,false
XSS-3045,xss,PayloadBox/html5sec,bf2723e13e1a9ab4fc405664a9949b76707f6453a59c9b490b91cdbbc758bbd4,false
XSS-3046,xss,PayloadBox/html5sec,62240e54d235a5780fb5eb595c21c610baf5a5e0a164367e9d9420af8d33a92a,false
XSS-3047,xss,PayloadBox/html5sec,5a17f7caf17f017423a2940d341cd7697f75a77402b904e82f33cfa57c45c3d5,false
XSS-3048,xss,PayloadBox/html5sec,9470363789c23ecd218010511753003de94f69e191a6bdd9664fa933284d0ccf,false
XSS-3049,xss,PayloadBox/html5sec,681ec2a24f689be4659dc9501674dbb22c617e17641df0b88502170d2ecb6716,false
XSS-3050,xss,PayloadBox/html5sec,7e0c5d8eab0b72cac1a2e80bffe0a29f53e1b14a12379255bdd3b947b0d42dac,false
XSS-3051,xss,PayloadBox/html5sec,53c189ccc3352e72fdbeb2dfc8bef7ac62c918cd11b0c6e56407e2c485750c93,false
XSS-3052,xss,PayloadBox/html5sec,4023b7c6c98b2e933a0a2129210e8f587cba6991c36e4591ae9ee444a9a93ceb,false
XSS-3053,xss,PayloadBox/html5sec,6f92c8c0bbe9f4bd5d2d047ce050d105af5820a9973069313114c854521e429f,false
XSS-3054,xss,PayloadBox/html5sec,694cc18248315c19b0ccbcc8054574190fcb3b3099b1de0d6b282dfcf0d20bec,false
XSS-3055,xss,PayloadBox/html5sec,d261369d2e971bac89014c1db80c90743c9fdc28437e635ee6cbaa3abad91860,false
XSS-3056,xss,PayloadBox/html5sec,124ea093910895bee902e8b746d04f058b3dc6561892851c0a8dcbe9a402d149,false
XSS-3057,xss,PayloadBox/html5sec,3f39977ea7d52f6d898717fff470d309b616bb3f99a63e1e4a5b7c0ad6fb2db4,false
XSS-3058,xss,PayloadBox/html5sec,727d7783a25ada51210c6ab16abb3cd8aaad9bd75f04f5a520ec7f7f15e25ffd,false
XSS-3059,xss,PayloadBox/html5sec,4d7ece3689396bb5114108738b67773d26c6fa1b4f3ed7a9707ea29d310ed7ed,false
XSS-3060,xss,PayloadBox/html5sec,9a94a8872dbc93c86cbf219647044bdd29d687fc93e7742d64b3bdfbf203a92b,false
XSS-3061,xss,PayloadBox/html5sec,84720105c0de5297f74ccb68e6cd610a184aa3e11a20f59297274ad9e8730bf6,false
XSS-3062,xss,PayloadBox/html5sec,ec106be95a64ecee483b8b710f28a3d8c536fcfe6968a3b1fba063960be3282f,false
XSS-3063,xss,PayloadBox/html5sec,09377c1560d6593d350f8838b8a9e9177d15c4b3b9bf9ca646be434890067793,false
XSS-3064,xss,PayloadBox/html5sec,1fc997afeabc2c4c8abeff04c2f13b23d6510d3f4ddca972ad0aa13aaf0d9a26,false
XSS-3065,xss,PayloadBox/html5sec,4aaea6fb57cdcb524fe2e92d8e42a99e46c15c043e3d2907c17b37bc0c28d3c6,false
XSS-3066,xss,PayloadBox/html5sec,4648f523e058a633dc94ee0fc2cf7937fd486315a7dfc42867d9703730fc8337,false
XSS-3067,xss,PayloadBox/html5sec,7e00500f4c5f6f9817a43ded49a9e47710df654d26339b16d09d571fe9de6ef6,false
XSS-3068,xss,PayloadBox/html5sec,1bd2bcaf2db1f42b9e60ae3495c77b9334c0d15918eb2b2336a82221d9722106,false
XSS-3069,xss,PayloadBox/html5sec,94616e847ad76fdb514eb4efcefd2aea291af02f0458d8959d2d65f940e7ba9f,false
XSS-3070,xss,PayloadBox/html5sec,3782dcb2638b20b590f1b161ec3d8b54fb0682191608f4dd03a265b9630ad498,false
XSS-3071,xss,PayloadBox/html5sec,9ee1dbda0a2545f7cb161f2443e1d83e404394a8bc32b2c172a18e701be28961,false
XSS-3072,xss,PayloadBox/html5sec,8d662f9fd26eb7bebf88fd8ebba014fbe02e07e7839d08c5df6dcdd9fd03bdbc,false
XSS-3073,xss,PayloadBox/html5sec,91df1d573b49e34deb2cf19aa9cfa1a4ddabb944dc99abd9bc4c1e3b24bb5b68,false
XSS-3074,xss,PayloadBox/html5sec,ccb5ff024522eebcfe2e8ddc542473c86096d49d53f32ccb6c4d81a11a8a9dff,false
XSS-3075,xss,PayloadBox/html5sec,31c32c8ab311b692f372f10046c4f103b2a4c4d2d3a5df3a318eda5ff322ef29,false
XSS-3076,xss,PayloadBox/html5sec,a088f8e23696f9096ee9e34e89e2c49f3d14e1144bf99bb25f43f825fa76b8b8,false
XSS-3077,xss,PayloadBox/html5sec,f4a11af84175ba51ab7b8674efddc2d79f172fc2a59da1bc478c20430dd62f0f,false
XSS-3078,xss,PayloadBox/html5sec,9e56a19b51710c82fa4e7f7a0b2b97636fdb5727a21cd4a43c68930add062f4e,false
XSS-3079,xss,PayloadBox/html5sec,2aae35b71b493d1bc63904f62da29721a21040c6c992e86c949a1908a55e4861,false
XSS-3080,xss,PayloadBox/html5sec,826d8530d29e31b21fbc377c8ce04875d84899d597170f6b6c68bed35ad97f7b,false
XSS-3081,xss,PayloadBox/html5sec,82164c633e092451f624178be478ab59a6d08afab2d2ccc815c22069abe5cf75,false
XSS-3082,xss,PayloadBox/html5sec,64a35fd686b50f8c249eb5752e295f015d68211b1757bc12182d28223f5639d2,false
XSS-3083,xss,PayloadBox/html5sec,15b4b024b8b144b6c416f31d95d13750753423a1b013ebe94ac724ec7068f7ed,false
XSS-3084,xss,PayloadBox/html5sec,7694dc7d6bd782e8d8c984142fd8a7ceeebc7f6d9cd0566e76abb16c5a77c179,false
XSS-3085,xss,PayloadBox/html5sec,683f0d61a6ac31ba720c8ca079e3a7943151e980ba2a4fed9ffec61e41bcbeaa,false
XSS-3086,xss,PayloadBox/html5sec,d3867c3561170e83a3923f568abd2e12a1d6befc6d81cd44b71f4c86e77d88b9,false
XSS-3087,xss,PayloadBox/html5sec,6aed2bc36726698e0c135f63f42300f90f1c133a609eece307e658734a32b59e,false
XSS-3088,xss,PayloadBox/html5sec,1ac650800d99fd1c22878281c12f059a67b1146dac2d6db9d733238b3071fe70,false
XSS-3089,xss,PayloadBox/html5sec,61c46d0ab6ef573ba003e9c82ef606e5ce64f77bc575fb491fa002178966d517,false
XSS-3090,xss,PayloadBox/html5sec,c598600b348705f5938ac5f84d89cc9d55566ebfd3befbe51608e06fc1e8c140,false
XSS-3091,xss,PayloadBox/html5sec,eeab69eba4af842af1a58100af7c2bead4e3dd764e73a68d0934d5d1191d4fc4,false
XSS-3092,xss,PayloadBox/html5sec,1679a994dba7dec3175d3b00e01e4a9dd0fdcce49f82965708984d6a7e6faa66,false
XSS-3093,xss,PayloadBox/html5sec,5148a1effdde8bb73f19b89c887877a0ad31ec7f0bcd5b2639e85b7bb5b5c645,false
XSS-3094,xss,PayloadBox/html5sec,949d685430bee981169104412e21fda2fc598289cd262a4bed8c72a1c4320594,false
XSS-3095,xss,PayloadBox/html5sec,1d2e618c003a63f72da262b183db1b82a314a31671d185383f26fb1a6a75d352,false
XSS-3096,xss,PayloadBox/html5sec,b72794eeb754b0d88ec6c0ca5f5c583533165702e1cdd54f48bb71820252b59f,false
XSS-3097,xss,PayloadBox/html5sec,87975835b2fff990aad94db032a8e87b16c41ec674f67fa64ad68bfdfc9f9c89,false
XSS-3098,xss,PayloadBox/html5sec,8eeb15755e632689406d421644d472a964d541b2b981fc826580bc838c8f4a2f,false
XSS-3099,xss,PayloadBox/html5sec,9b423ee1d697ab733c03c0bd6a32986301c416c3fa9cc6aaeb683bebc57f1df3,false
XSS-3100,xss,PayloadBox/html5sec,91cd01c668246bf27d26d6b112d50b34beb05b5ef9c55214cd833898cdcff60b,false
XSS-3101,xss,PayloadBox/html5sec,8c5e56cf04a1d17f172de58887d96b36bee7907865c46deefa870ab4a6c3b8f0,false
XSS-3102,xss,PayloadBox/html5sec,dd4dd67092fa8c457fadcb7e4137342c11d9b5ac640edba595d4c482dbb477cc,false
XSS-3103,xss,PayloadBox/html5sec,4221de59682200170318d4648f919721294a3c946eff481d6678e8cbba04e634,false
XSS-3104,xss,PayloadBox/html5sec,4e00975a887cd7139eff3d92cb2bcd1c34d1cfea423532a47dfa39b752fd59d7,false
XSS-3105,xss,PayloadBox/html5sec,c0f7ec9929b3bbd00eddd13e1543df1619c658fbd7739cdb3eed607258b2b4ea,false
XSS-3106,xss,PayloadBox/html5sec,f7c9204cb2c545ce42021a5e9782c5ff3059c2c36586a759e788bbaedab428a8,false
XSS-3107,xss,PayloadBox/html5sec,cb5150c80a6a79605d3e3a781cfff2396cd8c53f1e1bc3b23efe29109c89410a,false
XSS-3108,xss,PayloadBox/html5sec,9738ff0d12dba9a01da1d94859fc80530365b15d67c00a57b6eac7c31723b61f,false
XSS-3109,xss,PayloadBox/html5sec,dc14fa5eb74f3604ee9bf46e4e7e08058f37921d300068afed3fb17dbc907899,false
XSS-3110,xss,PayloadBox/html5sec,310af86b0a5dda53481aa52791a4a22265f5eb349ec168c0dbd784d0f8f85e5e,false
XSS-3111,xss,PayloadBox/html5sec,128dc492c13a40ce83d5416e06ad1568388d4a5e7f808aad2506f28270aa4cd7,false
XSS-3112,xss,PayloadBox/html5sec,78ad396446b97ec06d766e5780b6d03ca7ee79e5a06a35c4bd414a2dbcb91151,false
XSS-3113,xss,PayloadBox/html5sec,73a536b940a685d74b5330a8f7f1b9ec41cfaa75f27108231addeaa69ba3feec,false
XSS-3114,xss,PayloadBox/html5sec,ed9bf5544350350ba8881848b9e4f97bcd565cfd3bef3d1babe9133e003165b7,false
XSS-3115,xss,PayloadBox/html5sec,d0626b202b5adb7c380dd43d409a78b9193ca8c3cdfd4bddbd02b0110d35bc1c,false
XSS-3116,xss,PayloadBox/html5sec,9ffd28c57c4635757c17ed1207f75fe98fe8ddab9bc9c2115c2e06f01fe9e33f,false
XSS-3117,xss,PayloadBox/html5sec,b13f4f8a294cdf1ccea2bebf642141d8557a8244ffa03ce76960eddc60d514b3,false
XSS-3118,xss,PayloadBox/html5sec,87be078de84e31a7f89a034e18f2b9972ffce51a72a9d5505aa6b34cb976c8a1,false
XSS-3119,xss,PayloadBox/html5sec,ce96e9d314c8cd00d0fc671e37b32db45bf478bf89b9676b3f9709607a377abe,false
XSS-3120,xss,PayloadBox/html5sec,8848a114f2415f7ee1b99b112dc97901991561387e16e40ed9f78b184acf6b6c,false
XSS-3121,xss,PayloadBox/html5sec,626074ad7c6c6537712d947d153efa88ea0a0e3a1607556537b66aead796bdc7,false
XSS-3122,xss,PayloadBox/html5sec,8f3b0471dcc50035a5ba6b12381a699384e3c3f1a019867feff393ddd43721a0,false
XSS-3123,xss,PayloadBox/html5sec,8f605b3ff89341afb9ff14e88a90486aa873d4abe8b84297533de3ea1c930c3a,false
XSS-3124,xss,PayloadBox/html5sec,a86a205f7203a694dbc1a2451ae4c57b3233567f330fcb142e5cf9515fd5dd20,false
XSS-3125,xss,PayloadBox/html5sec,2aa2687b2bbc22bf0305ae0f6dacee568865c2dabc33bb186c5f1831498d75ed,false
XSS-3126,xss,PayloadBox/html5sec,23abcfbaf602f9d0cc35a2c1970635bf5b05d7041782e717520bb4db6c750214,false
XSS-3127,xss,PayloadBox/html5sec,ec6e6a4ea03f03f3e412f161d461d5017f16767df914ba9f9cbf1b09d392d4d0,false
XSS-3128,xss,PayloadBox/html5sec,31947e293efeb77e263837a509728ea64c4061add3f91a160f46d14cfb13b554,false
XSS-3129,xss,PayloadBox/html5sec,a4f40029d6883beec2a44c4319ee5e2bb12e10a6e47f91fa70c9d9322264c8c4,false
XSS-3130,xss,PayloadBox/html5sec,324af3c7af80c06d08aaeb8c664b4b8fcf206848f0cdcf26f31a546af34ab7fc,false
XSS-3131,xss,PayloadBox/html5sec,12d6c6274807536c51e08f2bca414ebb1ec27e059be34ae55546747de2b82755,false
XSS-3132,xss,PayloadBox/html5sec,bb9413ebeeebd7773db2d46c996c65500271516730bd214c7c6247bfe531a44d,false
XSS-3133,xss,PayloadBox/html5sec,9beaa93c3be3e37f54664395bdc89dd33e5ac5e91d04768cb3fb9e9a225441fa,false
XSS-3134,xss,PayloadBox/html5sec,4c1b7ba46b4fbaece9726486b5b76434fcbcbc5580fcea4df93d7fa3deccf7a8,false
XSS-3135,xss,PayloadBox/html5sec,889a43b44d53648e50c836a7c55fe804592b46471ce4de6e7b7b642554b8e8db,false
XSS-3136,xss,PayloadBox/html5sec,a46c881e982c9a886c488862c1a101b2d40ab9d1aec8766822f41423469e7976,false
XSS-3137,xss,PayloadBox/html5sec,2645f0af37378bb2d65b5176520b33edc3988dc77a53552a3a543c8d93226c08,false
XSS-3138,xss,PayloadBox/html5sec,ffdd4674c92dba3587c23784eed91e4c58b9808058b8291203a4afc8ced5caab,false
XSS-3139,xss,PayloadBox/html5sec,803d9c559e81e03dc40f9ba26bb5f68d21e07ee468235dbc4cb9b2bae5d8e278,false
XSS-3140,xss,PayloadBox/html5sec,cda4e106ac06662a6f2f6850122632b7aa6bcdc914ee573fb2370b3838a9616a,false
XSS-3141,xss,PayloadBox/html5sec,f0f8e6f95d740a388b81a0dc6d38cbe4eeb671b84fa3743902abbd0692e51a57,false
XSS-3142,xss,PayloadBox/html5sec,9f49744ca8cae822585efe3bbbc2065783a766e350e565c5371106e18ccf530c,false
XSS-3143,xss,PayloadBox/html5sec,fdc35170bf9340f01fcb03311cf87da7baafe696831cfcf99fd87c43d25af452,false
XSS-3144,xss,PayloadBox/html5sec,5769ce1dfba1a2384c8a42a7fe7da9ecaec54e8cb19cc948872c3b120dbd3e20,false
XSS-3145,xss,PayloadBox/html5sec,5188c832a7ca4daa28394fc33ef3d1ab9ed6ff52d3d7be84a8b3976afd4031d9,false
XSS-3146,xss,PayloadBox/html5sec,7bb003427b62ce5a4e66204e8224011a67a2799e2cfac8ff389508b86be30a61,false
XSS-3147,xss,PayloadBox/html5sec,0745a85bba0791bae2934345f640417e0753dfb39c7d443f5adba1bf9f9b6427,false
XSS-3148,xss,PayloadBox/html5sec,05fee727b5054ddcc80a76b43c48bb4230814b7547063444529cff5be5a3822f,false
XSS-3149,xss,PayloadBox/html5sec,1ff9b13e37bf2c17dcbf02ebd098955c9c4089002bae45b13a429b812ba591bc,false
XSS-3150,xss,PayloadBox/html5sec,b940fa9ffecab140261d8d51e793136572e3d07b5b5cfadb8925b31857808dad,false
XSS-3151,xss,PayloadBox/html5sec,dcf362caf7eb794edae288e1c32df363e30128c927021f2e97c5862a63355f6b,false
XSS-3152,xss,PayloadBox/html5sec,48aa296c96189e336cbda5bcdb4ad4218f42b763abae572bd937f9b7a1a9c4f6,false
XSS-3153,xss,PayloadBox/html5sec,cf24c61202a1f02424d37ce87dbadde9837789ee077a041f87afc8bf3812eb80,false
XSS-3154,xss,PayloadBox/html5sec,bc77710a9901c8c9ef15c89afb6723d4597b6b08ddf9b408d768c46ed3cc4b36,false
XSS-3155,xss,PayloadBox/html5sec,fb53cf42cfcb26cc9f79283f3645d5af89abb94a4af317514f42a6f7e7dd9c07,false
XSS-3156,xss,PayloadBox/html5sec,2eb0faad901a6c06b13c97cabd28132ef525fcc51b87b4cf2620bf6d47f606f8,false
XSS-3157,xss,PayloadBox/html5sec,a7fe7d79ee8d2fc76f3fe0785fb446289aeb15108d71e79f05c20bf4d78f4d9e,false
XSS-3158,xss,PayloadBox/html5sec,553837d52f3c1551ab38d4bc0da92a7261f8fb66aee91aee8f669480b776929f,false
XSS-3159,xss,PayloadBox/html5sec,de6d60391cb8b89bacfe3f68bb8310e3b0a97270659cb42dc47c548902c9836d,false
XSS-3160,xss,PayloadBox/html5sec,17f7890970a1533d6d9fa23999065ab084f01bd79164a2ff9040a2d2bbced474,false
XSS-3161,xss,PayloadBox/html5sec,03205a7d0248205e53f33f43f1c14b71788505ef104a1d2d50e2706271fb3290,false
XSS-3162,xss,PayloadBox/html5sec,9f068d8914a044a9aa867e3a9525bc6f014fcb34b9c617057200c5809f5b702b,false
XSS-3163,xss,PayloadBox/html5sec,917052bf07ccd761f6e53ab35d9d636a3eeec9ad8c3f24531e4bb942136452bd,false
XSS-3164,xss,PayloadBox/html5sec,4d60d0d8f4358931796b8004fc41bfb48bb8c8d02fa776a10c91886c716a165d,false
XSS-3165,xss,PayloadBox/html5sec,ac808f03ea1e9e9fdf4223a5ae983a7531ee546c2cbd39e7c7c34e927e494fdb,false
XSS-3166,xss,PayloadBox/html5sec,de1d795784dde7b9351dc443c702dfecf683d844bc80e0bf5145e2b1b39820d9,false
XSS-3167,xss,PayloadBox/html5sec,d572e00ebfc1953ee8a87381a0fe3d74d4608d7651ae84e9d8b0b0ca0a91379f,false
XSS-3168,xss,PayloadBox/html5sec,ca21db77b505537d8589492391e6fd3489f4984bec3a23d3febd5e7ce94378f9,false
XSS-3169,xss,PayloadBox/html5sec,22e0b3c1e7e87d0eb836c5acc3c4e05332bc386efce15d9424705e2266194349,false
XSS-3170,xss,PayloadBox/html5sec,7c587be007f95d958fcdcbbf2fa2a15a33525f065458d1181288d95ebb0e8722,false
XSS-3171,xss,PayloadBox/html5sec,555e0375c17cc54dd15be7d766e85530036bd37a08617faeb27ac2fa19e6d609,false
XSS-3172,xss,PayloadBox/html5sec,4d388a0ce027450955d69f156142ab99e5dc0f0e1b139df5ec98bdb2eada7819,false
XSS-3173,xss,PayloadBox/html5sec,5d8ec591c93cfaa2bd2a6b19cac26e22fe8c279a3f8732c891ff1dcb3b8b32cc,false
XSS-3174,xss,PayloadBox/html5sec,99eef76630884b3d64871943a2a7713a7a793697875ede5ef89952a816fdaf1b,false
XSS-3175,xss,PayloadBox/html5sec,4b3b01255b42c4278950e31b4e69cbe67ff7b4471db7b66b675ef8952b03492f,false
XSS-3176,xss,PayloadBox/html5sec,1c80f5a693daf7e3c009e6ea97f1cce1d6bfb2dc4ecd25ef0d7a9c8b8cf1c27d,false
XSS-3177,xss,PayloadBox/html5sec,f00765c768902f130b80fdf7619dd8808e48cd2e42c4ef747a55884ab48b29e5,false
XSS-3178,xss,PayloadBox/html5sec,af7805ac53adc43d9421f0c79b501a193d982b289e9c1c2bd2971708ceb5d3ff,false
XSS-3179,xss,PayloadBox/html5sec,524313fa4ba18afd6e785612238ee47e146f5d53fad1f8bdf198cf284696a1b3,false
XSS-3180,xss,PayloadBox/html5sec,c0ea07b9f8ed819bba1d3dca5edaa4cb0f26313a9c90eceb1023b4fe2da01ec1,false
XSS-3181,xss,PayloadBox/html5sec,62542e17b6b470501d48fd5d672cd014eca9857ffe87097c3f9592ac03653e73,false
XSS-3182,xss,PayloadBox/html5sec,12e8710fa18690c22cfa73e7eed427c3403f1fafb7a91e7a17b8471393e5fde7,false
XSS-3183,xss,PayloadBox/html5sec,bd32e43301fa67eefba9cea77ae068215580305ed89e43ae493e95962ef02932,false
XSS-3184,xss,PayloadBox/html5sec,0c9533d4b9d61a338853938fd696c9a07be61ff8800f4c7ff248589b8dcaaa8e,false
XSS-3185,xss,PayloadBox/html5sec,47ce48538ad91392b964ebc6961281e6dc6b9097228bf38841f778f3b1025fe7,false
XSS-3186,xss,PayloadBox/html5sec,1225bf0466a9c55393f538f85adf4b29ae2065ba68f399b32d72e2bd38fc8f06,false
XSS-3187,xss,PayloadBox/html5sec,2cbbda13333bbd84fedfacf61ad914926004d6b88bf9c845a80006c0900adcc6,false
XSS-3188,xss,PayloadBox/html5sec,6e160f50f191e081b9b50e2fca5f4db6c55e0997b9f12fde8abc1515e8897141,false
XSS-3189,xss,PayloadBox/html5sec,d2d4a42e9bbce09545a52c4ac8bf255722a8f501266ded4eb0b6d86b6ad2e36e,false
XSS-3190,xss,PayloadBox/html5sec,6dc7f45745dbff4463cd4a6907dc6920378cc180eb81a8c68aafea2b6b4264d0,false
XSS-3191,xss,PayloadBox/html5sec,379e8d7dd106bbd72196cf1a70d2721a0806533e5171a0d246d02fdecedbc846,false
XSS-3192,xss,PayloadBox/html5sec,b2dc62437a8314d11f5eaacac1d9aba33e7575d43ad6ba815b41b4e831bda210,false
XSS-3193,xss,PayloadBox/html5sec,2a14e8d0960f7d3c6f25579cf763383522f855e86806dada3f869e295d250b6b,false
XSS-3194,xss,PayloadBox/html5sec,8d6bc4e7aa9acc0c6b5befe81929719110aa3a597e0b96de7f497d1d4c849141,false
XSS-3195,xss,PayloadBox/html5sec,b3f5be5a9d8894bdeff38bc07824fb3521d0e8e530f603e7613ce6666681797d,false
XSS-3196,xss,PayloadBox/html5sec,ee57785998b6f0ea94848e72081b3026b3d6ccdef03b1e72417111db35df3992,false
XSS-3197,xss,PayloadBox/html5sec,88019337d78b29598d2199a48ab8eccaf3e57f06a5858f30031e9ea4b3a94b2e,false
XSS-3198,xss,PayloadBox/html5sec,0ef599b0d692441ffeee3bd61b12dabfd638fb8306a304355f8b4e1fcbeb540e,false
XSS-3199,xss,PayloadBox/html5sec,1e37b64fa25a52fd37fb05c54fb3d88875e895ccc49bdc1382dfd20a9326ecdd,false
XSS-3200,xss,PayloadBox/html5sec,5c93379150ca8827715403119adf0ec78ce6902d21e4f252bb07c68ae191b252,false
XSS-3201,xss,PayloadBox/html5sec,d406c777783e5d7aea802b0aa7be3a69a4d05309c6ebd17a5b0777ff29825857,false
XSS-3202,xss,PayloadBox/html5sec,00a05025fd4603abeeb29291b5aef68861f23d0c89ae7bfed18bdc3927e08397,false
XSS-3203,xss,PayloadBox/html5sec,82d8393680872598737a15b821299b21d344c29ca031beb39c99cf80451fbc4a,false
XSS-3204,xss,PayloadBox/html5sec,032150ee563e9deaa4306988d7c5b43927033cefb7c7977fe45c105ad7674300,false
XSS-3205,xss,PayloadBox/html5sec,0c35416a168492c7ab7e04ce72a43da90e6b03925ed2ec1deaebd18ec10a52ed,false
XSS-3206,xss,PayloadBox/html5sec,64910647b1ba7d6a47c4a573778abb234f8d67d0c406ee9606ac238c79048896,false
XSS-3207,xss,PayloadBox/html5sec,3bcbbfe608fd2e30ae5d58014f0df63616956f0b06326df68615ce8102ff6046,false
XSS-3208,xss,PayloadBox/html5sec,d1460a327ded81450b585ec5c84aff7c6865a52ddb27593d6cda35b171709864,false
XSS-3209,xss,PayloadBox/html5sec,844db319b558ed70bad701de1266371e98708948a8650be9d8dfeac9602f8645,false
XSS-3210,xss,PayloadBox/html5sec,fae905abc3557fd8fa62603741430b506afd07c6fc6cd296c405d3f584c4e747,false
XSS-3211,xss,PayloadBox/html5sec,9f418ab1634adb6cc425e3bf9da2107f004fd4ac6f8cb093244316948a07de84,false
XSS-3212,xss,PayloadBox/html5sec,37f7051b11dfdf72816daea5cf82ebd6449d945503064570cb9d14643f22d830,false
XSS-3213,xss,PayloadBox/html5sec,3090b34a54e9b3f9fe11af7eac2746ecaf4ef11d082c00140f0e043d7c9135ac,false
XSS-3214,xss,PayloadBox/html5sec,fa8802c46798910dce5446c04099c202a9be6ffa199fc2b29d4fc3b8ecc45dff,false
XSS-3215,xss,PayloadBox/html5sec,fae9e3241358675b0b43e6b7f4955b31b62eebd765ba65af0e8563ae974ecf77,false
XSS-3216,xss,PayloadBox/html5sec,00c664aa4766f5f1e858a42be798c9a0bf085373ab17bfb7f9a113c181a62c6c,false
XSS-3217,xss,PayloadBox/html5sec,883239749358fc8069f53a75908a354d140cb4c9360e9a1c2dc5b1f12dc712f5,false
XSS-3218,xss,PayloadBox/html5sec,ac7121cf9daa2ca860848ce110bb31760af8d1c19eb54341607bf4129c1bc065,false
XSS-3219,xss,PayloadBox/html5sec,20746422b9ecfc9dec4927785e032e69bbfb764ff3b9bfda91c9e772f1cdd431,false
XSS-3220,xss,PayloadBox/html5sec,91e30c6022bcb8dc04614c86e32141511c2f16929b0a3d7564a5d22464e8f1c1,false
XSS-3221,xss,PayloadBox/html5sec,12929d4bb900534770ef85be12eb096906c5fc9ddadeb9d3ccc8a08846e5f364,false
XSS-3222,xss,PayloadBox/html5sec,d095e94cbbbdfc65b189d6907dba22b57efc77a6d2ab41009a14a15d06ce1f45,false
XSS-3223,xss,PayloadBox/html5sec,2689575fb2329632122d45b5c187a2c68b06dbb380b640f1dc5e85e2e608c401,false
XSS-3224,xss,PayloadBox/html5sec,7f84505907f8534278b064b60f2a2f110e70299c613a0018edab6fe82e8d6f40,false
XSS-3225,xss,PayloadBox/html5sec,7f55556b903b6034b5eea1fc630c81e38301372cbd0ced0f045dfc6d749d2945,false
XSS-3226,xss,PayloadBox/html5sec,57b9d7932c93ea4ebe19e956391107cac905d5f7eeea0c20b29467c450c5d291,false
XSS-3227,xss,PayloadBox/html5sec,5b9908af5817fef132537abb0819412596c29ee7ab4daded3dc5a965e10c1f97,false
XSS-3228,xss,PayloadBox/html5sec,813abafde585ed434307a8b90a91e89b360be8440a4a4ea26baacfe791f6c08b,false
XSS-3229,xss,PayloadBox/html5sec,1b731421ace016dcf908b734c66c95abcb74580ba75c0b353cc09ce24334cd01,false
XSS-3230,xss,PayloadBox/html5sec,52c70c047b5aa0ed9d7d0ee30e046a9526624210696113e25fb685aca03240a3,false
XSS-3231,xss,PayloadBox/html5sec,7ff693e234b2a7d284f6ed10dc94141287cad96c9c664e877c5b03449cea6f85,false
XSS-3232,xss,PayloadBox/html5sec,bb0045dc502925aecff13ee595e787ab1c0f47a86d5441fb62988114f2b049b8,false
XSS-3233,xss,PayloadBox/html5sec,35900cdcab363173f02254e14c33e5a81e8c2bd1ccf5025ed387c58048722a3f,false
XSS-3234,xss,PayloadBox/html5sec,8259af0ef2ac14e428168a332cdfbc65cf9754378829c9eb766d929cbc5c59b8,false
XSS-3235,xss,PayloadBox/html5sec,7529188a7ffe74b965336639c8b83742aaea4776b19788cef0e9e2d9b37b9222,false
XSS-3236,xss,PayloadBox/html5sec,3726ec3a5134c922a2c76c4bebd4591baf57a304f50c6cff19fe3023ebd19d88,false
XSS-3237,xss,PayloadBox/html5sec,d92c19240dad9f9567a659ec6b202d37de984c9e7751006cd59288a31c6511aa,false
XSS-3238,xss,PayloadBox/html5sec,ad0d61cfc900a6f549ff21ae5748ae77a6614902287d59e7dd324e1dace395c5,false
XSS-3239,xss,PayloadBox/html5sec,96050cb066490344a636d88ff5ca9f8904596c197b07c11979db6a6b3a865be2,false
XSS-3240,xss,PayloadBox/html5sec,21a6d0c49bd3d9157c06408ca6839c38713e9a32be9b65fb168df38ef8fc0fad,false
XSS-3241,xss,PayloadBox/html5sec,0efed36e211eba23f1d11754b7a7cc2bd0aa0ab2be925df8ca2199da6e5eb317,false
XSS-3242,xss,PayloadBox/html5sec,5659b154b29f1d9c31fa51943f6c2fd6b5c7e47c72394c724ae438c11893123e,false
XSS-3243,xss,PayloadBox/html5sec,4694989debcf736417ea9310e3e09bb30931e5db987b3b8761ecc02dd166aa55,false
XSS-3244,xss,PayloadBox/html5sec,ecd3880333e66b5a55ae68217de933b59d0c1eb2dc19bfbb2be01fe6418b91c0,false
XSS-3245,xss,PayloadBox/html5sec,5555bfb7495d228d3851d37a0a0fea1ad36e4b5aa1378d693434b852b68f0598,false
XSS-3246,xss,PayloadBox/html5sec,6511141cb2844449a3e96c668127978a8d0e60e0f9e78a9b97e322f966ee4475,false
XSS-3247,xss,PayloadBox/html5sec,9d324a427a30189304b72df7625356347502c35c8d7f64b4369900b50cd4dea2,false
XSS-3248,xss,PayloadBox/html5sec,f6cdb71868db27b47d07fd6f6e54f8c1bdfbe65adb4fad8d8c84d5de0301af13,false
XSS-3249,xss,PayloadBox/html5sec,b940b5445b814ae3d2d4113fffb615e063c1e249aa0dca92ae5244b9f6af1c0d,false
XSS-3250,xss,PayloadBox/html5sec,d339044967f8d87373abb350d743142d7a869e52200771f4d1d39435a9580a37,false
XSS-3251,xss,PayloadBox/html5sec,e4d226e82ee3ec0d0114b3c7ce9e3aa86beab5dbf3427e516789c7b1d70328ce,false
XSS-3252,xss,PayloadBox/html5sec,e73a3fc94bc3469fb1ca754838d5b23cc34917153bc6a18f611d1f12de85ef70,false
XSS-3253,xss,PayloadBox/html5sec,90f6b30d193b8cbad8c007e324c283b99fe13c5d0e8b0dc8c88819b5e9ed0d73,false
XSS-3254,xss,PayloadBox/html5sec,0f43864a0f94d8a94d21b84ae955d5c6b8c5ea4152eff6c003f18f29714d0bde,false
XSS-3255,xss,PayloadBox/html5sec,2b56d9465b91c9239fd6aa3db68bd8bba5c724488410a7800effc4c73754abef,false
XSS-3256,xss,PayloadBox/html5sec,023169244cc9de32e3e6fb0be99dc4d85690b43a65a850048bd994d7f72151bd,false
XSS-3257,xss,PayloadBox/html5sec,d6b1650c925e6ec4b6585a9dd69e2ad6553b6027db642ce33926984ddf736f86,false
XSS-3258,xss,PayloadBox/html5sec,dc356429f5b629d3ea3331ab51706b06fb7637c880939a863e2c26fdc7edd5e9,false
XSS-3259,xss,PayloadBox/html5sec,f8c3beba90455fbb078b3694792bfc6160c62b0640abf3e15d8ff61f2d8146f4,false
XSS-3260,xss,PayloadBox/html5sec,af9a5680ca87390b3d9c1a4bd2ec7c829cf6368957ec5f3f9a633e3b3f18bb2f,false
XSS-3261,xss,PayloadBox/html5sec,59682faaa41e9da04f4038f0ffd65684a123c83940deadcf04d2b48513b4f99f,false
XSS-3262,xss,PayloadBox/html5sec,7f06718106dfad1d1177cc5ddd9c831cd89a4c0a0632ed1b9983f63a9d52fae6,false
XSS-3263,xss,PayloadBox/html5sec,29f88cc16ea58202793aa83f43a8610ac8039d55d7eb3d6c2b5b0a49590fc9bf,false
XSS-3264,xss,PayloadBox/html5sec,b84ebcfe8332c1680606b60789bbef640d567c31d9d22b8bbfa4caa6132273f2,false
XSS-3265,xss,PayloadBox/html5sec,fa6a53e7b9c15b46c12a6c16209615cfbbcd03826f008a3b2f330031c4df0995,false
XSS-3266,xss,PayloadBox/html5sec,64259e0171f5983e5e2de253dbdac581005ae32cdb490a3b68b2c39f88045cae,false
XSS-3267,xss,PayloadBox/html5sec,1f4f9b160a4bac654e574b0b747f53a348fcb0f07f3a09fcd4bc9e0315396037,false
XSS-3268,xss,PayloadBox/html5sec,2eaf87fd07179e97486c77a189a44fef0850521f2b17267503e0f08ced955eb1,false
XSS-3269,xss,PayloadBox/html5sec,5dabccdac2d0808af55bc7ca2853e568b7253dd5ce66deac0494cb8889d6f92d,false
XSS-3270,xss,PayloadBox/html5sec,7f3cfc97413b1ae7c95d96f4c47d149e24f8a34abe0ec2e4f438ce91ab5a6ad4,false
XSS-3271,xss,PayloadBox/html5sec,f1563ac88c2b2e6bc4800d08fe6e74de0e5f6feea7ea3bf033eb2eb10d80b81f,false
XSS-3272,xss,PayloadBox/html5sec,1e3d20f2072a440cde6e516e33f3be4ca00a5d35ac939a8dbd539748d9d5c03e,false
XSS-3273,xss,PayloadBox/html5sec,15ab15fac6f4b9fc549a0dc761e49758ddb94b468c9f4994321bd87bc5e009dc,false
XSS-3274,xss,PayloadBox/html5sec,5452ba1af1b5e6488e51c32929ce969660a0ade649c060b4d4be34414f07e6cd,false
XSS-3275,xss,PayloadBox/html5sec,077bb00dc7927021e148cd00ec7286b8bd398e5fad5993d6fd28104ecfef8367,false
XSS-3276,xss,PayloadBox/html5sec,f97da1b8bbb87b5be89e7a1234a83744914467cc709073290505828b3746d172,false
XSS-3277,xss,PayloadBox/html5sec,06d79fe33781c61d6c4a2df453ea0edffc5eb6ecccaf09214f4fbb7379779db8,false
XSS-3278,xss,PayloadBox/html5sec,822e4a63c543265665dd92cf028ac4f04bce7a820ff016fc2179aa503bda567a,false
XSS-3279,xss,PayloadBox/html5sec,e8c386b8ace6648d87991e7a0bf1f1073fde21fe66e32064fd3ed3b299ab4385,false
XSS-3280,xss,PayloadBox/html5sec,4a5a75bd67ee7ec78fa5e93b46d4d4742e574266ff8942b31b30cc8fa57e2dd9,false
XSS-3281,xss,PayloadBox/html5sec,9a97f5a02ce38ed6b892ffa1197935491f77ef3981f7ca201a32a112e47b03c8,false
XSS-3282,xss,PayloadBox/html5sec,a5276724072bcbd7747b6a167aba4d9ee179bf6f3a3aff99ff4daea521712fed,false
XSS-3283,xss,PayloadBox/html5sec,ccb1dff14c4efc8a2bad514677bffe9219bccf996f9a655d8b6acfee597c3d15,false
XSS-3284,xss,PayloadBox/html5sec,0a8398fe933d457ab2da867c835ec5361d5ab0049dff57d2bc3a596dd3c5b1f2,false
XSS-3285,xss,PayloadBox/html5sec,16d4179f75f465fcb8e357fa990b63edf7af94c48a181a0c3590d121e1cddaa7,false
XSS-3286,xss,PayloadBox/html5sec,3ac51e2b03f0fd56e8ce3f32b0a294270efa527ea0804bae6be0890e0837dd75,false
XSS-3287,xss,PayloadBox/html5sec,5fc3d9a08f55f76b72c34e0354a8d7ad27e4ee626484536ce9746996ddaffa97,false
XSS-3288,xss,PayloadBox/html5sec,9f33078cc646278a39e0d84b2747670b252783ef77afc19a7d052abf94cf26d3,false
XSS-3289,xss,PayloadBox/html5sec,e3b8da6990079eedf22b8e36517ce8ed9ef54370b3792783508357261d578288,false
XSS-3290,xss,PayloadBox/html5sec,52ecda584a09924b7a0ab6a530f63424c9bdefde9f75add6d2b53f97089f4207,false
XSS-3291,xss,PayloadBox/html5sec,c296836e7b59eba5da246d635c03fd888591e50a67b74add3d2190e8e1ee5e8b,false
XSS-3292,xss,PayloadBox/html5sec,18640a9c1b9cdbde9cf8c0f0f0bf228cf9d7d249d096b5f426454a7fda9cf238,false
XSS-3293,xss,PayloadBox/html5sec,c4e21939a80ff6cf9056c31f35397f2cba0cf09d662cff30e58e43623eaff5d8,false
XSS-3294,xss,PayloadBox/html5sec,618060933858163c76f2bba4eb7d9e2006237ef287d39ff2cdd3c20124f9dafd,false
XSS-3295,xss,PayloadBox/html5sec,3cf78ccbc3833c2a26c616d52175e9dc3541f084554a24e726ed86ad3913bb21,false
XSS-3296,xss,PayloadBox/html5sec,f9806397a442914d545d9b5cc2598b2bb55073ecfaa3f60fb79720f9b165d63d,false
XSS-3297,xss,PayloadBox/html5sec,fa489d728af3dfc3e29aa4a39133de67808342e6b40bd3c40a11896ca5462d3a,false
XSS-3298,xss,PayloadBox/html5sec,71adc57cacd06e8aa44da65624a7b3cad3d3a9226b540e84505d5f8a1481e399,false
XSS-3299,xss,PayloadBox/html5sec,8d826f6d941ba6601b6a8e08251c2cdc72f4e1a8d0e5d4a4e8b964346cf3dc37,false
XSS-3300,xss,PayloadBox/html5sec,73d7a16e8918ac1463d31b9b107e3bc32ab35fcf3d0d7fcf3f60c86df96c4e3d,false
XSS-3301,xss,PayloadBox/html5sec,78390f73f1dd58df9ee68483afa64c22c5a178c0a9bd731e1f4c8ef43850796d,false
XSS-3302,xss,PayloadBox/html5sec,234e077468140151ba06b0324c239864cd24e2ba8e606919bd1cd716346c5d53,false
XSS-3303,xss,PayloadBox/html5sec,e268879fa6d65c95e40cd2701127f7ea964e9b6d54a9552e34abd0eedf163cf7,false
XSS-3304,xss,PayloadBox/html5sec,862c05b859767515adbb8e21687a3694ebd43b9e20330c901b5e1c9b44dbd205,false
XSS-3305,xss,PayloadBox/html5sec,65b76de63d7be4bee411c720059342ced55f3bc6723804899ee002dae8e68ee1,false
XSS-3306,xss,PayloadBox/html5sec,72d9ede1ea9fc54257786ffba023e30736ca979c2bb411efae39b046887a5474,false
XSS-3307,xss,PayloadBox/html5sec,e086d3815fdf0d35cfbcccb03c584bb65bf3c11d5cf25b5194f659f3d72bfb77,false
XSS-3308,xss,PayloadBox/html5sec,849dbea267a3c70ed67f83ea3d4c54226a8f65bf715694d5b0e9c4fa50e2f9c5,false
XSS-3309,xss,PayloadBox/html5sec,f490534ecdb7817e5192ab38ba030a02eefff5e03eafd45270e4fd6a389e771c,false
XSS-3310,xss,PayloadBox/html5sec,1478756b3e101966a6aa5e9854340b889341e939b0431545b009b32a6b37addc,false
XSS-3311,xss,PayloadBox/html5sec,8092ab29874467237fcbf672ea5d2dcc36d07fb50b0f3f3c28070890775ab3d3,false
XSS-3312,xss,PayloadBox/html5sec,7f5b76b6c9b251064ea6da38cf595520fbbf200a9bc1de3b0a4fde504ee3aa9a,false
XSS-3313,xss,PayloadBox/html5sec,ab497fe76f69732dd4afd21fff95cd15f9c7b85916544ebfd251061ae7388a3b,false
XSS-3314,xss,PayloadBox/html5sec,cfd8b4c245a82519c1974fa91c808e270c0cf7828aeb4195750bf998f107b923,false
XSS-3315,xss,PayloadBox/html5sec,3de8cb5dfd4b97f3225f1377f5e54367a894486b33ec18816b5f38f42b4c687a,false
XSS-3316,xss,PayloadBox/html5sec,27d63ab64c35def07824a21e8105b28a12a5b595f1368221eb45d6340d372441,false
XSS-3317,xss,PayloadBox/html5sec,e9409e083f549e3610678c3dde782f07743bfbc606e5be71b47cd70355be48f8,false
XSS-3318,xss,PayloadBox/html5sec,aa9af17834e5ead20d7ed71e2bd87fe346fb30b7785cf82e384a97c200d1b538,false
XSS-3319,xss,PayloadBox/html5sec,1a7a89bc4b25a00d15ca8a204caa24ac8c7f9487b6a6d16fea5999038c0d922d,false
XSS-3320,xss,PayloadBox/html5sec,69efb0ca9c90afaf6a55b822e3d9ff526c6263132921dcb9a9aef946a2740538,false
XSS-3321,xss,PayloadBox/html5sec,b2767ebf60384aa02534bce9ffa7ae24a4c3a19b13c6648f87574be02959e150,false
XSS-3322,xss,PayloadBox/html5sec,2ffe8aebb62e7f1d11353e1f0292a6f0bd4f8da8a4c51cfca20d0fb861f11506,false
XSS-3323,xss,PayloadBox/html5sec,1eb5aca96931b97574e2bcbd25c0863dc6b64a2a8693f787cee6a252042eab18,false
XSS-3324,xss,PayloadBox/html5sec,0364ff68c4ba2aa0ac2047a4daa5ee74d0a5b475b42be594bc44d56b3dd0d5a7,false
XSS-3325,xss,PayloadBox/html5sec,4cbb8cfc78a12dc6a78fe8b733074e75f3a556baafa821c3b4594362c797f1e6,false
XSS-3326,xss,PayloadBox/html5sec,9b26eda63208410ec10826258154c725e576ae5b4eead9f088e5139b8705cb2d,false
XSS-3327,xss,PayloadBox/html5sec,31ebf6c71fa7cf0fb23016ac1d62f34be5f96550d3d78ee298f91440b14f43ea,false
XSS-3328,xss,PayloadBox/html5sec,fe56d212ca32851c5e311163e6d892d94c3910f1b6e1490dde574daf76165585,false
XSS-3329,xss,PayloadBox/html5sec,d7ccea3a1436e477a9f6dc2f06807ccea533cff8d2ed5356272eefa58f9ac20c,false
XSS-3330,xss,PayloadBox/html5sec,1783b170a8249edcc626ef0b456dfc736da173b3ecb4dc69f9ef4e2d0ca91b9f,false
XSS-3331,xss,PayloadBox/html5sec,c76851305bf5d6c82fc3e8fc0f0d7c3711c45684056dc1ac4a7a3c98916a95ff,false
XSS-3332,xss,PayloadBox/html5sec,a1483e716a3cef3fabc6c2f2e1c73d78c337565524b9078b63612424e23ff377,false
XSS-3333,xss,PayloadBox/html5sec,5f0f4e59af3f01f082fa9ad189b67052df124eb98e546b8dd3021f1387efb78d,false
XSS-3334,xss,PayloadBox/html5sec,a8eb932ee78ccba61a381e0d26077fea2152751ac988acd884577e583e530851,false
XSS-3335,xss,PayloadBox/html5sec,601521eae7d5bdef723ea340e0dd32f1d4f5c873343bbe4b8a4a3d0abaff1aa0,false
XSS-3336,xss,PayloadBox/html5sec,30e6035a47537c724f2520a300d23671196184ba716c0a09bf435136565120a4,false
XSS-3337,xss,PayloadBox/html5sec,832b1412634570c71917e1905c136e38aed88b5db300db420c2af432a81befb8,false
XSS-3338,xss,PayloadBox/html5sec,80fc2c9fd9bcb0f73bf79900730f3740f788a76a5c418b888be0daa0a18c74a8,false
XSS-3339,xss,PayloadBox/html5sec,cea3cb9a6367d24ddc58a967b12c9833922fa0101baa034bedff7956f6c5fd69,false
XSS-3340,xss,PayloadBox/html5sec,a0b8de61c7553a9b3ce2482bfe9889c2174a6d031b8dbbd6f9be2ed378bcb43a,false
XSS-3341,xss,PayloadBox/html5sec,b627f39ae8ddd5d95a6987a52aa3597f6967a0abeee482f08ac0620f1f807935,false
XSS-3342,xss,PayloadBox/html5sec,45b8097c025c42b4460b26f1f0707cbe193141a1567f145cad7cd8576c28b2a2,false
XSS-3343,xss,PayloadBox/html5sec,da7b4f1903f43d9a3c7fef66d9644b089facdaa540bc79077caa5dfb15455bab,false
XSS-3344,xss,PayloadBox/html5sec,d08879001b2ece2b8f2ea343ed67988e578fd980281165619280657d17b85ef4,false
XSS-3345,xss,PayloadBox/html5sec,30a7c8a0b8222274aadb9c780b143c7c962c2efbf1bff6bb87aa64a8e4857e64,false
XSS-3346,xss,PayloadBox/html5sec,f7ec1b36d1df18f8040ffa26de6f58691be39b977fd7709f53ff65d7f0a39688,false
XSS-3347,xss,PayloadBox/html5sec,4e03cfc5d98543a72a0cafd90385364b6a4043b14d1c910d4e420354c102973f,false
XSS-3348,xss,PayloadBox/html5sec,f63ce1b49c542498fd92bdc2d2af0ca66d7adfbeb8ee31c262ee059331494175,false
XSS-3349,xss,PayloadBox/html5sec,909c5367dac4ec88bf8ef7f83c6499298f67a1ac58c566c937aee91fb5ebb5d1,false
XSS-3350,xss,PayloadBox/html5sec,72843ee61d1d473f404fdee46bf795b33121525e3d8fdb0ded664edfedeeca21,false
XSS-3351,xss,PayloadBox/html5sec,088208c1932821697b21b8b20a2b608de7cab41691a32aa983c5c4d9e2d2095b,false
XSS-3352,xss,PayloadBox/html5sec,2328665d678d1ea78f419a144886f5f74ccb8bd44558ca5abe393c86602e0ebc,false
XSS-3353,xss,PayloadBox/html5sec,b4272f9952db41efa386af6ea93c98db5d3f8d55bbcc1e1db25765a1c911ec00,false
XSS-3354,xss,PayloadBox/html5sec,fe0413f8bbf337113838f1afdad4511f48be757cadb3dce434ca5c990860b2bd,false
XSS-3355,xss,PayloadBox/html5sec,83481f445bd7c606041fca8c234d29e04f89990639395ad62536946e5f579a1b,false
XSS-3356,xss,PayloadBox/html5sec,b3b312514bb430a5e143e7157980135e961c093ec80f925c3138542e7e6bf255,false
XSS-3357,xss,PayloadBox/html5sec,5c547e527404cd8ee4a511631b3b6a2220ef9c21d599c84c4538e366a8fe92f4,false
XSS-3358,xss,PayloadBox/html5sec,bebcd925fa250d0cc457c97cff00e5616ca070f589c734b4f93f35f52be69dee,false
XSS-3359,xss,PayloadBox/html5sec,1d34382b5d313fc7ebac7b5a448cf26d4f6544a30d065931c2308e114dc46f3e,false
XSS-3360,xss,PayloadBox/html5sec,55142da421816635f0171db2a636892e70faa2d63e8f73f3bffce721f20a8beb,false
XSS-3361,xss,PayloadBox/html5sec,774188ca8016463101690e12bd51a1636a3cdd804ed7aeda74ccade3a59e9eac,false
XSS-3362,xss,PayloadBox/html5sec,d1dd5854216f0fe5e9199a4e2a6548ff200b56356e4705693833b20cd40e40c4,false
XSS-3363,xss,PayloadBox/html5sec,2b563cc5d1fa14e89274e8a51aac20a6cc02c84395013636955a741865b322f0,false
XSS-3364,xss,PayloadBox/html5sec,ccdc58709ac0843a99ea5d32b35e71a4947d783fa748afbb0ddea340c3227743,false
XSS-3365,xss,PayloadBox/html5sec,396b8dc96a7bc9ca26e7a302f5ba9fefaa6bf263d4b0962964bed5467baa365e,false
XSS-3366,xss,PayloadBox/html5sec,fb49f636ef9208dbd9d70302eda291fc03300a40158f2bfcb454e6b0aa173d6f,false
XSS-3367,xss,PayloadBox/html5sec,8ad392358c818a10eceeecec4fd7f59e91a68d0015332ba36c05d3b0029f8d0b,false
XSS-3368,xss,PayloadBox/html5sec,613d88de04bc0dd594c33cb83c6e21723afb1c8f5bb3ea50c95675da84b6fa97,false
XSS-3369,xss,PayloadBox/html5sec,b42819bfdac1464bf8dfc163cb38504cb4767ad5468030cfb257f70a3aef1341,false
XSS-3370,xss,PayloadBox/html5sec,a3259b8e93c726946d692a1b272efe45d0e79845bddcef2437cb15fdfd42899f,false
XSS-3371,xss,PayloadBox/html5sec,52519bea050328ea3719735ff47c703699ffbf4f5889a82c3b2d97341feefed4,false
XSS-3372,xss,PayloadBox/html5sec,b629e754c9c545d53431ffeaa0f0157729bc9333742cf3811b003eab9033f1f7,false
XSS-3373,xss,PayloadBox/html5sec,b0a09d0a2cffa963cca2f6484cae7073ccc81e263c60de0ece92d1801e4bbf37,false
XSS-3374,xss,PayloadBox/html5sec,8f9f13d8a0f2017de748a4a252d2f4203110c099ed27b7e2659982697bde905a,false
XSS-3375,xss,PayloadBox/html5sec,072d23368a33d6cb149961bd6de72a7abba36ed6cf00f26d248f7a65a048a47b,false
XSS-3376,xss,PayloadBox/html5sec,21d71d4eb6db0d92960f0a0702ae0a0cba8a65e9122c42c4de95384cc4ea4314,false
XSS-3377,xss,PayloadBox/html5sec,337ddfdaa4a6649fb9424f702971dae05ce796f6322e333ad1ab3c4ffb84f5d9,false
XSS-3378,xss,PayloadBox/html5sec,f14d1981218996afe3706fabbe12d6b02ed12c63c3e9e3944226f694714ddfe1,false
XSS-3379,xss,PayloadBox/html5sec,95fe6d47d3fb5c1ee0ba0c07702543587769d11131bf06535a4229ff9d2e3130,false
XSS-3380,xss,PayloadBox/html5sec,ada332169e1bd2660fb4ed35a08df8bb46e76eeb506d3132ff658c7dc1f1b810,false
XSS-3381,xss,PayloadBox/html5sec,005de38db2a1e92ac2cc86c12f0c918348eee76088162183385162903a311d00,false
XSS-3382,xss,PayloadBox/html5sec,c1c8f4e91a7ea722591abe2e6909bd7e0cac7064c9454ea858eae8cb7df75d02,false
XSS-3383,xss,PayloadBox/html5sec,a3cdb4aeeb5724bcb7ef81b092306b0f4da510798c390d069f8f9a6ff3d1f77e,false
XSS-3384,xss,PayloadBox/html5sec,db71b77d6dc291d4588fe0feffd1822569af5a612a0e946550a0b897710afe65,false
XSS-3385,xss,PayloadBox/html5sec,9ea270ad86465b2db86c3f52ea3252d7b5079c9d92225efd915c30f96e74d615,false
XSS-3386,xss,PayloadBox/html5sec,a93e48693f665ef62894c9a07489da0cfab25a259d652a3d6a163d162f8c6a45,false
XSS-3387,xss,PayloadBox/html5sec,1a261ce1f0ccd426a70a3c3abbd8617482e704b9d2529c84bd3e3f1fe78e1a67,false
XSS-3388,xss,PayloadBox/html5sec,21728d68b07739a11dfa5d821c269f444b3794d5d2d4b7e38698d2fe33a5e2ed,false
XSS-3389,xss,PayloadBox/html5sec,d9a83cf13dde298f24e0d0da2cc17bc0de39f39a631cccb2701fbd589a82cbf5,false
XSS-3390,xss,PayloadBox/html5sec,2b9da3aba350a0b256e2452f3fb0544ea3129e47842bde8c63efc94f56915e44,false
XSS-3391,xss,PayloadBox/html5sec,edfce99abbef84ecfd58739ce0e550567bd12d789829e25d1d6f0bd1581f7dfd,false
XSS-3392,xss,PayloadBox/html5sec,5fa98326717f1063ae25e5b0e4517c25d98dd475a42a3088e471eb57c6034922,false
XSS-3393,xss,PayloadBox/html5sec,fa782e6a7ebeb2776ef8d647d6083c97d126731de4e3ffa690dea550931cd2d9,false
XSS-3394,xss,PayloadBox/html5sec,67e58b4bc44d9c913ece0e80843ef86482adc5e51f2a57500bc83539c00f9a93,false
XSS-3395,xss,PayloadBox/html5sec,4a96f58daec86b7ba3a0952f1a64259469e7436b56807b99e5387f06f6896fa0,false
XSS-3396,xss,PayloadBox/html5sec,46835716718af3ace4f7fd72e760b12abd29d6c42edb5c80a12b4c8cc3d140a2,false
XSS-3397,xss,PayloadBox/html5sec,8b4953d618b202cb9949e43973cde6afa03495ce70512f10d756dd2121623459,false
XSS-3398,xss,PayloadBox/html5sec,1ed7b0b01d249e0e4017daf64cb56b433c1c8acaa0ab7a8ce40a9112d7061f5e,false
XSS-3399,xss,PayloadBox/html5sec,e6b27d1ae7345b34ce007352caa653bffc72e1905d352df23ea549db52caf3a7,false
XSS-3400,xss,PayloadBox/html5sec,6515b90dd2e428193725b143f1650f82151210489b192e6f5d28c07494613da4,false
XSS-3401,xss,PayloadBox/html5sec,f7ae0ace0ab2790238bf62f801cb538cc174f4cbeb627ad1704d32a4769be120,false
XSS-3402,xss,PayloadBox/html5sec,773374333e9ffdff9e641f328e7496d4d7d96b336ccf8bc8d701811052e3dcaf,false
XSS-3403,xss,PayloadBox/html5sec,399d169794fd962fe11a6e83e8ddea4a27194f23a5591dcbfccc4c94b5223339,false
XSS-3404,xss,PayloadBox/html5sec,5360b8184c245f31e60a099be237282ac4d4daa444efb2f794e3afee9b042ce1,false
XSS-3405,xss,PayloadBox/html5sec,247828f53359b17c4e64c649d69e5d5db4e230ec6027c90bdd6109fc2ae1d7bf,false
XSS-3406,xss,PayloadBox/html5sec,ba3ada0cab1041f936f9834894f5060ebad649f5c0eeb92a7e65c04cc01d5e10,false
XSS-3407,xss,PayloadBox/html5sec,2e6fa4a15d7974102578788e7e9d4d9e5cb5aad89d337144c3adf73c9f865bc5,false
XSS-3408,xss,PayloadBox/html5sec,836da3a481ebbb12e1831c754ce430fcd9248ede8e88c01e0ac9d4b929d03878,false
XSS-3409,xss,PayloadBox/html5sec,b5acff3fc53e4dd5f81f6cec8227f3c7a760f830274ce0fa44fac6c2f677be1a,false
XSS-3410,xss,PayloadBox/html5sec,56c8d2ee534b71b0a28689319bcb55ce712622955ed26e2d3fd3833f21f145ee,false
XSS-3411,xss,PayloadBox/html5sec,0868165384479a566c85c47ff7dfb338d91f4eedaa727187be4af630f4572815,false
XSS-3412,xss,PayloadBox/html5sec,5afbd674cd08ee27be937a8acccab9af82a694df35eca7d194b24d80c5bafff0,false
XSS-3413,xss,PayloadBox/html5sec,2660e6309640107b9161bfe34d325790ff1653c7d935dfb24140452732397c84,false
XSS-3414,xss,PayloadBox/html5sec,2eaf29f3182afe56b9ed9c16e2de37e7ccc23ce41b5106487e1cd91e7d163b24,false
XSS-3415,xss,PayloadBox/html5sec,afca589c81193745f00bea556431a61224be351e474a0d297731704b4d353737,false
XSS-3416,xss,PayloadBox/html5sec,e695f18d342f5df37e0a653c87c2249e05c032ccc85fd6f31581ecaefca9bb09,false
XSS-3417,xss,PayloadBox/html5sec,3804f45e3d3712ab47b3903ff88450e111a824729e2c744c1df98090fba3fc25,false
XSS-3418,xss,PayloadBox/html5sec,e16468862ecb8a22c260dcd7376429420083767f0902bf8269c57034e463d77c,false
XSS-3419,xss,PayloadBox/html5sec,4eef89ec4bf19fb9b6e97ad71e342364c344209a03f40fd131c4c4fa8bc600e1,false
XSS-3420,xss,PayloadBox/html5sec,b68aacd3b8d2d842a87bba34fa494e4d637a1e51514774d9f82b6c69e63d2cc3,false
XSS-3421,xss,PayloadBox/html5sec,5d3bb9961883c4e4273d566ff7b97eb522ce9010808f1046a540541dc2a7b8e5,false
XSS-3422,xss,PayloadBox/html5sec,241c55b5e65d441c54defee72b07b05c06d433d5b45605daedba01c2c342d75e,false
XSS-3423,xss,PayloadBox/html5sec,5c5ad97fff68219c7d8937242c7be7f74009b2ccdbafb7394b27ec53e5a80e62,false
XSS-3424,xss,PayloadBox/html5sec,aed650291c0f9ceb4baa0a49917d5e3d3b06a08739bd4b910aa1d44a9661e9de,false
XSS-3425,xss,PayloadBox/html5sec,d528969411b5bb086c48e14068d0f760e2ffa518840e75c034156de563f6e6c2,false
XSS-3426,xss,PayloadBox/html5sec,ab1018fd5da331d2842fe1c876706dfd86359ebff6313081d66802327f2fcf36,false
XSS-3427,xss,PayloadBox/html5sec,7a879af7f0713825df0c7d734b64a94890a5e21092cd9535dad1f856fe4a88aa,false
XSS-3428,xss,PayloadBox/html5sec,ace24bcd9f7b477e174c3e4263eca76b7bf180c8ca302db105ecfff94140440c,false
XSS-3429,xss,PayloadBox/html5sec,7d7eac58571dd65ada75a84ae29fbd75804d3bc6eccd5207a17c2916a316a8db,false
XSS-3430,xss,PayloadBox/html5sec,8fbe11b5eec78c589154381978b38b3add3e51bf7f7543ee2369828cf6f111db,false
XSS-3431,xss,PayloadBox/html5sec,49139290f336b7f11937b3a8881f79d04296e89587d7c80a702309b90e782607,false
XSS-3432,xss,PayloadBox/html5sec,c541ce77c6f1b477e0b85f3305be0aff2c1e7a3b45037ac91efb11c450d0be21,false
XSS-3433,xss,PayloadBox/html5sec,b1bb4a85c38272d3f90e574e073a887d4347eb20e5a0afbc432fbe2eb7699e4f,false
XSS-3434,xss,PayloadBox/html5sec,e9132137eb49365214f7fd04099245cc4134622d4fe34fdbe04a8b544f76e699,false
XSS-3435,xss,PayloadBox/html5sec,cee5cf2e508ef99269e59f124a883fb78ee9e7ca1c52868441ebcb08f56b503e,false
XSS-3436,xss,PayloadBox/html5sec,ae756c0e59968fbe190eb9cea9a0525eeb4220ee0de8778d58b73522dd3e0ad7,false
XSS-3437,xss,PayloadBox/html5sec,cb5382c04dd53ad482699121ec72e93dcc8545bf66fad89deaf85bd94e7e5c2d,false
XSS-3438,xss,PayloadBox/html5sec,b3f77e8bb30a423d8a314585b6041bb8437a5bb9d1808f90f5908fe33ff52294,false
XSS-3439,xss,PayloadBox/html5sec,001c224b4382736753cc30400db4995d06ed54d261e9daa5028a0310a65dc0a1,false
XSS-3440,xss,PayloadBox/html5sec,12c4c676fd136f14f49ea2e08e9a9bdaa015a4b78204d50ed90e516d1005ec29,false
XSS-3441,xss,PayloadBox/html5sec,bb2748c6cb8e6937bed92dbd46482f2d534ba005deaa6062f1bb06246155b560,false
XSS-3442,xss,PayloadBox/html5sec,e695507c064086694d9d8dc6885c7687cef0c0fbe3a61f6b4b2f01238104a2a3,false
XSS-3443,xss,PayloadBox/html5sec,82d5f172441ace918af9fdb7b2c408022393450dfa32b59d20fda55d89f6392c,false
XSS-3444,xss,PayloadBox/html5sec,a609ae3789cc7839701c5af6fb3ef4389a1d7e252f566737e35fab24a5a25811,false
XSS-3445,xss,PayloadBox/html5sec,12f5ef601b04f57d0205e83834672a0b4320eb939a09f189188b3f07c28c2274,false
XSS-3446,xss,PayloadBox/html5sec,d5f0753c51c05a5b606cfe69bcd4c166cbc659a567d074860d7e561d44ff7a79,false
XSS-3447,xss,PayloadBox/html5sec,78e7dae08f8a8134da7c94e09c9cb9474baed66cb8826a9513799847dd597ae1,false
XSS-3448,xss,PayloadBox/html5sec,7910f0cbd3d799c2f521c3e84f7be5e658f820890fd5152794b2ec9f240e0c88,false
XSS-3449,xss,PayloadBox/html5sec,861e81f5685e39dc835dd27865b5c902a50bcae8db947dc28f30a0b42886168d,false
XSS-3450,xss,PayloadBox/html5sec,9bcb72d69924d5a4fb27e527a29a5bff52877ad361f5d13e1402e75030eb6b56,false
XSS-3451,xss,PayloadBox/html5sec,0a2bdafcb8a0968e1269d06d24cb7384e1bdc786214a00c74d363b35bd417313,false
XSS-3452,xss,PayloadBox/html5sec,8ae2067529dac0a0edf7783b5b4b1e292bbb39778d45c254ba91e491a1ebc4d6,false
XSS-3453,xss,PayloadBox/html5sec,06c1ae2cf14a4c4bf94bca020e6bf516573439bb9a11edc17f134e9aeef30caa,false
XSS-3454,xss,PayloadBox/html5sec,a6f0bda8907ba9447beda88f8d99d92e601b3548f445c86f0bb098b8f0075e1b,false
XSS-3455,xss,PayloadBox/html5sec,fac83989e41299ac9c20caeba3b014167965314b20abfb9323e7d56337922cb0,false
XSS-3456,xss,PayloadBox/html5sec,42815b83e192c486808678bcc4cbf53605953dacf89b9937a188bc247e98a18e,false
XSS-3457,xss,PayloadBox/html5sec,39865d7b3dd86da229fe93da7076318e88338fa1d216b919f410dc60aa914110,false
XSS-3458,xss,PayloadBox/html5sec,9629b863c467936da1eb7020ef5fbded425d8ccf82a5fbd213a6ef019894e46f,false
XSS-3459,xss,PayloadBox/html5sec,28d6da321a0f4e920475e81eb640ed4c04bc0a2ada64f2748691e6a9774419be,false
XSS-3460,xss,PayloadBox/html5sec,20ee71d19dc5e176822920ba8918cc7cd994e8c6decb90f8e07660be8043b8e6,false
XSS-3461,xss,PayloadBox/html5sec,ce698432dd72027e03e5c1f603f66f4da87237c820a430ae27ddda8f5fea2293,false
XSS-3462,xss,PayloadBox/html5sec,8ba25282658598d1251222a4d66b2ab722872476ca2493f547b69c32d7bac198,false
XSS-3463,xss,PayloadBox/html5sec,e0e52a0300de9dbe8df3d9860ff0d376a0c51ceda69c82cb727d80bfd67668ac,false
XSS-3464,xss,PayloadBox/html5sec,e0bf6b913c1ce8531dc105d8e33fc54490338a8891bea2c407344b5ea7146dc1,false
XSS-3465,xss,PayloadBox/html5sec,d222107ebd0ff3757ebb1420d7d86858f573cd57cb3cefd242736f79ec25128c,false
XSS-3466,xss,PayloadBox/html5sec,1aace8b568b6fe87f0d25d6bec795bdee0e2e360016542176f454b37549a9c49,false
XSS-3467,xss,PayloadBox/html5sec,f335d774d42a572a9b73bf0f94dffdef1399f9b6d3eb36c0220dcdb8d80473ed,false
XSS-3468,xss,PayloadBox/html5sec,4e402860b30dd896cde0c824dc8e73c6d4ee4d0143ca7a186044739b7ee1013e,false
XSS-3469,xss,PayloadBox/html5sec,0645d45a837fd2a3cf48212a39c105bb75c16bec57b3f2235e38c33d2765e260,false
XSS-3470,xss,PayloadBox/html5sec,bdba6a89ea4a2c011251e2bd05abf6ab28f153ac7354e53b983e5661162a47ab,false
XSS-3471,xss,PayloadBox/html5sec,13c2bb1b898c0f48f0c4bc215e6ffba0fe833dcae8e7a7a8d05dd9fd4559101c,false
XSS-3472,xss,PayloadBox/html5sec,644bb44517626711aad35bf5e632666037f1adae69a1efd145ed8588f1c0f01e,false
XSS-3473,xss,PayloadBox/html5sec,c522556dd34f7b4f1c18e6ee535c01adc69913086937d9de5df4d28d11f5bd02,false
XSS-3474,xss,PayloadBox/html5sec,030e3053b9b011196382b99d3eddc56b2f1f4ff23df0632b2e34ab0e521aa160,false
XSS-3475,xss,PayloadBox/html5sec,be5c2ea1f013ff7dd03fb88c2db70cfa76d6afa0a4d041f14eb6a35c743b62a7,false
XSS-3476,xss,PayloadBox/html5sec,dfbcddcfc000c217de55993dca6ca1102337f99cea2a0e119c7210ff9169c792,false
XSS-3477,xss,PayloadBox/html5sec,46346c62471b3597fea3c46cdf4559b7eb2f86f5b8ba14923b9db033d7fe17b6,false
XSS-3478,xss,PayloadBox/html5sec,d6e1fbfc8c0890294ce036f37a93115e6439cd20d3ba7dc3754b4480b1d413bb,false
XSS-3479,xss,PayloadBox/html5sec,ffc6376198792f0ba0d4531025cc9a6252757fa1a6b007a7015dc6aa01713593,false
XSS-3480,xss,PayloadBox/html5sec,ed59b459fbd003269a66505b2883fdafdd30cc74259ffb4a3ea5ffe45690b50b,false
XSS-3481,xss,PayloadBox/html5sec,f6dae09370aa21adbc6ab7ce65dea4006f0c25c5492247f59ae832e7e08e101f,false
XSS-3482,xss,PayloadBox/html5sec,6468ad9564c7db469c067e2fd5bdf4c15646c521090e78c961b3fa0921bb6d98,false
XSS-3483,xss,PayloadBox/html5sec,16b11969d97849e724c1fd62f0cf8da2087b6b724009c5a1c7e661f3934342d7,false
XSS-3484,xss,PayloadBox/html5sec,98da3d08e6633660ee3873761310fafb040b233057607dd3d114bc65dbda8af4,false
XSS-3485,xss,PayloadBox/html5sec,6478557e0a167bddb5d84be69323a0fd3362a5e7ba478a7e05100a395039e1c8,false
XSS-3486,xss,PayloadBox/html5sec,519cc703d9f82f57429972886d94811c4df297eb09efca4bdc712b2b5bd5f948,false
XSS-3487,xss,PayloadBox/html5sec,fc7e5256be00f1f3fef3251294daf66b42517ae73f2ad8190cd355176bdc7b9c,false
XSS-3488,xss,PayloadBox/html5sec,0a6769eedf42c588a5d820be2bc35abfdee49e392cd7b4d2f026f0d33367f7d7,false
XSS-3489,xss,PayloadBox/html5sec,db271e81a462d3b38a511d1b63a74f2c20a86550ad9ea2f02c77305faf4309ab,false
XSS-3490,xss,PayloadBox/html5sec,43448c95fa62a8ee2b89836e8507d44f9b550f0b5f373bd69562ed6c8ccc0fc7,false
XSS-3491,xss,PayloadBox/html5sec,14dd098e6e2b39e1cc9386b2e799e708d3b966c020dff3d68a6ac58b538536d0,false
XSS-3492,xss,PayloadBox/html5sec,858f1f7553186ff718378712b4499e4953d742032d8650ba9f95ea4aaf327a25,false
XSS-3493,xss,PayloadBox/html5sec,ecc8dbe0f593affe865d82afdaf5bc2edcb577adccd953a215646dfc1a6c5c45,false
XSS-3494,xss,PayloadBox/html5sec,b475aa08046a60cdf753c4c4d9c346d93b4d996fbf06da6eefbc64aa451cde1b,false
XSS-3495,xss,PayloadBox/html5sec,c6fd046f45eff899ed6b393dfa12319fe6d853cc25134af00df60a4610ac8232,false
XSS-3496,xss,PayloadBox/html5sec,5dfda6b7c5a7d13e97be8b01f52d073c5c8e40150cd63ccacf02f5ce60a7e326,false
XSS-3497,xss,PayloadBox/html5sec,3c3f1959a4333838526ea62323a1367d21677348153641eb8451c2beb33d6f8e,false
XSS-3498,xss,PayloadBox/html5sec,2f2dcaeeeadfee8d282dda3cdbd97b7df33cc48c93bdefdb6c61b698075fa645,false
XSS-3499,xss,PayloadBox/html5sec,0a9c681902b8637d33af4aaa52b64455f51c82ad37ce14c8f9f546228cd5e90b,false
XSS-3500,xss,PayloadBox/html5sec,40d8f2da3f42b009d1644a687fc83476f3f3f76a658a749916144789e0ff8469,false
XSS-3501,xss,PayloadBox/html5sec,b17c32e8655e83b2c3432991dc064dbe50c9a1605f91cba894de700416261b90,false
XSS-3502,xss,PayloadBox/html5sec,5ba9dd5137d314d7d212dfc38db61e4853d9a431b109f8d013001096758c01a5,false
XSS-3503,xss,PayloadBox/html5sec,48be18570c627737fd6caad93bcdc33ea891b3c4641ee4b2c26a0b1f77ca1a2a,false
XSS-3504,xss,PayloadBox/html5sec,3a68313b9422d8f5c8fe461d08239aa00cb889ba33cbbd4edf2e7da65081b4e6,false
XSS-3505,xss,PayloadBox/html5sec,c99c96d47cc25e86032c58781022fa54df81a5dacd55f84da8005781a8501d18,false
XSS-3506,xss,PayloadBox/html5sec,a10a3758ad75d9c5e43eceace7122169e5e407896dfe92fc4654035761e472b0,false
XSS-3507,xss,PayloadBox/html5sec,417a44b8074320b79ec81309b72e701c94876f7e238ef8fb32aace590245334b,false
XSS-3508,xss,PayloadBox/html5sec,9891bedbc00ba7d074078ef418f188f3b38af8e9d90ffde8e214daf08d456d47,false
XSS-3509,xss,PayloadBox/html5sec,e044d305ab2a2ca4ae2e43f083689c52be39edd3a7b3fcd041570a1a06b8f1d3,false
XSS-3510,xss,PayloadBox/html5sec,3eee52849092930783973ce57ebc6a72838f18cf3a83f27ff8dc23c1d5661ade,false
XSS-3511,xss,PayloadBox/html5sec,f683c00fde4fef71fe7f2acb6c5558e71706b4ddc1200e705a4ebab3ab9aff0c,false
XSS-3512,xss,PayloadBox/html5sec,e3f2486202c6dab97e7891d2dbc5d1b01c116feafc779d66a8dda3b3193dcaaa,false
XSS-3513,xss,PayloadBox/html5sec,bd23ce2eb82445a54e67737f3cb9140bd8586466366f2b01f50757a369631bea,false
XSS-3514,xss,PayloadBox/html5sec,3b153095d8307bde17f46e0e54df5ac9e09a516f30567b09bb1e7496e24c546c,false
XSS-3515,xss,PayloadBox/html5sec,da28b557159104c21f43ffb064f62a4eaa6538dd6d4af350a2573e10509dcf4b,false
XSS-3516,xss,PayloadBox/html5sec,e7e95fd7d6c3fa4361ad2a421155c4271ac65ec74cc14b61fac6d956cda3fe74,false
XSS-3517,xss,PayloadBox/html5sec,fa91a01ee65bc0cd583135fd0c678e9baf0c1b37d0078e81d7d4aca3ba49732a,false
XSS-3518,xss,PayloadBox/html5sec,38f0cb743532f657360f4865af052ba41ce5b39fbd28f2281001b24270f9ac49,false
XSS-3519,xss,PayloadBox/html5sec,6e2eea60fc2a7e36c25aa49fda4c10ca0646e80ff8e0629469e8923aa1dfd8b7,false
XSS-3520,xss,PayloadBox/html5sec,173fec5318770b67beb1fb2ba2cab14db1b77c60dd79d4177cb304c3224e7d24,false
XSS-3521,xss,PayloadBox/html5sec,c842dc515e3649a2e4beec16c8700dcd028ab165ca90306ca1d545bc52ccf356,false
XSS-3522,xss,PayloadBox/html5sec,7880c4fcf438a932a30da1b0af5d6bdb6fdd8e29586adb8c0bff4a49b3f27024,false
XSS-3523,xss,PayloadBox/html5sec,163fc2bbdda222ec5e6b5efc8d32364f8f33be16a96f8618314dfe7f5dfae5d6,false
XSS-3524,xss,PayloadBox/html5sec,39ce16d321982d0b28eb97aebbd9a3bab55cd8e3bf200854f4d58951236433b6,false
XSS-3525,xss,PayloadBox/html5sec,4d1a35186f1d052ac599613da2fa99b718c75a66aadb422b0d580e04e42373e5,false
XSS-3526,xss,PayloadBox/html5sec,f973fee61df435dd05b72ceffdcbabe2bdec58ac5a22c5739af234cf34941989,false
XSS-3527,xss,PayloadBox/html5sec,e5f4f458bc01cf667c7860ae53e7c91465b9c7bc5d7dd5c06e3549e6e7798688,false
XSS-3528,xss,PayloadBox/html5sec,a7afdc80ff1c9305ab63a704d5bde823b0d9fa0b71b168716acf3443fd1f1c9f,false
XSS-3529,xss,PayloadBox/html5sec,cfc1451b8ab3fda9285864deb41de12d2cccd0c77e5c9bace91351802136ec0d,false
XSS-3530,xss,PayloadBox/html5sec,39090e2e972659f7802227bea05847f61c5d0b7f82e77cbed5c1f620dc42cb57,false
XSS-3531,xss,PayloadBox/html5sec,330d779ba891b9fd3216b5e1b490403102c136055bd3121985a1c30a611d6b5a,false
XSS-3532,xss,PayloadBox/html5sec,449f1b6b1e464b04db12cf27500753b159b9c8ba2d4a409351b15f7b6b96b585,false
XSS-3533,xss,PayloadBox/html5sec,53ecb421f2d68b628f1a1a80a4d8c44a30e85611e0d0b13bb4863f8ad6c7d92f,false
XSS-3534,xss,PayloadBox/html5sec,250dee0dd4ddd7989a691939d57c1507174abba5915561671c4a652356c539cd,false
XSS-3535,xss,PayloadBox/html5sec,d556b5a90e146f10c87520a91ef63929a73cd291d11e0ac0e6c585d32bab83b5,false
XSS-3536,xss,PayloadBox/html5sec,8155f7ffd2f81b3c5fd74de7fcc0a65c639680efc050b360cad296d28796a305,false
XSS-3537,xss,PayloadBox/html5sec,c51e09e3c4e34b6ae5430421416a22b97c2155555c04468194555a2774c9fea9,false
XSS-3538,xss,PayloadBox/html5sec,81d8a753d81fae3f228173ab86f4ff4a01fb2313478704c66f587a891a5972fb,false
XSS-3539,xss,PayloadBox/html5sec,32a921df57d9fd5b797285b23e7b4de7331dbe660493edfd0c3ac19f85a32e26,false
XSS-3540,xss,PayloadBox/html5sec,e6c0450bedf995ddad9b39ebb073a80142132e5e8d35b75e9f9c830f92009144,false
XSS-3541,xss,PayloadBox/html5sec,9c5c20fb6255c808fc7df2a20e5f5f5d19909123b7f1f27785aa9c10e6328ed6,false
XSS-3542,xss,PayloadBox/html5sec,af9a45a2ba4e484cda5d4e8de20e16218a78f03e0e0ff6621ce267b5d2174dfd,false
XSS-3543,xss,PayloadBox/html5sec,45af1461f4c2a02185b6cf94070aa524d6fc57f3c4a3d4afe882db82ddd2951b,false
XSS-3544,xss,PayloadBox/html5sec,e8ba3b63047de92a4bc8e3b73ec7e43d3a7237a9ff6aa2f9cea38475a6cfa9dc,false
XSS-3545,xss,PayloadBox/html5sec,336caf8cd6a2fffb436b540c69fadeea4c440eb37574367f3226dbcfdc8191b6,false
XSS-3546,xss,PayloadBox/html5sec,d50d2de430abfa1d71592eb7a0ed06e0f7a4ba39506cf163df0fb43de4b22c76,false
XSS-3547,xss,PayloadBox/html5sec,e65d43f75b0f7d438a0fc0863ae5b76529dd74eba607b022cde5c0d4887e4d54,false
XSS-3548,xss,PayloadBox/html5sec,876bc2dd4ba5cc242f218988b2acb2259c5187b50b732e7a8e9432d3c339ba5a,false
XSS-3549,xss,PayloadBox/html5sec,a35ab17a211784641cd28e82ea36db733adcd747a3ee58f34893b3782c223290,false
XSS-3550,xss,PayloadBox/html5sec,6ed28556a90db2e290cc5fd2297deb8e268fc4ce96aaac88422a6e774b48835e,false
XSS-3551,xss,PayloadBox/html5sec,d6324006b26431d2af6fc498e280158aa7c755da8069001a481cf1ba2fa03aaa,false
XSS-3552,xss,PayloadBox/html5sec,6e29ff0403fda1f778e62ba479b00be6d5197661c954d7af9b9435739ef430a4,false
XSS-3553,xss,PayloadBox/html5sec,2695ae8f3ae6478dc5b2d9d86d7e42974568827794fb787f65a998075c9d08b1,false
XSS-3554,xss,PayloadBox/html5sec,9993d4e3ad3bd0bdd7657583e236d8a76eba5c4b133abfc53e6cc163ed1a2de4,false
XSS-3555,xss,PayloadBox/html5sec,cea2899de8754b1f92e42e2110404e75b740b996a7e545e5b55bb8e11bcd437e,false
XSS-3556,xss,PayloadBox/html5sec,849049caa624ac677ca5417ebdd1ec4654303847b9081cb0ed21ac379fefeaac,false
XSS-3557,xss,PayloadBox/html5sec,882bbe8265be2d8ecde3be2f77fae7bd289ca98bdf9c46ead4ea5551ab434cd3,false
XSS-3558,xss,PayloadBox/html5sec,3d59806f0f5d5c7ef728619dd4c046c3654d8bdcec3d7a0980eb15acb34fafef,false
XSS-3559,xss,PayloadBox/html5sec,e4de73b2b3ff9b15135545a50f18487d79119cd3531cd4e8be945662a9e8efca,false
XSS-3560,xss,PayloadBox/html5sec,130da546f9e02eb4d48448f1e1892f6f85d3404ab0f33ef65ef37f9b4f11724a,false
XSS-3561,xss,PayloadBox/html5sec,928bd471c146ca9bd1849f3044d2e7a4639ce0b10f5f00793a9b2092987cd4a4,false
XSS-3562,xss,PayloadBox/html5sec,2cb009488affaa36a9cd7b4c44c54169c9d4f83cc10a8a583eb10ebd65f92603,false
XSS-3563,xss,PayloadBox/html5sec,c7e394367ad37c07d9e2faf22f0d9601a90960d72d67994db542776a07a98d7a,false
XSS-3564,xss,PayloadBox/html5sec,725a3bc2d0816dda286023d1e0d73e5aca14d80d2a1b5ab45be2aabc78a4d93a,false
XSS-3565,xss,PayloadBox/html5sec,c8d0904bd0b40105771a229f6d5fa277623f3b4854b4c5768a69de667f825159,false
XSS-3566,xss,PayloadBox/html5sec,2111f0b5acf1a77db6f25780f08e612f04338ffa279f9d0d27b3ac92dde807ee,false
XSS-3567,xss,PayloadBox/html5sec,e924804e722db03fccb780e29fee34c500a498d9a30626afff533c7e16813f80,false
XSS-3568,xss,PayloadBox/html5sec,ef8f0e6b569225cfaf61a73092d76143fb4137d85f21350fe753959ad02d853b,false
XSS-3569,xss,PayloadBox/html5sec,9bd23d43c0bea5bed5ca0fedb20a62aa951b36c13400a2faa0a7a55113969278,false
XSS-3570,xss,PayloadBox/html5sec,ee58a41ea5e93f8669c8a2135774243210e2a480f222048929d619b917cf4e90,false
XSS-3571,xss,PayloadBox/html5sec,fcb311e305222c69de6ffffd1c4cb8a5db6ae51092b6402d8ee66235400e7148,false
XSS-3572,xss,PayloadBox/html5sec,ace960a4dac675962098a96c3830a51ea3eee1d232bdf2143a93461a02359b9a,false
XSS-3573,xss,PayloadBox/html5sec,ef81c9939258239ba2f8a416194c8aa6ff9deeb7bb5fa309780d584fde41c785,false
XSS-3574,xss,PayloadBox/html5sec,0ca930d9b477cc6bff148fd8dfd07dc198e9b7dda427c510ee4f2fc16cfb4a54,false
XSS-3575,xss,PayloadBox/html5sec,426ea705c7019623af8921c05b52fe4a4e628275df012ff45d010a6a66ff3deb,false
XSS-3576,xss,PayloadBox/html5sec,d73468d51358b1276ed5b673bdd672399a7167d139e94608fdff2d85be245b2f,false
XSS-3577,xss,PayloadBox/html5sec,1f92936a730059742eff39ff88f9b83a2afa36ef685215517a3c7a57f43219c5,false
XSS-3578,xss,PayloadBox/html5sec,9355ba1fd97d3d1de1a50bde94157256db0d67f4e1b4f34c9b86bb4546695274,false
XSS-3579,xss,PayloadBox/html5sec,3f408ab656f3d6538ab93886625d51298d43059fee41bb861ff9a57ecd07d533,false
XSS-3580,xss,PayloadBox/html5sec,391b04e9faf13e6a1ee369b5c521ccdc63b785993336dcc42abc50ec370460f2,false
XSS-3581,xss,PayloadBox/html5sec,f3801f1dda5c56cf4d80b6fb2e65566f4f55d283bebd276b87032f85c540c05b,false
XSS-3582,xss,PayloadBox/html5sec,596c009550a53876fde54487c8e5d8eec69dd3545555d583e446ce7b4631ee33,false
XSS-3583,xss,PayloadBox/html5sec,8ee2c26e2a9f25155e34b4bb96397e3e1a33ab0ee6bab876267f9679a708b0e5,false
XSS-3584,xss,PayloadBox/html5sec,e3dde74f818cecbbd0cf1059154ecc97594cf6b73184d9f8361c248d3ff50942,false
XSS-3585,xss,PayloadBox/html5sec,ff11cceaed1df776a4de542cdbe19c4a775b872a3f9f685274a7a26d89b58494,false
XSS-3586,xss,PayloadBox/html5sec,d15bc7550ec1b40ef33ae762154703f007fe658020c1c40ec5013ed3af591b2e,false
XSS-3587,xss,PayloadBox/html5sec,0c2e5c9ec8e669e9b6a977376be444b9f331df2902d8a3f99cfc54d396467530,false
XSS-3588,xss,PayloadBox/html5sec,53860e0a83681a219a28bc194ae4ffe9a3314305ee00b0e737b03f1c230c60f6,false
XSS-3589,xss,PayloadBox/html5sec,cbc6cb9f5d729eadb227cf3bf5441716ea34135a5355950e9bdf41a457ac7486,false
XSS-3590,xss,PayloadBox/html5sec,88084dde0509b014f144c3707d527ac0f0f07ec7933592f8fce13358be743188,false
XSS-3591,xss,PayloadBox/html5sec,6f7f8fa9c25522f9c4cdea37f02f58fbc09dcc8ae6db8150b7d5f3e1423fd2cc,false
XSS-3592,xss,PayloadBox/html5sec,2ac514a099c8b3cc406cce0dc4ae31c8ea69ac65633a82a16fcf22ad47c505fd,false
XSS-3593,xss,PayloadBox/html5sec,aaaa63bdf4b96a74184e3e1f507e36b59bc4a3e1da5df4739327adb92bb80b5b,false
XSS-3594,xss,PayloadBox/html5sec,2c9922bc1090e9bce4b0bc19193239303e5c10260f91d9ea9ba4c6762637da5a,false
XSS-3595,xss,PayloadBox/html5sec,6ca4e6db76df754cdecd6d2c73615a8045d9f027d5cbbfbaf01ccbab521e2be2,false
XSS-3596,xss,PayloadBox/html5sec,633bdee6d4931728bf605978e0a48e24f3dd0a9a60eec71bffe49e9ee95a6c8e,false
XSS-3597,xss,PayloadBox/html5sec,2ada4a666290ca4a55d4f92ad909e69ed3ebe6a12035fab8ebb5c86b5d37ae47,false
XSS-3598,xss,PayloadBox/html5sec,c0d89ff0e65bec771e56eb8b2774939843b9d1a99e0a9220ac6ac7906b2435c8,false
XSS-3599,xss,PayloadBox/html5sec,793c1f83806048afdaeb61222a12c903cf8e25013061ead5a09a3ab2a5db88ce,false
XSS-3600,xss,PayloadBox/html5sec,80407874be9051911f5263b0f03a928310f9e136d03b42d0d4c0d2a3cd26e90a,false
XSS-3601,xss,PayloadBox/html5sec,dcbfdbe9a4f6c8b9c0cd92180fe0e7ef9c49709b84d3c66c6a5daf27fba7e550,false
XSS-3602,xss,PayloadBox/html5sec,b1ce17908fca6aac420a7b017451c8ebd915538f162bdce934fa839e4c5a0766,false
XSS-3603,xss,PayloadBox/html5sec,7963025149ae2225031d485de2cebc063ea4d3709cfcb9c0d6ea7914daa2a78b,false
XSS-3604,xss,PayloadBox/html5sec,61b74f1f5088cadee2a4997f55da99d7365fe635cb053d5d694f74df4b0fd9f3,false
XSS-3605,xss,PayloadBox/html5sec,ba160498cbbcaa1497161405063b252905623f7da163a917bc301ea846acd004,false
XSS-3606,xss,PayloadBox/html5sec,75dccaa955eba8af6c47ff7f27291bc5e8cb564c87e47bc3f847f5adb490935a,false
XSS-3607,xss,PayloadBox/html5sec,ca510a54c997dced8b8ed9cd6fc7a8d4fb8414b0485f0ab67e368286c23f3eaa,false
XSS-3608,xss,PayloadBox/html5sec,282f12af5170859aadebaac55937cada6e2e8be4167a2fe8ca8529a0e532c81f,false
XSS-3609,xss,PayloadBox/html5sec,e343bafddc2d0183eff07883cabf97bf8d614a88179d47352138d00050c418ac,false
XSS-3610,xss,PayloadBox/html5sec,ceaea5c277d5fb1ec7f8700470fcd1b9d2022648c3ca5ae11a72af39c31e46c0,false
XSS-3611,xss,PayloadBox/html5sec,afa66d3a0971101d2e36ca804dd85b09c756fe367dd88c8d28ee1875ea91f173,false
XSS-3612,xss,PayloadBox/html5sec,7905da3407a1658bfb449d7785f482de5e9fb8a58e0bb193f3ec6bd15ec4b105,false
XSS-3613,xss,PayloadBox/html5sec,6c5981ce1e91b8a63e3792f898f169cd5dbc02114d9d571afe61a4a580621d0b,false
XSS-3614,xss,PayloadBox/html5sec,04bd5b4c1dcde503fa70e5a944c879ce327a4ee415c20e8ee70f45df54a9e6cb,false
XSS-3615,xss,PayloadBox/html5sec,e814071d93da46dbba22125c67c1611e28dfbefb750a9214846fd526386a6aff,false
XSS-3616,xss,PayloadBox/html5sec,f6829390a31fa42a69f74579a1f6ebc362152565b90740c2aa55110634f0530c,false
XSS-3617,xss,PayloadBox/html5sec,621ea0690ed7d731a8b8315451fea0331e974a6e4333372d136194a330b1b973,false
XSS-3618,xss,PayloadBox/html5sec,8a4ede3bc31e04153363b429668754e92c22bc5c8c44d47db09e85fdd6d8bc00,false
XSS-3619,xss,PayloadBox/html5sec,4a949ce0874bf0bda441f6a7da66be17be6c7d89393407c954a061185ee36fd9,false
XSS-3620,xss,PayloadBox/html5sec,e420372167867d7ac24381b46faff9db3640790a307dd92ba566f97861d90be0,false
XSS-3621,xss,PayloadBox/html5sec,049c380149817b50083e6797c8d86876d7511cfc41231f85aab6212977caf0a2,false
XSS-3622,xss,PayloadBox/html5sec,7d352ceb632a2b8b590953b01ba2023259d28653fe3411a9c4c57cd7e666f62d,false
XSS-3623,xss,PayloadBox/html5sec,622eff3f9b324bce24a50fa9e4f08ad92971f3a42e403096f4edbad912160afe,false
XSS-3624,xss,PayloadBox/html5sec,99781ee1b2cb5278a2cb93c23089cd8b7e6fcb7600c96a9e335809d5f171b456,false
XSS-3625,xss,PayloadBox/html5sec,c189aa9edc8b5fcce2dad417e450777392aaee30462fb020191bf1ed75b832e8,false
XSS-3626,xss,PayloadBox/html5sec,3a2c083cc859cb3a0ed61cab90031c3f635c63dafb3c5d44d516fb63bdd018aa,false
XSS-3627,xss,PayloadBox/html5sec,894a660104073b6015296fcce2d8d324192d19c788fc4f05c61259bf34fd9ce7,false
XSS-3628,xss,PayloadBox/html5sec,b918da67d5b4698d61ca12fbebd0690275a475b9250f3ab4acbeb69cdefd3693,false
XSS-3629,xss,PayloadBox/html5sec,4c419d322ab3f0accd8f993127b9da07706f4120b36b378d16fd2510322167d1,false
XSS-3630,xss,PayloadBox/html5sec,81b9df4b29010c199ba91e2e47b489346b8f8fcc153347153872fc278403cfec,false
XSS-3631,xss,PayloadBox/html5sec,8c8689dfe28f426713158590589589d7f9e85e2423f9072e312bc1d3d8ec4aa8,false
XSS-3632,xss,PayloadBox/html5sec,228c129cf26e9f0c0e75f309470abb63eb4e9eafa8d93224be1ff2c87d5cb972,false
XSS-3633,xss,PayloadBox/html5sec,69bef0fdf6c8c5fe75bc87d57c96d17bb75917a53eb41095de82787485396b06,false
XSS-3634,xss,PayloadBox/html5sec,66bb2df6cb6e88973a1eb12fff76a3966f7e4ab42f7b590eb2c0384faf95ff0c,false
XSS-3635,xss,PayloadBox/html5sec,778a52eaa1f3b23377add3f0bfdab515c36ea7e5b7e0aa83d60cd9fa4c525ce7,false
XSS-3636,xss,PayloadBox/html5sec,1cd6a02788c0617aad63467d0b818a91095cb53a2571051c2c491cf9852c62ca,false
XSS-3637,xss,PayloadBox/html5sec,18b8eadd25379d58a846edcca9f625fe49fed79f35fb64a26cf61a4db904257b,false
XSS-3638,xss,PayloadBox/html5sec,6976723fdd963faad11aea2db622b0a565b6fa2d31c5b96ac97fdf37725aa7a0,false
XSS-3639,xss,PayloadBox/html5sec,4b433ab59b84df213478cc21e97e1c1b30af583ee66064e7c1a05b0982c59f7e,false
XSS-3640,xss,PayloadBox/html5sec,cbce36be1419e589e492e819b065957a2e0747e3b096332df4f7710303cdb572,false
XSS-3641,xss,PayloadBox/html5sec,15e400a80b280a7ff10f36f582355d8181df18b7eb025dab6a38b309474b9bd7,false
XSS-3642,xss,PayloadBox/html5sec,cfbb792d063e538507d4049eabf2792d2442f0203cd527d5f5f2888d2f3241bb,false
XSS-3643,xss,PayloadBox/html5sec,9ee2d2ec46f3f20a1b3d4fb4e60120cc636ce33fe42161417d63a85493268be1,false
XSS-3644,xss,PayloadBox/html5sec,80ea444f44be4d28502c077ea747368288f2c5f97d50a9896ca37aa6b39ceb8a,false
XSS-3645,xss,PayloadBox/html5sec,dad696f8a4938b666253f0b5cceb4f3ad481ad00dec7a0c96c2571978aa5e93c,false
XSS-3646,xss,PayloadBox/html5sec,9b6b68456de77b2661e752dab30729cf3b28168bfe28369179b729ed7a4c5de2,false
XSS-3647,xss,PayloadBox/html5sec,2947723d72cf2b55a6606aec275cbb7ca1e41feaaacb830e21f694c51a595228,false
XSS-3648,xss,PayloadBox/html5sec,bcdd084fcbc941b6dbb31447f6f5a29124260a403e6f225ca154689d3bb34250,false
XSS-3649,xss,PayloadBox/html5sec,05d48aa12a5a3db9e461ab1ad629815ea5fdd336b2dcc01656dfb162f24f7cf3,false
XSS-3650,xss,PayloadBox/html5sec,9b9d0bfb5c40eb02dbf3c083e854ae399bc0f153193d215d88b7bf0b4cfcbe5f,false
XSS-3651,xss,PayloadBox/html5sec,e81810811e40d5d3ea9b3a343e895b751786033d1029e7a4d42ab2dc7dee0d21,false
XSS-3652,xss,PayloadBox/html5sec,73f3584e566fca3ed88f09f67db3f707d5a14c767b6d309c125d01dd041732ee,false
XSS-3653,xss,PayloadBox/html5sec,583d604121b7c57ed86472033049aa41fe15736ec0af72d42dbc8b3cb5a2e008,false
XSS-3654,xss,PayloadBox/html5sec,83d2ef37397a0e713fe5a5f6e9ef5c9d7a6a23d6991195bea880d062ee021ee8,false
XSS-3655,xss,PayloadBox/html5sec,b305443b614a8e850d9d75b863a561f19b03c4b54d0a519fbbe27c6c70811f5a,false
XSS-3656,xss,PayloadBox/html5sec,c7d355ad33b80de158a20c05b541cb22c1c891869e6405b6e215e7957b0fdccf,false
XSS-3657,xss,PayloadBox/html5sec,c9a066b06801c9a611906d85e4e9e34cc854e1161ea9429a5d892e414a8b7ab5,false
XSS-3658,xss,PayloadBox/html5sec,a513a0ab231c67a76d712cbaf68116af5f64d3b2b648444d2a6171367558179c,false
XSS-3659,xss,PayloadBox/html5sec,45d291ebe5c05526d0a00123b2e10e9cbd6d85866d1c8cb4eefe2065d6a38990,false
XSS-3660,xss,PayloadBox/html5sec,b0f19426df8fcb6506bee3679b15dd94ed19b7c6cca7bc18b619225579905abe,false
XSS-3661,xss,PayloadBox/html5sec,98e6f11927df844f9aa008c0f4f4b47c9af0c389e6cdd860fdcb88254412d4bc,false
XSS-3662,xss,PayloadBox/html5sec,cf1751601a227f0ea79c0afd7aa815a6e56e0baa6df00fe8830086a6191b9880,false
XSS-3663,xss,PayloadBox/html5sec,251349050a5b64bdacd224a71be524cd78b59f42dd7246e6d3ce33a8033eb2ad,false
XSS-3664,xss,PayloadBox/html5sec,c84b3a9420935396ba7394bda2970a7342394624e22855082c13afcf69147289,false
XSS-3665,xss,PayloadBox/html5sec,72e4b6ccaf6ae9252875565d269b1cbdf35b2140b5610b5bc5ec3646babb69f5,false
XSS-3666,xss,PayloadBox/html5sec,a55a050f95fef0b6090f26b523a678ce5caf3bdf1fed6a33bdb647ca8ac7b948,false
XSS-3667,xss,PayloadBox/html5sec,f2742c68e785c5f8c5132c1c07899dfa4f32dcd1ac4f9dd379879233e14b80e9,false
XSS-3668,xss,PayloadBox/html5sec,6cf2f85937e5d6cfe4ee45affb70aa6a7b78392ca7d47d66c467ca499989c087,false
XSS-3669,xss,PayloadBox/html5sec,e42511578f3033129f3f573a1e18564cec013d14b9de1444cc0a13e9c0064467,false
XSS-3670,xss,PayloadBox/html5sec,bcc7e453d6a4e9608b1ba0fea85052beeee4e4ef7576c4fc228077b727d47596,false
XSS-3671,xss,PayloadBox/html5sec,564f74321f17b7f17cd06fb1e306d00da4c65d6f9c1ea5255184c55c09802f9f,false
XSS-3672,xss,PayloadBox/html5sec,f175c2afdb3cb9f8895a8987b068546c2d21812d768f85b9ea21aed7837bdf4f,false
XSS-3673,xss,PayloadBox/html5sec,2ec0780116e0ee2cd16df266713a4ff95fb3bc4b6ccd35711245a9dcb03f6565,false
XSS-3674,xss,PayloadBox/html5sec,c915ac098fbc58356fad58fbc773899e7a99522bd02100cdb35e532b9c850ac3,false
XSS-3675,xss,PayloadBox/html5sec,06b34c81da861addd915aa70a061769ac949483bc69deedac6fe155fe6178a57,false
XSS-3676,xss,PayloadBox/html5sec,23976b611aa383cc995e289fb32ee365885092babe869f6f28aa51496bbdd6ed,false
XSS-3677,xss,PayloadBox/html5sec,fe044d226afb96424935338bacc7bd287ff4d937964722b75b8c30bc7f56acd9,false
XSS-3678,xss,PayloadBox/html5sec,27ab23f3df3bf6ef9af438be5b45670dd55acfd6f7a9c7f2784c032aec4b54ef,false
XSS-3679,xss,PayloadBox/html5sec,43a49dbb0e3a830617c0d6053654812881c44f60b66c2cbb0acbbd0564e86025,false
XSS-3680,xss,PayloadBox/html5sec,a55be9940a132e69598ca81ff8d7e7808e5db09d0d33be718ffe8ed44382628c,false
XSS-3681,xss,PayloadBox/html5sec,31e34f8e78ee79caf7af7fc4a8abd921c012a333f3b0dec6bb4d7c5907f1eae5,false
XSS-3682,xss,PayloadBox/html5sec,119daf5c90778e1c2792fd63524dc71f566b643a0e8ae42f6d9753382d55d6a3,false
XSS-3683,xss,PayloadBox/html5sec,4230030348d72e91beb8c781ccb1885ed738d91739b5cee5be7f5d21e953afc5,false
XSS-3684,xss,PayloadBox/html5sec,2bbf3665b0577e7f70c83087153fee8d115f88f7b496fa9c66b170c7641c26c7,false
XSS-3685,xss,PayloadBox/html5sec,979dcfada3a0625f695446d472a5a37c357a2d4787a2be9d438aadca1415a6d7,false
XSS-3686,xss,PayloadBox/html5sec,f87647ac509aa03517c036e3cc83b8ccb645dd2f56530ede3c94d2f15cd87b3f,false
XSS-3687,xss,PayloadBox/html5sec,0b1520fd252a98571d4fe3170583e6bdbd3e13258c9f6cd232cb357b2af87dc9,false
XSS-3688,xss,PayloadBox/html5sec,1994daebfa793dbedfc5d980d27c917558e76fdc686d5e502f08c3c3bb6d51d5,false
XSS-3689,xss,PayloadBox/html5sec,978f83bfc9b03e4a6ef2c1cda1a598efd6ca0f2676ab589d7eb86fe810e518ac,false
XSS-3690,xss,PayloadBox/html5sec,6bbb31d52d0a5ca744edaeb7cc8694913ce36f342f4095cce9d3687e7f1e6c6d,false
XSS-3691,xss,PayloadBox/html5sec,954b574259d6a978387a55ebd1d46e52a0a3277f73a5edce53447dad2a81d0f8,false
XSS-3692,xss,PayloadBox/html5sec,0ddbab9da412f5b299cf0e7588a581c6781aa08b40882e2e47715b8972276b54,false
XSS-3693,xss,PayloadBox/html5sec,515503438e2d3ee971f96b6ba9a5d447250bfab76383372a57d1d143fedaa411,false
XSS-3694,xss,PayloadBox/html5sec,362c38ef4be609ed0484b1be1f29ca06cc16b01f790dc28a9b945945ecf56047,false
XSS-3695,xss,PayloadBox/html5sec,af384f99eb13dfb1ec3afff648720521a0f669bedd7325b45506501a3a38e831,false
XSS-3696,xss,PayloadBox/html5sec,5a5965a62bc8886245d434e08fdc3d5f11fbff93cc38ce27c893d3ade29a4ebc,false
XSS-3697,xss,PayloadBox/html5sec,d65426d49879a51121abc8be2c42ead8789d4b7db507345723262a035248c7a5,false
XSS-3698,xss,PayloadBox/html5sec,863518fc0a1d758dfcbc5ef69fcecbc97e336566b9d3ec05c7c31a9a27999c59,false
XSS-3699,xss,PayloadBox/html5sec,d32e573e6f22257511b2649706285cc9455ffe1dfebd717a21f02094c9cbd377,false
XSS-3700,xss,PayloadBox/html5sec,8cd48fe895033ca3f51cbb21705827beac5e73ccd96a4d4e50c1eff3600d4126,false
XSS-3701,xss,PayloadBox/html5sec,a526fdf0386e1bcad2cb0fd7726d1529231eca73446bc522c9444ef251273e95,false
XSS-3702,xss,PayloadBox/html5sec,29c9c344e9628b7ff1c435010a85578fddec83fae64e450c74112987045c2fa1,false
XSS-3703,xss,PayloadBox/html5sec,93e9841b8d8f32dc46914c58e1f991996fa6f6ac2c5aa17e8dfba3cb6d9432e6,false
XSS-3704,xss,PayloadBox/html5sec,18edcdc31821c2d337ae9415b37847d4012f5e02722818986c25088150542573,false
XSS-3705,xss,PayloadBox/html5sec,336b263771307c0d2656870f5ef08322c2329da80178b887ca6857147ac43dd0,false
XSS-3706,xss,PayloadBox/html5sec,50d30e96798e8a8b664b16ae7b73eee0dc8c624ab54452738e3bec70795439b0,false
XSS-3707,xss,PayloadBox/html5sec,f064fccc5da1a2734df82288c5deedab93de47a3b40eade22b4387bc9adab384,false
XSS-3708,xss,PayloadBox/html5sec,b6c1b7b055003afac824882a4f293fe7010b9e7437c613a68922a59ca743b86c,false
XSS-3709,xss,PayloadBox/html5sec,4b1008ff6cd8c4325594136688dd8efbff7021d98f6db6d835a1c07b86b88c33,false
XSS-3710,xss,PayloadBox/html5sec,517a015572ef8f2408bd67799473b9ab518645ae2ff6a73a2414b41bb13ab786,false
XSS-3711,xss,PayloadBox/html5sec,1c02f3c4484cdfdb78afa4924f9e6222ecbf3f1a5e8310662f8d02afea7a1ce8,false
XSS-3712,xss,PayloadBox/html5sec,d37229e8cbfc83f50ff5a016b218ed7cbc7f3db87982be51681cd1cd9d6108f4,false
XSS-3713,xss,PayloadBox/html5sec,b98140cc08f1a87124397c69d5a559044d3b6382488d706c7dc47c08cb31d643,false
XSS-3714,xss,PayloadBox/html5sec,a86aab979aa17aac8087db66da2c12ec0fb8f40cf5b49ad9d71f7f4e08bea907,false
XSS-3715,xss,PayloadBox/html5sec,1c8007ff3d15b5883eb0089b38243f708a1946b386d0941ba468384ddaf42042,false
XSS-3716,xss,PayloadBox/html5sec,34a69011b4e4f3d870254968d81037c822cd8fc5980a6b7f964ac2911d1fdfd3,false
XSS-3717,xss,PayloadBox/html5sec,0cfb2ef4ebd213e3f82229d821eae13a9c0dba3969f4c919499803d53bb62f0d,false
XSS-3718,xss,PayloadBox/html5sec,3adc646d2c491dc3a9c544ae6883f7e397ac99a17e85aea21f6386642caf11dc,false
XSS-3719,xss,PayloadBox/html5sec,2bb24d1bf5b04834ddbb41d45d524175d648f0ae8b3ad560920f037c0c7879e3,false
XSS-3720,xss,PayloadBox/html5sec,ca31506c159771a796bea118a001e35bc30e3538834b2f071a51fad255e71387,false
XSS-3721,xss,PayloadBox/html5sec,a3ccd68ac2c3063fa2bdfe53cfcc562a40561154106cb73f11b02add8d89d359,false
XSS-3722,xss,PayloadBox/html5sec,175f28ca253f4a94bbbad1d32e1a3210735126db238f1fc4579908bcc3fb95b6,false
XSS-3723,xss,PayloadBox/html5sec,58107522c70b32efb62221d8524e1c0a85b396068966e1a57401b169687031e3,false
XSS-3724,xss,PayloadBox/html5sec,b578dbf438bd2b22287f707c432a4f8fca9b2fdacbf0407b0e34ef52cf826084,false
XSS-3725,xss,PayloadBox/html5sec,7a3f6ed9c3336fc71f8ce486161a26d792364a7b5778abb5ebdf0e764105cf09,false
XSS-3726,xss,PayloadBox/html5sec,5df99ecff4b694fcc9b722e40a772759dbe7ca47147b1f0aaeee62fed97d7fd6,false
XSS-3727,xss,PayloadBox/html5sec,963682d85f2804a6da6ce6d36adb2f5b2ae280f3084d159b0e686196ee186658,false
XSS-3728,xss,PayloadBox/html5sec,e9ad6111008e4ed02a161e0eee16160c8dd75d99002a7b57593a39978b37cf07,false
XSS-3729,xss,PayloadBox/html5sec,66ed3d49da636f4b2068fb9d6a0f0b58e1413e1b71e42b81e27ff7fd628a71f6,false
XSS-3730,xss,PayloadBox/html5sec,fc5de17e1c121b631ceb1cbf8955b293b2803564d098a6c871547563ff3ff254,false
XSS-3731,xss,PayloadBox/html5sec,4bbcdfac3942d9ebff268a293e4ac9357cc2cc46363b4189f22381a5cdb4a6b8,false
XSS-3732,xss,PayloadBox/html5sec,f89c4f925e3c4d81ca5cfe5cbab6bce0d0340f07a00cb041c6a782e7bfc58822,false
XSS-3733,xss,PayloadBox/html5sec,e2e3fa650110538f0723049d2ef4085597df3cd835e05f4e2302e9f479c8d1e7,false
XSS-3734,xss,PayloadBox/html5sec,201b96463a3757735a6481fca58a154785495f13bda6d866076bb298601ab1f1,false
XSS-3735,xss,PayloadBox/html5sec,5d205a399ff04db4926e16c5fb412b7c7c961989f52d0a1b17a4a7a2e839c2fc,false
XSS-3736,xss,PayloadBox/html5sec,7d97f1b29e4b78192192596b15d9fe91a28f9ebaf621bb4071f8862cfaf74593,false
XSS-3737,xss,PayloadBox/html5sec,002338bedb2f911cf36bd3513023405aaa2c58de66e7b2c95aebb574d8bd0beb,false
XSS-3738,xss,PayloadBox/html5sec,33a319bd899cb22891ec5cb4d9a41ce9eeb7d04a440fdd86cb466ebf53e9cec8,false
XSS-3739,xss,PayloadBox/html5sec,157cebad160be34c0af12b1277e15f556ec56bbfd1e21e8d012706d438e0cf36,false
XSS-3740,xss,PayloadBox/html5sec,b797e485552f1d5d226f49a41718396ea48caaf8cab69b928103b81836297567,false
XSS-3741,xss,PayloadBox/html5sec,2dcb2d938d3e99bd7cede882b803446daaad9256fe76ac492a0904e5aaae8aea,false
XSS-3742,xss,PayloadBox/html5sec,258620ed37a9f19986f24f93d3b662a35686bd66b2a7e25e7be9c4013a055253,false
XSS-3743,xss,PayloadBox/html5sec,1fa59235dd1c94fd1689171b51cff632dbf9c2fb09df3b9fbf1da6df80fc5c16,false
XSS-3744,xss,PayloadBox/html5sec,d9f2beccb345e23ea565dcf229dece18afe9c41c9088b2a61b523e62053fb05b,false
XSS-3745,xss,PayloadBox/html5sec,19563044bd54275810e3348e4a9112b54f814a0a56a3f702192180380e9176c7,false
XSS-3746,xss,PayloadBox/html5sec,8457ffb16757d306cab416c28d5fb8f57f8134837d581be8f2beee66b65fb1fd,false
XSS-3747,xss,PayloadBox/html5sec,7c260b7663c786f8423063fd11fecb03b524f70593f3b6447a6ee268b886ac72,false
XSS-3748,xss,PayloadBox/html5sec,ecd18fe6f3bedee560d1d51453f811843b5d4514b39d644e7e1abc51a496b373,false
XSS-3749,xss,PayloadBox/html5sec,343a47550182304861a559a1fcb387edaa3c3fb1f5e6f880622cd90346aede92,false
XSS-3750,xss,PayloadBox/html5sec,ea3f8979357f35c7483503a960c34f1e6ad2a4d16620bab7498d9f91a53fcd3b,false
XSS-3751,xss,PayloadBox/html5sec,d4355ffa9616a11a8a53d22345e590c1ffec788ab89bd6d8198c03a8bd304808,false
XSS-3752,xss,PayloadBox/html5sec,2c9b8f7deb4fc608c5b5e8da8a66d8e6fbd10621880a6e7b256ce611fa49a085,false
XSS-3753,xss,PayloadBox/html5sec,da9dac88530f64c2e4af9dadc85470d0ccb7338ccd9a4b128b2cc3ff9e1cdaea,false
XSS-3754,xss,PayloadBox/html5sec,08654131d4f29113ce5b5c54c402e5705e1c9f751eaeabeb818843712a008099,false
XSS-3755,xss,PayloadBox/html5sec,8a2acef4a8f332ca7cbec8d2b21ddb64e38a1dd93519e767157c1aec70b09877,false
XSS-3756,xss,PayloadBox/html5sec,651fcaa340dd39ba5301484538f6e737713d12a374579450ee91327906434c9e,false
XSS-3757,xss,PayloadBox/html5sec,3f95f0752ebae3d2c0b0678f9f96e087512d2d681304aa35cc8b45f40408e342,false
XSS-3758,xss,PayloadBox/html5sec,bae78046b67ed2f89a7fe558de39f124a2e8214fffc6064829a687fb3c622387,false
XSS-3759,xss,PayloadBox/html5sec,bfb423f042e937c4587ac4965697338858766b3f2e3f701526fb9fabf14a1217,false
XSS-3760,xss,PayloadBox/html5sec,7d6882e0405b91867c9b3b40716440d8e427a372bb85e3f9daa637c31d0fd120,false
XSS-3761,xss,PayloadBox/html5sec,fa49086bf872f90b14b256784e6338f387ccff13efde555b90fd0f39079f0d2a,false
XSS-3762,xss,PayloadBox/html5sec,067cd0340380bbc3c95d66e910694728f2676775b70c3bcae71e57c5ad791ba8,false
XSS-3763,xss,PayloadBox/html5sec,43dbfdb6ed2d051ab38f2a79abed5be9c2cc344c39e3c0460a63f418ec83e039,false
XSS-3764,xss,PayloadBox/html5sec,a278662477ed1a2ed488a6d21b8fcfc491311313590dfeb9ddebb2cadd9b9a0a,false
XSS-3765,xss,PayloadBox/html5sec,40d39c224aee841e9075d88dd4befd53e0a50cae6ccd98c8741f0383aa9ec03e,false
XSS-3766,xss,PayloadBox/html5sec,ad30df7e4c2196ba0e863738cfcb6eca26c0a672961f24957ef5dd8d63b4c31c,false
XSS-3767,xss,PayloadBox/html5sec,75b35eec072e0d15dfe6553afa27b59181e93d6f270f471778afabbc630b7397,false
XSS-3768,xss,PayloadBox/html5sec,de407733205f7b7e050792dde17e71fa3c4441e60e38745a76595055889c0186,false
XSS-3769,xss,PayloadBox/html5sec,19956a358d92ec4ce232ff1bb149fec0c2d0e8229d369a5c5f0872f6b80d1140,false
XSS-3770,xss,PayloadBox/html5sec,50de79f0612b01e8c86d0da845cad68106d49aeb205a30a2aae312d5b45f04d3,false
XSS-3771,xss,PayloadBox/html5sec,5411fac32ecf629dd8b6e397e17a2ba7950820c32a2552b5ea6de1ea0f0db5cc,false
XSS-3772,xss,PayloadBox/html5sec,9f8d9f0e9ec205ba9a9e888c620268521b5adb845039727a7236c8523878ddaf,false
XSS-3773,xss,PayloadBox/html5sec,5cde91447d1901c8a398b1edd32ba488dde3605cc0a7b2c40d9aa034f6192aa6,false
XSS-3774,xss,PayloadBox/html5sec,7466de0c625ccc03c4ca3fc394906b37fa10e903cc18f81ab3c497bc084e039e,false
XSS-3775,xss,PayloadBox/html5sec,d27d7dcfa29e73182d406d4aa36f9afb36d6797382ffcc0aad89f6a64c85edd9,false
XSS-3776,xss,PayloadBox/html5sec,4fe4e117dec6f25cfe20a818f781acee77e8e7bae552a4bb717293f63e27307c,false
XSS-3777,xss,PayloadBox/html5sec,bc69fbf32797ecefb5a648388dd12c1210ccdcab0661b18b47b5ec22cb9b0267,false
XSS-3778,xss,PayloadBox/html5sec,c0cbfd1ca3d4cbd60caf01009c731b198d9db0525f0a4d92248edc3252c517d3,false
XSS-3779,xss,PayloadBox/html5sec,d40666094cff27dd326087c61f5748c3d4db6c658457ada46bae23915d8904d1,false
XSS-3780,xss,PayloadBox/html5sec,224c0e0150aaf93afde37a4e74169d2cd0d224ab5dc6d31777437f234cb100f8,false
XSS-3781,xss,PayloadBox/html5sec,92119372b7bcfed8fb26629f48d2e6b62a9896da9bd3b09d6c670fdda9af1543,false
XSS-3782,xss,PayloadBox/html5sec,e01b336e8473e424b90400844202db1ca290e37e40ef529bce6efe4534d4840b,false
XSS-3783,xss,PayloadBox/html5sec,6b6e513cedd0e71826aeb0561b45b33202574834429e14cb81e6541973358f6f,false
XSS-3784,xss,PayloadBox/html5sec,1326e44f24158053c4e12633d7927fdea0bc5341a75c629e2307e5263ab8e40d,false
XSS-3785,xss,PayloadBox/html5sec,286e7361beca489f89174defbc43e1b7cef0844778be2d55bf27f634fc72d0e2,false
XSS-3786,xss,PayloadBox/html5sec,b17774043ebcfc4c315bb8e54ce710540facf2ab909606207aabc041dd4326b1,false
XSS-3787,xss,PayloadBox/html5sec,7fb438a74eeba8e4e1363e3c084a4458c281f7d04be3fb3697a37067a5530c15,false
XSS-3788,xss,PayloadBox/html5sec,c3aac131e8d5dd7b666ccd766e1824ad9e270328b3faeb06a9ccc37e4622def3,false
XSS-3789,xss,PayloadBox/html5sec,f65ba65f233631b8205032a7c98363dd6fe15c7bcd375ede36801a258a8324de,false
XSS-3790,xss,PayloadBox/html5sec,1eb4f6b8821dd2202d2c5d53efac18909a578a84f49d75645e40eac5b58e5f35,false
XSS-3791,xss,PayloadBox/html5sec,8b2284ba9f05d8a2d3b0f94e76d47a9f29ee490d21724ed58bda6167b0a5df62,false
XSS-3792,xss,PayloadBox/html5sec,b3a48daf51a5cd5d962cd7bec95b1dbeaff15bfe99d53cd9ff6a36965b15531c,false
XSS-3793,xss,PayloadBox/html5sec,3f5c1356d35d7f46a3217cb9296257657916540b91c908019b70521830bffed2,false
XSS-3794,xss,PayloadBox/html5sec,1dc431008ca19aba0bf433ffe0dbffc0cbf30867331e3606939638c1245ea5bd,false
XSS-3795,xss,PayloadBox/html5sec,1149a49bba02e309b8255b64969327b208ef509e7c016b98b5257a462c9c795c,false
XSS-3796,xss,PayloadBox/html5sec,b23d1882e0c4ad926f7f782e7f9f7a9053316a24c1cfc0f35c802e285b5df1f2,false
XSS-3797,xss,PayloadBox/html5sec,ffe7c576c3af94c1e4a709f25cf7f62b33b7fec9d4cc64e544d622ae74d9bb9c,false
XSS-3798,xss,PayloadBox/html5sec,87845632e4f93c73c6f7341824fe26702e53a1477605967a8ca86da552119df7,false
XSS-3799,xss,PayloadBox/html5sec,db9578e99f094d3babaab7edbf84aafd675e8733604e98fe4f3f21d7e1ac243b,false
XSS-3800,xss,PayloadBox/html5sec,d25153d60561d79ed9de8590b3e96a33882021e7645674be8e4ced5db1c4c27f,false
XSS-3801,xss,PayloadBox/html5sec,ba49e064d7a644ad2f99806557e754ee5fd22f4ff22993c94c87aeedb3733007,false
XSS-3802,xss,PayloadBox/html5sec,57f44d08658b1a66528d5c8dab315ba294b1c308adca0da6cd1d9ea9c3267685,false
XSS-3803,xss,PayloadBox/html5sec,408a7a5576efd87e545d3e63ee369aa13e9f526b6e903d0b816866734f49f39b,false
XSS-3804,xss,PayloadBox/html5sec,00d8e2ba44869e39ba6399a18058428d18d87e1219a48b4aa48c771eca388914,false
XSS-3805,xss,PayloadBox/html5sec,8d031567cbbce4575e73d2b9f53cacf4037a839eb48982dfd8d7509347d5ab5b,false
XSS-3806,xss,PayloadBox/html5sec,d17c4edfe693864a8af76f45c6da039145a7465922b08855c1cd63f0add0007b,false
XSS-3807,xss,PayloadBox/html5sec,2212ee312428bb6c1c228588fd3a14e88944e5ceb6bf918f7b23c7b8a6d8a95f,false
XSS-3808,xss,PayloadBox/html5sec,7f454b6827eb7adc12ccdaef2203a9f15920d19c35fb53c82f4cc6c1f1d6098e,false
XSS-3809,xss,PayloadBox/html5sec,3aec880038bd808067728cc3958b8c02ca7d74b05e55fa7d49451cefdfc4f32c,false
XSS-3810,xss,PayloadBox/html5sec,4b2319803b537984f61e3892090a09742668ece37fe0fa7136e3830ed59f4fcf,false
XSS-3811,xss,PayloadBox/html5sec,20ae5e80c3801eb770cce8a99471aa6aacaf58a9ae337f6e8acda044b967e65c,false
XSS-3812,xss,PayloadBox/html5sec,dbb2d635341859696e2485ffedcd5402360985d5b7491e80e79e0695ae154e80,false
XSS-3813,xss,PayloadBox/html5sec,d5c893674a98ed1264b96dc5f1b416bafca8f7252d213884cefb0a091b128cff,false
XSS-3814,xss,PayloadBox/html5sec,ad32a74c0231b1fe2e81249506bd8b094538de9e0d7fe351cfd6c1e8d5124488,false
XSS-3815,xss,PayloadBox/html5sec,2e32506ea2a663619caa588ccb80b449f86f0d9f9da6b661acf683f2df4ad284,false
XSS-3816,xss,PayloadBox/html5sec,195ff8cd4d38c0fa28fccddeac1ba11db8d30818b15629a842446ee905779512,false
XSS-3817,xss,PayloadBox/html5sec,ed7fc993485190f858abb99e86594370a4475387941221320c877707aa6986fc,false
XSS-3818,xss,PayloadBox/html5sec,fca45df505367af2b6158da73d5bce6063e7883dcabe5b6b0d6b9109b8385ed4,false
XSS-3819,xss,PayloadBox/html5sec,96ae69210e39ac352fe412bbfa3a1a688fa7e6f411d84c6b90d4a83eefc4abf3,false
XSS-3820,xss,PayloadBox/html5sec,44d640babd6b9e0160a6221d13a05be6b9ae849a4cc0b55435e8ac7e4697ef26,false
XSS-3821,xss,PayloadBox/html5sec,7b9e1d834691de27d87578b743403151d29a5bb3ec1ce0989be3cfaf36b87cf8,false
XSS-3822,xss,PayloadBox/html5sec,70e1a286697bc7381e727ffac630d62089c69197e00cfa8b40e065888513c687,false
XSS-3823,xss,PayloadBox/html5sec,930a0b95dca3fcc3a7e017bb109414c221f14f53135be119e18b21640025dbb4,false
XSS-3824,xss,PayloadBox/html5sec,8964bae2e3c9da75804ec9713b4ce1f17b28ec2d710f1f514b07a71e50dd4320,false
XSS-3825,xss,PayloadBox/html5sec,510bd7706734a9d85c5b1094a759418d50249909bba9d8bf367f76917b84fc49,false
XSS-3826,xss,PayloadBox/html5sec,a532691d44463eb6a4f89a7fcfbe900c3cadf220fb386afe72a90b858094e3e3,false
XSS-3827,xss,PayloadBox/html5sec,4794a0b703deb2b0b365ab0d81e0a7c7541b82b801297d4b2308b56f0102a0a5,false
XSS-3828,xss,PayloadBox/html5sec,52dcf23e23a5bf826a3c55a2a54de0e1b7838d48ce76425de0788b9f5ff85e5f,false
XSS-3829,xss,PayloadBox/html5sec,f30645bc32a0c2101c602fa56a4a5843d70fd3e106888c1eb36fbcc5e1b2762b,false
XSS-3830,xss,PayloadBox/html5sec,6145af1bb034dbf23b37fa00d69609ce55646b82b43b0e62d43993a65a1a66ab,false
XSS-3831,xss,PayloadBox/html5sec,aaf96e9523081885746fd6b80c1d60860b0b55f17dcbc1969f04d4653d1b8761,false
XSS-3832,xss,PayloadBox/html5sec,2679a55e45e869ca554ae0012fb5740e85c6e18122b883ab81b0e36541323a04,false
XSS-3833,xss,PayloadBox/html5sec,4c29ce5851e6f8e0487cf9b5256b9b1905a4d1ee6445c97f809cd77b78bc271e,false
XSS-3834,xss,PayloadBox/html5sec,3ab171268e47a8e31ed1eb389f7b59a39b8fed5b925f236e6651fef415af0395,false
XSS-3835,xss,PayloadBox/html5sec,dd35670c20ecf71fa93360109048f796cf111492cdf6fb1bf440aeb060996872,false
XSS-3836,xss,PayloadBox/html5sec,81f111313ac8d941515c86f4fbfa2835fdd311c9ae3c6e54c178661d23c18ec6,false
XSS-3837,xss,PayloadBox/html5sec,af82232c8dd5af6e5ae4acb9698017327b00db219b1e6abf05062783fef771f8,false
XSS-3838,xss,PayloadBox/html5sec,a423c7806e14b4a746817799ae548dd6f30f48e44855b32c57523aa74a4dc909,false
XSS-3839,xss,PayloadBox/html5sec,ebb89bfa5a98f1a2152366a56ef75ec8f9d55dd986d000efa103f1145f3974c4,false
XSS-3840,xss,PayloadBox/html5sec,b6bab4aeaf9e2f0d4cfef6d5c9f5c02ea3e006d963931f9b18ee3304d6f01809,false
XSS-3841,xss,PayloadBox/html5sec,102a27fb8ea2aa6b61be13ceabf461faaa89c4314b35dad5308fe382cc55436f,false
XSS-3842,xss,PayloadBox/html5sec,a5baff57232c2d331e5570df89c5fd3ab8624ace138f737edd59a350f74273da,false
XSS-3843,xss,PayloadBox/html5sec,ac3db303d0bbd481ed2a9bc8d89377c7c7a7848006d3a18a5053b5e50a4edfc4,false
XSS-3844,xss,PayloadBox/html5sec,9839c7afe621d60993fc55f8a75ec9892e81321c63f13aba2abcc5a73b051a70,false
XSS-3845,xss,PayloadBox/html5sec,8b550809bb42e3ba9488c98283a8d5b16ca59734e596ad10c22211f5c271730c,false
XSS-3846,xss,PayloadBox/html5sec,04dd318c3fc2bf657a8829d596a66094e54688160d36c400373b329dc502ba30,false
XSS-3847,xss,PayloadBox/html5sec,6475f81b2773f45a87f73342f5357df50cd91e61255300b51d8c7a2a9728e3c1,false
XSS-3848,xss,PayloadBox/html5sec,a97e184004c32dc440a2660adec9fed01dd468a20458ddc4590027ff16bfd31d,false
XSS-3849,xss,PayloadBox/html5sec,b33c228087f91790fa0c73f01acf0bc33b5166d82e08ab2fd28c022531e0058d,false
XSS-3850,xss,PayloadBox/html5sec,ddc6f3f4962e5e86707d00ea61a6c41b2e5b0d69592f089d86953c1961d960a5,false
XSS-3851,xss,PayloadBox/html5sec,a3ea926b3e8c23e4a8ca0ae1b8ec3f66890ec14926916ff9e6567e37d5a82cc8,false
XSS-3852,xss,PayloadBox/html5sec,c298c1bdc19c6a1032c9771333b10cb449e7310911a0d1710398ae3d021e5157,false
XSS-3853,xss,PayloadBox/html5sec,683cd60f7789d6c5faa1f2f8571e67732e9976d760de4abdd17621d60d62723c,false
XSS-3854,xss,PayloadBox/html5sec,b38dd4de4dd313a9d659e735c99f798a326d9b12f3683cc292965bf614a5bdec,false
XSS-3855,xss,PayloadBox/html5sec,7f9e73c2ca22ddf49f23ff9b4017337f3a96a9e5a9b3f1b836aaffa4f02f8324,false
XSS-3856,xss,PayloadBox/html5sec,da7646053ebc9ec88124a318da7d7fa0b3a56a11e1a3c72bf1475148322e46dd,false
XSS-3857,xss,PayloadBox/html5sec,4518612c0d2efb6429521b36097871e2bada64efe36b792741b90902ed083061,false
XSS-3858,xss,PayloadBox/html5sec,ae6e92c53dddfac291acc5a6278ae6aa81123f0f9238c4284bfa5ee852a5060b,false
XSS-3859,xss,PayloadBox/html5sec,a4334239990e216c75127ff34d05ce409f744a9241e97aa5881618906432fb62,false
XSS-3860,xss,PayloadBox/html5sec,6ecf1f45cf452fe810b1a6ff635a6edd01bc2d26911a3126a5115a71198d20e5,false
XSS-3861,xss,PayloadBox/html5sec,159184a27cd8e5bd3302cb989f6228ef46ec19ea08033413db64075520c2badb,false
XSS-3862,xss,PayloadBox/html5sec,a715da87cbd338dc5fe798f05400e7987e905c6d332a5c7c9fa1d93d0091811b,false
XSS-3863,xss,PayloadBox/html5sec,77af51c3fec17ec57f54c07cbb8ff962e09b9090bf586c441f81e6e8cebede8d,false
XSS-3864,xss,PayloadBox/html5sec,7334480407a2900090856d9aa795762eac854a58080adddbfe0ed06f13961624,false
XSS-3865,xss,PayloadBox/html5sec,889aa24f02da86540e1a9ab78aedf3ffbad6b293f3623b206dd83889aa81519b,false
XSS-3866,xss,PayloadBox/html5sec,77e048a184b6cbd693bd4c8885beaf3598bf0b37721d1b1573a1e67644f619e0,false
XSS-3867,xss,PayloadBox/html5sec,085f789cfdeb77fd8be32a26350c6670fbcde3466a706068e9f00793ec1ca0d5,false
XSS-3868,xss,PayloadBox/html5sec,d002c179614d1d3738ea03309b1dbb5e4af9b1b722b87ac8d0c005a6077acc03,false
XSS-3869,xss,PayloadBox/html5sec,d31169e2de3d47b92a2354a20883db57c75fe7e90b391cb7695e6269443b630d,false
XSS-3870,xss,PayloadBox/html5sec,341526af95ccf149198ae79f5d17281ab4ba514349c054d42f42d0e74a34f4f7,false
XSS-3871,xss,PayloadBox/html5sec,bb8027b58a9097f5e354d8224e80aee9da9ae38c8fbbbb92ac84cf6111ce611f,false
XSS-3872,xss,PayloadBox/html5sec,58f8fa5d567ebb97007788cb5d0858032be1b8cfb5818f5c655ba6b61a58572b,false
XSS-3873,xss,PayloadBox/html5sec,65c6f5647bf452604202be42e74cc3e608e630d7c0f10c48f5a8695851041564,false
XSS-3874,xss,PayloadBox/html5sec,726420869e9e60caa9b16b4bc57d191ca72bcad39a6ba7ee2fa2d5a15d4f34a5,false
XSS-3875,xss,PayloadBox/html5sec,dc4ce2ab36fc80a681b36d14f104bc77dc0f70dddfb7f8b2da4c4c9f7b3ef39d,false
XSS-3876,xss,PayloadBox/html5sec,728801693e7ddddc32c3c2992880497bc611656dc85a0a55b9bc0986c215cf19,false
XSS-3877,xss,PayloadBox/html5sec,687b72f9b262aadee04ff3e68dabe0e267779872cb84f7be0ab4b3d88386dc2b,false
XSS-3878,xss,PayloadBox/html5sec,8d8904f3c671850d1ed329f2e86d16a7a77ad71ab53eae6689aa828f5ce6b21a,false
XSS-3879,xss,PayloadBox/html5sec,1e64c8f1ea3532d7e8f4c94b77ea694e289215edbb80b78bb3a53d9c3088b73c,false
XSS-3880,xss,PayloadBox/html5sec,342cdfb206ed37b20afe1c5213290dfd046cf37c8a61181cb41fde85d14f7aaf,false
XSS-3881,xss,PayloadBox/html5sec,488abceec042a2a98b42ea3d89a839f1661d7371dfd8f003a6c44abef9a1551e,false
XSS-3882,xss,PayloadBox/html5sec,4ddd2a8364f08d0871bf14f171dea33ed7f58c44cc4c1cee4f5a0001da8b1dc0,false
XSS-3883,xss,PayloadBox/html5sec,581ff3f89bc1e4958340169590ffc4da4f120829f0ce68bab9e5f39e4d7cd39a,false
XSS-3884,xss,PayloadBox/html5sec,77fb8a59e884834c2ad57eb59fc9b226582566e69c5317379a160f2710e06cf2,false
XSS-3885,xss,PayloadBox/html5sec,33d1c338183c4a1bf735012a0ff36bde4fa99fb2a3a96e1bb91dbfddf53b20d7,false
XSS-3886,xss,PayloadBox/html5sec,80d4b35d3777077906164dc078437a2efa038f4abc3477a4b6b23c60e782f098,false
XSS-3887,xss,PayloadBox/html5sec,bf979f5144000d50f6eea873500599ce50367faf451ac70af0b0eb57b7b24e71,false
XSS-3888,xss,PayloadBox/html5sec,d8f96c598e0723c6ba4b76f8d614bc3eedb4b7e5fe7ec3e4182113b8f5f530aa,false
XSS-3889,xss,PayloadBox/html5sec,2c8092c2c487f79601b1ad8c414b8a2fb681280ed89f17e2c288f842690adf39,false
XSS-3890,xss,PayloadBox/html5sec,0b232ff63b7516a1ee6c68e539ab3e46250c8226b8167e54f4916997d3970111,false
XSS-3891,xss,PayloadBox/html5sec,fca580084fa5b36178e822618ec6a53b55d4d1b5543dcf846effd405d1c97977,false
XSS-3892,xss,PayloadBox/html5sec,bfc312e68c277cd29db389b7637279979b798fb6f6eb07e05e777b884cd347b5,false
XSS-3893,xss,PayloadBox/html5sec,a303b726e8e8fdfb6a5e30b53f5b20240a5f9421ecf53d378ff681fdfd2d5b9e,false
XSS-3894,xss,PayloadBox/html5sec,6fc7eb123cfd4d162833f78b120d9c5e2a8e27169bfe9a4372f1e5a97576a1e6,false
XSS-3895,xss,PayloadBox/html5sec,fd980370ed3ffa50a49e4bed26d7c9d5b73ae771facf68c84650a911610263dd,false
XSS-3896,xss,PayloadBox/html5sec,9d5e5da01ddd13e32c2b072acfa651788a7c1ff2654f36a4fdc5ac9431b5c560,false
XSS-3897,xss,PayloadBox/html5sec,e2052eb000aea13f6cf36ef07fc20aa583b85e11cd1f88615dd517a7ad26a785,false
XSS-3898,xss,PayloadBox/html5sec,b61a386d3bf53051dccac874249eebed1aeef621bf161cb3023c1c1213b6cf3d,false
XSS-3899,xss,PayloadBox/html5sec,61d8aa62b58ec4ff0b3e9e5b2667b53b627370279362339814eb2547e38b68a9,false
XSS-3900,xss,PayloadBox/html5sec,50708d4c0f07ba3dfb94eefa4c300395f38b24f75cdd40960027b03acdffe165,false
XSS-3901,xss,PayloadBox/html5sec,7aa92dfd3a11c1b85b990b64548f2c7c04cec3250200f93658c0e515ab77ac5c,false
XSS-3902,xss,PayloadBox/html5sec,62ccce876c81da5a19144c59f5300e2d00f1d6c32342f6f12bc8f714506ceada,false
XSS-3903,xss,PayloadBox/html5sec,d9ebb539862723a88cf6cb3c7bb470dc26a749f1bcf88f757b818f31e031ba9b,false
XSS-3904,xss,PayloadBox/html5sec,b98e07a3c1f4c01f4bb520f05142478288f8ba72a0a1a062517ad2e50457950f,false
XSS-3905,xss,PayloadBox/html5sec,e180fff8c8ffac82db179c6db272fdcd5d4d97579ebbd6ee00c686703da53ac8,false
XSS-3906,xss,PayloadBox/html5sec,b1ea092ae7a00a4962b770004ce5183ec59c25bb65a36146dc991707d46f03d3,false
XSS-3907,xss,PayloadBox/html5sec,b7eda6337a0c21a99e5d7aa439baad2687c6c9b07c173282ed52487209bf6d18,false
XSS-3908,xss,PayloadBox/html5sec,30e71a45d56d22284974457db2a86b720bf641188252342eb3eab34f668e44db,false
XSS-3909,xss,PayloadBox/html5sec,3f740697f14d7ce0df796820656468e4d8398c5ba1827b908aaea456cd1f35a2,false
XSS-3910,xss,PayloadBox/html5sec,7ed463623266437064eec2dbdd5ba77bab414be1bdb4144eccfda7c48ec0f24d,false
XSS-3911,xss,PayloadBox/html5sec,90078f20de7f69de78f4f1674d85b0346d36900f5a688a28e1e77fd45677cac3,false
XSS-3912,xss,PayloadBox/html5sec,43686446f55fe5ef69926c96c5e0000ac446ebaa103acca227e480828aa60eee,false
XSS-3913,xss,PayloadBox/html5sec,286fb6d32c792cce04b9b0fe354b6a702db6ac6216b0bb9ac83c3387db8757f2,false
XSS-3914,xss,PayloadBox/html5sec,fd3e8f97c24a3b05a9b02231595f5d1f3e9e43e07631d7bc9c105a6232291e23,false
XSS-3915,xss,PayloadBox/html5sec,78f4fe056fd3ea171b696602cf687dd7ab79aa5916462f4298d5eae9ea19c036,false
XSS-3916,xss,PayloadBox/html5sec,76dc426b96452f229f005d5f2fcd6ead4c32ef37ebe3f1ed9da3af2599d4a9b1,false
XSS-3917,xss,PayloadBox/html5sec,9ae28efa18c9c6f15ef6b5c290d043b19f612b3183efeaba2aa425f0ddda28e4,false
XSS-3918,xss,PayloadBox/html5sec,4dc595e7497701b926fbdd925e999b96d5b357252f5eb3030fc562565d663896,false
XSS-3919,xss,PayloadBox/html5sec,7e38ced98eb4437a5caac9e48773747a10535990c90a7c56a6df2841aed22458,false
XSS-3920,xss,PayloadBox/html5sec,f4fad07c5f29bf8d39dfdff86cdaa7a3892136ae144ada637b6df5c9f81836b0,false
XSS-3921,xss,PayloadBox/html5sec,9c6a03dea948ff89e3db9692a682b4a1aa5b36a0144f64326e2950ab5f42ed86,false
XSS-3922,xss,PayloadBox/html5sec,d87f28b7674bf993237dcb674ff0a9ee543b9b738a18de92713c55536131812b,false
XSS-3923,xss,PayloadBox/html5sec,70a639ed9f3e2a78ff58ba631e194585b48a3d52c88cbe9ac12f6b9e06e6c4c2,false
XSS-3924,xss,PayloadBox/html5sec,b7190ce8ac94386a5e99071968616bef0de904e8d644f52c1996dd8e9192b9e3,false
XSS-3925,xss,PayloadBox/html5sec,541420a0cc1ab30ea07f1fd43087375ae75717940097520f1ce944036ab28353,false
XSS-3926,xss,PayloadBox/html5sec,406f47b3db5f6ad9833291b1852508549502d783fda9a83e6a1c568a4b4e7083,false
XSS-3927,xss,PayloadBox/html5sec,d1e9e5b65a7283650e4805910fe150e9ec8c67524350a4c19cd8651ef6790d8a,false
XSS-3928,xss,PayloadBox/html5sec,477cf8c460bcad421e9082e8fbea0cacf0e085e0a2dfcca3a251d0cef8cb3132,false
XSS-3929,xss,PayloadBox/html5sec,0f41cf1b41a4415ede0febcb6fc782620c2add386e7b476219df6d3a4152db70,false
XSS-3930,xss,PayloadBox/html5sec,4c806ddd75eb173f471d75767dcbce36ffcfbfd7d7353a1bb1d330f9d85349cd,false
XSS-3931,xss,PayloadBox/html5sec,5b004d5f15693e935619bd9f08ae8827581d49b24a4257e3c9c54614c6ad7f47,false
XSS-3932,xss,PayloadBox/html5sec,87ce3712c68185e55f5d92b41c0170dcfdb26adb9344223782f5c7cbef46abed,false
XSS-3933,xss,PayloadBox/html5sec,c3d7e71c1412add98ccc6262c0c45fe5e0204a5818498eff5b9fa569da69d939,false
XSS-3934,xss,PayloadBox/html5sec,ba66014da99f62b23cbf6508dd90d594fd22ceb33a4741bf17eb5189671e42b8,false
XSS-3935,xss,PayloadBox/html5sec,1e2a0dff2f72e971326d558bce7811fe89b3172cc6c1454576718f1b0d7e5c61,false
XSS-3936,xss,PayloadBox/html5sec,3e22dcd0384c6537fff04bdd2a597f3b05cddd688f45e23d457b5a42be747e94,false
XSS-3937,xss,PayloadBox/html5sec,549cf0b88985568107af2e9905de652b26e27b4400cef1204b2d4b15a44bd13a,false
XSS-3938,xss,PayloadBox/html5sec,36dd8d33274d58648c85867acf73433896acc1ef977c433ec6eb42b686fcc554,false
XSS-3939,xss,PayloadBox/html5sec,e24df2358633261769e5e94f1fd9c4674425e3f7c96bacf10e79cdd90940acf6,false
XSS-3940,xss,PayloadBox/html5sec,dfa8ba036a9c6942f028f4a356d3468889fb9ffdc89e6ee596e48c4bc4c667c7,false
XSS-3941,xss,PayloadBox/html5sec,090ffa4465adb34e1b4c14aff9bd589a490c84765ae10e0b654feedea5d4c690,false
XSS-3942,xss,PayloadBox/html5sec,7465a3f766163c2419b812ea184dc37e0da623c0d42f0749ff2177ae4cd58ea4,false
XSS-3943,xss,PayloadBox/html5sec,7d159f60d3e0f2fb7c64b50fb5cd5eec23b62ebbe1455a95fe5f91f8d3dd0610,false
XSS-3944,xss,PayloadBox/html5sec,745e9a8053989689f09b287b4a250f1c31ad0a00c2860f2be11655667dd91038,false
XSS-3945,xss,PayloadBox/html5sec,bc6f32eb9562cf862b259ff47bcbf00a2324d53b8e41f60d8a764484bfb851c8,false
XSS-3946,xss,PayloadBox/html5sec,a4ebb3419dca1baa476cf24860302d6d6392175ebd8b5457d7b26b4519d10b5c,false
XSS-3947,xss,PayloadBox/html5sec,b1bd738ae41c99ee2c854bd4a142badc45c94142c58aa626e2e33e0210467e98,false
XSS-3948,xss,PayloadBox/html5sec,8ed9a8f782f025731e45334f4ed4dd5496b7886b9828694d36ad68b214ada961,false
XSS-3949,xss,PayloadBox/html5sec,a3b545e8bd4f91a2ed539bb9da224507b5de07981321fcd41f80c34c1b2987dc,false
XSS-3950,xss,PayloadBox/html5sec,a8e26823f4371d5feec248ab6e8711927db8402766366df1651973629f7c7792,false
XSS-3951,xss,PayloadBox/html5sec,ae9898f44dccdccf05777ff11a7804f95129e0b943146283cc719ccfccf0124f,false
XSS-3952,xss,PayloadBox/html5sec,b2f80a6ed5b08a0d9a8df1cf52127dacbab54f6bdaf5b9242d3b1b087bb47303,false
XSS-3953,xss,PayloadBox/html5sec,873123f50b0c92e766bfc9f862e1585132cdfef9832ed3cf1e2b85936fdf6b55,false
XSS-3954,xss,PayloadBox/html5sec,e56e3ce9dd715e805a8aac65dad25ae2d2e65ac04dff9d2b8e544ff956b7f249,false
XSS-3955,xss,PayloadBox/html5sec,223f8185c98a8ae9ee42c1fdef0b7ddd873d614f7d331f66258eb45265935cf2,false
XSS-3956,xss,PayloadBox/html5sec,2b95de7d7ea9b71ddb58f5e6a6bb1999d3681f1bcab0220a9a13227a6aa6e9c5,false
XSS-3957,xss,PayloadBox/html5sec,fc1d696877bba27096340f0b21e8fb4fca2c3915c80c60f3cab6d293c8a9f405,false
XSS-3958,xss,PayloadBox/html5sec,3be2aaea7c70c5b41c015bbcb1174ff200b5b6dc01c4b3fc1f4762d8590088d0,false
XSS-3959,xss,PayloadBox/html5sec,5e06c6d404bf56cfae3dfc55976a8bd3826531f04f337468d789a03db74bdbf3,false
XSS-3960,xss,PayloadBox/html5sec,a4a6ed876995d23793eceb3f64d5d5d61f8f8dad22b596dadfe452868b77edda,false
XSS-3961,xss,PayloadBox/html5sec,7bdb618ced3fd19232b6961d49e05080dd6075d4055e6b063cbd6353db3cfc18,false
XSS-3962,xss,PayloadBox/html5sec,d18535493fdf0cc923e32a693bf267ed5c53d53567af4453ded3160ef77b4ad6,false
XSS-3963,xss,PayloadBox/html5sec,300f23cc7d38a8272e25a41e67c63b68177f6bb9e89d0d4d1d00ce2e225cfc02,false
XSS-3964,xss,PayloadBox/html5sec,967d1b52144f674959a86270bdbc2c6f5b9fac58c78649c03b55af2d493c540e,false
XSS-3965,xss,PayloadBox/html5sec,058e960fb5d467c4194ef9e4ba009ba8ae29f909b09d1509ea638c5d58b3b681,false
XSS-3966,xss,PayloadBox/html5sec,81d1afeca986f892a96e48c43421f313c1e261ee0f28ecb40399bb97b0bdabf1,false
XSS-3967,xss,PayloadBox/html5sec,64b54404cd8046dd213295462e38232120d6261b605d6b2c4667f583169696a5,false
XSS-3968,xss,PayloadBox/html5sec,92657ce68eb81179b3028787fc10a7f7131551938463564dd8b95d305c36298c,false
XSS-3969,xss,PayloadBox/html5sec,edd075cb7f8fc075bec86790a877574fb1e865ad28a39ba61f944211db993326,false
XSS-3970,xss,PayloadBox/html5sec,b226271ac3d7b1b7efdbde950d44bb336c66ccf687fd085d143ca1180272e042,false
XSS-3971,xss,PayloadBox/html5sec,d7d676a5773b76ae35e2b782a4b0c178888b2401fea4f7ebb3f805374363105d,false
XSS-3972,xss,PayloadBox/html5sec,61646c081b668e40fdfdb28d5edf8e92686e28eed2234a167be521a8e8519ef7,false
XSS-3973,xss,PayloadBox/html5sec,6f39c3148c8de0638631cb9dab178756c78f43435edb43fd4b8ba5d459f0b36b,false
XSS-3974,xss,PayloadBox/html5sec,6e3b06f032ce2b5fb048f48da371f8c85d43a24fb322d60529637203a054b0cf,false
XSS-3975,xss,PayloadBox/html5sec,c1212f66b4f3bb0432ab0b10f634576e27ab649fca840e5950bab3677060e46d,false
XSS-3976,xss,PayloadBox/html5sec,0e7df327ff5ba7999fdb60a34f4e0460a27e67e0e653fe485c63d59c3ed2dca8,false
XSS-3977,xss,PayloadBox/html5sec,82f722539cbdd3e7ef5364bb0b775e2d2d94ddb41543a2b787ca3d902319ebce,false
XSS-3978,xss,PayloadBox/html5sec,7a62a718a6bb0cf43120151e910adb71626016446d4360d8db88ebd3ee9d2a52,false
XSS-3979,xss,PayloadBox/html5sec,5e9c3db3b3cd0f97fdb2a20a6cba0aed688ae2c15bb7cfaafcb5d5fc156eab1d,false
XSS-3980,xss,PayloadBox/html5sec,d802cde69cf8a20f9ad11b93f35255c549325dddeb35b649a8fad8ea6c8c9c8e,false
XSS-3981,xss,PayloadBox/html5sec,b7be2b0113e9a00e3e1247932e45246ffb473ad80a996449c3d30c7ecc19138c,false
XSS-3982,xss,PayloadBox/html5sec,2dc2f1edb4c2965e021f066e013014bbe4e2d8f68bba8c27449bfc3159ec3ce8,false
XSS-3983,xss,PayloadBox/html5sec,bfc2635bcdd5a71ae068e6fbd0db20fcc6cb70ccc1db8eea56c1a82e01caf690,false
XSS-3984,xss,PayloadBox/html5sec,1d8939d9246489abe98fd91567a008f12aa0a7dd5b98561c75e3937a286ccb3b,false
XSS-3985,xss,PayloadBox/html5sec,9feac97f818ceaf3e5bec836901ad5733e52df7767d8b286e491bcb832039c71,false
XSS-3986,xss,PayloadBox/html5sec,e2ba8d758c2c23f725a6fb92ee469e963d3d66f6d5fd68fecd2d9519f113c56e,false
XSS-3987,xss,PayloadBox/html5sec,e5160c1b37fc6ded9587b264c4d33c95e6e47b8fa0efa6cbafe2cd8342480394,false
XSS-3988,xss,PayloadBox/html5sec,2776a52a4cf970060df8d77eba26dc4aa1881bc9f6e0a411e68c2bdbcdacecd3,false
XSS-3989,xss,PayloadBox/html5sec,231fee7c5eafdcdf55b5e4f8638a7c9f4120c18925607c16fe054eea3908e564,false
XSS-3990,xss,PayloadBox/html5sec,b2d2cd81a62680e5d417b097472627859e785868302cfa83bece03380ee9c85f,false
XSS-3991,xss,PayloadBox/html5sec,b1e676dca62e1106da72e110f9286b467e91ef36dbbfd8f52598830a90769b2a,false
XSS-3992,xss,PayloadBox/html5sec,4fd531c761fefa157b14cdaaad9e6aa54637207692b9517ee0ae99fc52333b63,false
XSS-3993,xss,PayloadBox/html5sec,caa59e0f09edae1406c7cb4dd05f1cf0111a65436f2799d96cbdeddb92ee2c09,false
XSS-3994,xss,PayloadBox/html5sec,e5265ed79c8a40c699148d0bba2553ecbd4b9be6ecbab745be42e568a0774583,false
XSS-3995,xss,PayloadBox/html5sec,fc4962d1e4dbf4fb60fe34c7b2eeddae84b2b50dbb8704a93d7a0455915047ca,false
XSS-3996,xss,PayloadBox/html5sec,679744a4f0636b0d69cdb4556c7b371f4bae095316d882f51e7312b5179f7e11,false
XSS-3997,xss,PayloadBox/html5sec,f1c6d79554c9afcf0000fbdcb1ba8842241ca8089a1320f6a341fb1f9e6ed230,false
XSS-3998,xss,PayloadBox/html5sec,2489313b9eaf11311c33fc596a504c6bea9767fc44d60f1b5da2085810daebb1,false
XSS-3999,xss,PayloadBox/html5sec,a4812ed3aae9597001e674b976749817ccef165531eb725c26d5579089cbb4fb,false
XSS-4000,xss,PayloadBox/html5sec,b8ac67d7924f981210dd5cdb02f86eea9bee73b4a170244b32408b2a252454f1,false
XSS-4001,xss,PayloadBox/html5sec,dab02fb1db2e3c0cf597e5fc289694cb631385ae13b7f69a59b380e4613edf17,false
XSS-4002,xss,PayloadBox/html5sec,f3f21dd3e5a41dbc9ff491ef7bcaf20715b78a8b18e2d769d33275aef3c7107a,false
XSS-4003,xss,PayloadBox/html5sec,677703d290932750b9ed1f47969dc04eb91e0a2971d5a31b755c922fffd881f5,false
XSS-4004,xss,PayloadBox/html5sec,a923f9bf2d32915ffffe923c7a70b9717155db23b0e11c7e28389192e584e4e7,false
XSS-4005,xss,PayloadBox/html5sec,4b55383226246422dbde8b44256ee454f796d6e7b46ee0464701be0f067d36a0,false
XSS-4006,xss,PayloadBox/html5sec,6a91f1b18f0e94d23244e17d8da8c8619955e12ab01b51efc66ee9fe05176659,false
XSS-4007,xss,PayloadBox/html5sec,997b840f3c190d8d617b192072b3b0685487d0c0c44207c2dea1f902de10ced0,false
XSS-4008,xss,PayloadBox/html5sec,cddb08c7c3cfb85ab9564ca676fe855b1961d88755966505df00f67f828c4fa7,false
XSS-4009,xss,PayloadBox/html5sec,5c02d4069a9ff81210a69db2c4432cb003c8c9ce0179517b2ae82745dc3cc7dd,false
XSS-4010,xss,PayloadBox/html5sec,f45b0ca623d3fce055df49460c87b450b367e9fb5307afdf0df96429c1724bed,false
XSS-4011,xss,PayloadBox/html5sec,0cb8e103999ea9665585aed4557be52db7b8b760c36aa7fc56fa9505e3a81dbd,false
XSS-4012,xss,PayloadBox/html5sec,0a4420c30a158bc358c1d3c6bb9a21a9368f6a950688da30a19f5165bc782a24,false
XSS-4013,xss,PayloadBox/html5sec,c2e816dcdb1e6c63b00c29bd7be238032fc3ac0c0c9dbc72edfca87119b4f5a6,false
XSS-4014,xss,PayloadBox/html5sec,2d42cf84bc52cdb5ac73b4f35e43b3ee0e23ecd1b1e7a2283412af1b4ba0386e,false
XSS-4015,xss,PayloadBox/html5sec,b92566ff63949954eb9f57127d25a46e7fc6459270a1e943c1838b8acf737169,false
XSS-4016,xss,PayloadBox/html5sec,f5efa64f669aa5eae9141af0522370fcddcc16e0c3c1a4426372916bbc1ca1ee,false
XSS-4017,xss,PayloadBox/html5sec,1a56d13f9effbd2ffc845f98d022aa00f934357c1c4d1258df08da0f72b52b9d,false
XSS-4018,xss,PayloadBox/html5sec,31e74ddf89a6deec45f7009f99724faba39c0b2288dc9f478a6e974c333b3034,false
XSS-4019,xss,PayloadBox/html5sec,4a07d2c8459794dac0cb61fadf8a867ef065210b04c0240d650e998e934842a0,false
XSS-4020,xss,PayloadBox/html5sec,853e01b100f1bcf66c5da3b159a356c8121cb5c929274b702ceaa41262dc3450,false
XSS-4021,xss,PayloadBox/html5sec,08410be4cd35bed5a791dcd90017708e655c8bf2c5f0de13abae9e2f095a43b1,false
XSS-4022,xss,PayloadBox/html5sec,b2715909ecefd6bd7c57d59f814fce9c6e5fdc5e99de23258cd7a5bb10c6ebf9,false
XSS-4023,xss,PayloadBox/html5sec,159a0e22daa01b3b2772cc5b89a23b0300ce20fe60f2ca48f84ea34ee908329b,false
XSS-4024,xss,PayloadBox/html5sec,0c3fdd7cf939862cf7d6db2e178b9a3a560bb938b318e529bb9b2b4ffd90fe94,false
XSS-4025,xss,PayloadBox/html5sec,0f1b9763e734977454902dd95f3cc63a0e3aa92f672f2f84b8df6b2db50b9125,false
XSS-4026,xss,PayloadBox/html5sec,62780577b9837bc7c5b0e96a13785831a0e02b709f44566c99d472ce01f27c1c,false
XSS-4027,xss,PayloadBox/html5sec,56780e62c3eeb0b5de5c31bc172fe76e9647326deb05eb0e8f51346448010d05,false
XSS-4028,xss,PayloadBox/html5sec,f8c938838148fb65cf66864e75772e3a87e8aad6f69a935a5b70b54750187a59,false
XSS-4029,xss,PayloadBox/html5sec,25843d1c63b07a118ac03d928261adc90ddfa63e11faba5c16f55796ba58e0a9,false
XSS-4030,xss,PayloadBox/html5sec,d44724c454d2a283583699990870174b71e176511bebe553b41fe3e636a6f5e3,false
XSS-4031,xss,PayloadBox/html5sec,ad2f2545118ab2961d7be37798305834fb2a9b4ac9d702bb18ac4d455393eb74,false
XSS-4032,xss,PayloadBox/html5sec,179f4efb194d26bee4cd80c5cf70f579fa517cff927829dcf6b611ec52174456,false
XSS-4033,xss,PayloadBox/html5sec,03743a24759db53f638e9acfbe89ef1d4cbcafce83269048e699e32fd3d240da,false
XSS-4034,xss,PayloadBox/html5sec,ed0ef54be68c535b4a9664eca05ecabc89b69e7d53c87bb3f45ae85d26a01b6c,false
XSS-4035,xss,PayloadBox/html5sec,4ba9c56c011c32f278b7917a1ef3f50d7afa3bf96d26770e65996c93a63efcaa,false
XSS-4036,xss,PayloadBox/html5sec,815285922059725fda68b118f69db4f97864290214c0e6749764bd1e1ded7390,false
XSS-4037,xss,PayloadBox/html5sec,4864afadf17f885c190cb1d732f59dbd8a26b6cd9c35a11e806b363c38b3a095,false
XSS-4038,xss,PayloadBox/html5sec,3f30a0771e6d912a907143fabe5191755337fd1d72728d6855fd67a5fb209113,false
XSS-4039,xss,PayloadBox/html5sec,350589b58e968b33fc565dba975431a46141fbd2c52c2e9a5615d7ea7d3fe6af,false
XSS-4040,xss,PayloadBox/html5sec,3aa936813a68a9b15576d72af05eb3635c9e2faeacaace5f284d787e6ab2334e,false
XSS-4041,xss,PayloadBox/html5sec,7d3cf5af98cf1f78b8a82b7c3ed63b6b01123d036aa2874956862a618067b182,false
XSS-4042,xss,PayloadBox/html5sec,d4d8067ae5bfa9653ad5d7eb02e93b5d2b18d9414c300c5ad0e2c8278ed165ba,false
XSS-4043,xss,PayloadBox/html5sec,cca81d52bc96375969f01d8315a3f5f4bd0817c9dcb616feb58f1d5185c0ef5b,false
XSS-4044,xss,PayloadBox/html5sec,1b44d8288c7b2741972974641e7722892348ca771b595d65c060cceff5a0770f,false
XSS-4045,xss,PayloadBox/html5sec,908336b055b24ccd43fb799c3e513b59fc1de741641fb806c8ec256cff4862c0,false
XSS-4046,xss,PayloadBox/html5sec,040ee1597b9bfb0db3969cba37905e022df9e67520dd21dc3218f2286787ea9b,false
XSS-4047,xss,PayloadBox/html5sec,8461fdec07876ee2c2b45eda02495f9a844b8f18d7202923912269ce2aa2f7c0,false
XSS-4048,xss,PayloadBox/html5sec,0ccef5a2be09bbff54faa827a068f91045059322eee5eddb41bae8cd472a77e2,false
XSS-4049,xss,PayloadBox/html5sec,1bac262c169bc5a0457478c2e2c6fe4b2aa6666aeba052c8330ad1bc1b3670de,false
XSS-4050,xss,PayloadBox/html5sec,acc2137b6693bfe83f30fb6ded26877f18bcda4e5faa451a46c4e89c6e7d8403,false
XSS-4051,xss,PayloadBox/html5sec,b9a93b47f12267ef895cd57735fd0f3a109e3710b5f21bef3e3e9a8ffb011d48,false
XSS-4052,xss,PayloadBox/html5sec,6ced465434ef1bad3066fb7551a5cf3c384fde725239404562f7c5dfa29df797,false
XSS-4053,xss,PayloadBox/html5sec,a788104b197daa70e0ed48840f8e1160e9a8c9630b92330e6e1f1d6a7fc37459,false
XSS-4054,xss,PayloadBox/html5sec,5ee259dbe1323cf9242738caf51af74fc01d0022fcdbaa0651714fb10799476a,false
XSS-4055,xss,PayloadBox/html5sec,5292bf03871fba5c86f945f2eda5533af406a69acb6cc9e128c37eabadfb52b7,false
XSS-4056,xss,PayloadBox/html5sec,d43ee8ed1be64edffcdb280e95d941d0eefc209dc2b458aae9fb151ef82047db,false
XSS-4057,xss,PayloadBox/html5sec,19f1189796cbc8f6a5f340e1314ae89bd3ec13c22e0b1f09bda21ce2e399affb,false
XSS-4058,xss,PayloadBox/html5sec,3daf4175f2bc51478d0b9f5b496a4389dabde82eef05b59391f78016945ab913,false
XSS-4059,xss,PayloadBox/html5sec,89ffcf2f07e1af07ac0fb2b8c2fc0c5dbc95d04e6d8194a3629053af82e48f16,false
XSS-4060,xss,PayloadBox/html5sec,ea1fa91bb01260b38c166296549a69fed3b344648995c0fc158b4dba697d27c4,false
XSS-4061,xss,PayloadBox/html5sec,99475197e89b9a4b31b949f74a8cfe4c3d4ee7f67b5275c0db483e3c347f3531,false
XSS-4062,xss,PayloadBox/html5sec,ecd04a599d53b42017fc07f7520ce0b468239231d864090564aa485f3192e5d3,false
XSS-4063,xss,PayloadBox/html5sec,429ef31e277cb5e382c0d1eac0d73a11887f1c1da8e5fc68a8bd964826439b34,false
XSS-4064,xss,PayloadBox/html5sec,41d42d10657c53dfc4687e4a7cbafa5832d7ab373faba040b7042cca5ef16ee0,false
XSS-4065,xss,PayloadBox/html5sec,cff287ed6d588e8ae61f42bcc4897773573f11b801ea0dd4480393149539baa1,false
XSS-4066,xss,PayloadBox/html5sec,e94408d52f95612698d22d0d84af73143651a5df976b498dc75b3c2971ef5eca,false
XSS-4067,xss,PayloadBox/html5sec,2516fa1b04e015292070bd89a90ce7a0f5df8017dbaa17c8a17c82157990e321,false
XSS-4068,xss,PayloadBox/html5sec,36bcec9b7cecf60500cf89f41c5f01dc921718713dee692b9f74ea64a374df42,false
XSS-4069,xss,PayloadBox/html5sec,94537bd35b0ed417fdb3a2ca5bfd733a239998a93dbceb5f0c15e09e028341e0,false
XSS-4070,xss,PayloadBox/html5sec,6c62f8f1fe67f51737d245482a424eabc0b26972c79889db9f644961441dd453,false
XSS-4071,xss,PayloadBox/html5sec,18dc221737e91091af9ea11d7f9f851cabe019c1c7059d720451b70c0a11dc7d,false
XSS-4072,xss,PayloadBox/html5sec,d7dcb8ad76dd9b3ef127f66b2fe03edd12d286c184505946f1141a1178a451eb,false
XSS-4073,xss,PayloadBox/html5sec,2e438ed8c855d70789badc2e416f9a5c8f3cac0b025737eb3f78caeb50aff621,false
XSS-4074,xss,PayloadBox/html5sec,14ba6cca84561e5e15aaacf941ed3b3426fd586194513fdbb4822decd7c0b4bb,false
XSS-4075,xss,PayloadBox/html5sec,ca3648d3ff9f4698087e3ddfa7497563e7482b63f487c0ed61dbf51a7cb4a5de,false
XSS-4076,xss,PayloadBox/html5sec,6ad97d034c32f522b4ff6ed6f7538c7a3b595313510d91c4ff79f02dea116906,false
XSS-4077,xss,PayloadBox/html5sec,de570ffcd4cd0b6d154643455e61d915bdbd958115ecad03a2fd1a12bdf701ea,false
XSS-4078,xss,PayloadBox/html5sec,4f5430659999f0f4159ec9bea036a0ea029d25c5cff76889b510c0de1f8f63d7,false
XSS-4079,xss,PayloadBox/html5sec,0aed9956c81c07a639cb43c990e5e4cbb7ddf572298278b5b071e8c12a4d7960,false
XSS-4080,xss,PayloadBox/html5sec,57a5fa138b6df08364a5b01f299c05cd4dc95c6f68f5dc45ad54e3a2a1a5d96e,false
XSS-4081,xss,PayloadBox/html5sec,58483ac9df0fb59f94607a4dac69c02738c25d196b3cdaf1d750c0aec0cd024c,false
XSS-4082,xss,PayloadBox/html5sec,a2614134402d680c3b4792d6b256c2508f8e349d08d4b1fbc0f4cc1f926bcfc1,false
XSS-4083,xss,PayloadBox/html5sec,dae06a058066bf0e618b8f907721e9c55dec75d1c931b7f529706fad08633b16,false
XSS-4084,xss,PayloadBox/html5sec,1d8f3214932d11373a020bd910fd1a0882c478a017240b14e656f1a9faf3b045,false
XSS-4085,xss,PayloadBox/html5sec,6a2551f84c9a8440d90a57eab8b83a8f67df8c9a5592f446396999cb8cdc6ead,false
XSS-4086,xss,PayloadBox/html5sec,011e4d2bb2acbfcd44731410689844eb0f7d5726e442996e00a70cfc9a5fd843,false
XSS-4087,xss,PayloadBox/html5sec,cf1955acefa5a50bd1dfec3f4e871475279ccbac5f89a2d438e01758e335b506,false
XSS-4088,xss,PayloadBox/html5sec,46179aec2fb367113fb7abb95a9aedfe47b9cab80aeca8338a629608d7c0e086,false
XSS-4089,xss,PayloadBox/html5sec,663eecab4cc83b65c7c6f28549b8edf81e9f48ff4c7413597a0f1b5456ccf55e,false
XSS-4090,xss,PayloadBox/html5sec,e7d74350a1304d798aebe6bcfb7ad4c41d85a4d062a5326a8651aa68d1ab5bc7,false
XSS-4091,xss,PayloadBox/html5sec,6ae68fb73d814b0ac755af6895bab9a48cfd1e735e735551cbfc8aca4c19dd55,false
XSS-4092,xss,PayloadBox/html5sec,44055d63ff4f4cbfd2e31720cf60ceeed2fb6c8a5b6d5976485755b75980ea3e,false
XSS-4093,xss,PayloadBox/html5sec,2a4b78d4abf87156eba4bd12cb799dc801f3bf629a6ba128c8796b9fca6d13e1,false
XSS-4094,xss,PayloadBox/html5sec,eb8fa508a0253b900b05a84d530a02f4e8ffaaca3cfaa0290cf1d1fb9d6578c6,false
XSS-4095,xss,PayloadBox/html5sec,3701accc8556bce6d20afabfbbe6f77e35d076263ac2ccc4028c86f6b6c15e90,false
XSS-4096,xss,PayloadBox/html5sec,09b847eb14db455a8d4a2bc8eb5aac5ed7fc5d9227ab0a024b3ea20dcc7c2d78,false
XSS-4097,xss,PayloadBox/html5sec,16bf45bb9123d28245b9f2209141e9a4c6175cae7ea5b2b0536883f06f3ad4b9,false
XSS-4098,xss,PayloadBox/html5sec,a6bd34fea15ccfbc01c2b9193bc6ead96be78c13b83802f8ad0bc938c1ca666e,false
XSS-4099,xss,PayloadBox/html5sec,ca328510621765c5d36a87ce083fa2912f6a91166df1e8df822f768ac7e2928c,false
XSS-4100,xss,PayloadBox/html5sec,52aa2da5ec1ea6caa8df75e8ff3a41c2048c07712369879817d686d7ad74042b,false
XSS-4101,xss,PayloadBox/html5sec,2fba070aaf1374f84f4abd1b6e4f2d0fcdccc2d248ad16d12853509ade467632,false
XSS-4102,xss,PayloadBox/html5sec,c68567cc63aed94ada239ecf81af98978c867563fe8021f5ee6bcd62fe614b8d,false
XSS-4103,xss,PayloadBox/html5sec,1824bf59750f536938322e9dd4bb421b3ffc4f9c8ccb50932e595f9d716c6041,false
XSS-4104,xss,PayloadBox/html5sec,c7dcce16953f300f3f527097e16fca8d7f1dc730b3b7a68fe98f052fd9470669,false
XSS-4105,xss,PayloadBox/html5sec,6bb87223f469a197d92873b8a83b838cf34d33514023abecb85ead558369b100,false
XSS-4106,xss,PayloadBox/html5sec,889c8b4598c391ff7bb728c8ef92b8533c6313f7ed4cdbc11719a4de9f511b51,false
XSS-4107,xss,PayloadBox/html5sec,da77480389d37b0ab0cf07664597a6fe776affdd8adf5fc3f0b5ca25b271dd73,false
XSS-4108,xss,PayloadBox/html5sec,80402c4df1c02b32f626296a0a394ba00ad5cbc0606b1a0b64940fa2d586a5d8,false
XSS-4109,xss,PayloadBox/html5sec,bd3131973273ffa68d84246d10ce465312ec8c857a952c22b899c4b4afd85212,false
XSS-4110,xss,PayloadBox/html5sec,7ef6afd125825c8163ce7de52b39e18c270c03c6bec52fdf22ae4f931775ebb3,false
XSS-4111,xss,PayloadBox/html5sec,57423e5b5434d22eabe9aff37d593649cc7ee27fe6a9671c0445a354ea170f1f,false
XSS-4112,xss,PayloadBox/html5sec,e543e1c64806ac24a0745c0f2d415fe2ef364c0e56f0342b208ba45f81404851,false
XSS-4113,xss,PayloadBox/html5sec,8693256af039e1a4b2569fedee0640bbbd44ae2dc3cd05c21183573a6a8bee35,false
XSS-4114,xss,PayloadBox/html5sec,026c2dcd0d063863164f57abd1096f13fa64e20a4235849bc0e235c6da842788,false
XSS-4115,xss,PayloadBox/html5sec,2626d1cbb259c272bfaacc065d322759a8752adf8cb8653985b38719c0d3a400,false
XSS-4116,xss,PayloadBox/html5sec,3d76e092a0a5772708a21d42fd620774821951dde240f58db79ec689290ddb67,false
XSS-4117,xss,PayloadBox/html5sec,778c1b0614ad87514eacc8106b983f4acc3f3a5019eab619a3961930e68a0bb6,false
XSS-4118,xss,PayloadBox/html5sec,a407ceef8205ada04e223589aebb7847a5708a3fd6cbcf73b76b5c8656b6fe90,false
XSS-4119,xss,PayloadBox/html5sec,c876cdfbfaf100d51a8ee8e4112611ab6a69fb47bb3b0a80567fbf968a3713a4,false
XSS-4120,xss,PayloadBox/html5sec,dd119539fc312f2a69479fec0494a585efc9e6b793254fdc51d2a9c66fa8113d,false
XSS-4121,xss,PayloadBox/html5sec,6faf8d58d105a2edbfe1458f59fecbbd7a6896de5525cdfe4764808eb788d594,false
XSS-4122,xss,PayloadBox/html5sec,76b8090ec697a3ad90e7a83e1270bc620b04693d32c0da33950879c04b975096,false
XSS-4123,xss,PayloadBox/html5sec,bd4b361c03dccac4184b28afe2821adaebe47007100ed6f3f9e74e7e1edd2a4a,false
XSS-4124,xss,PayloadBox/html5sec,517b15954742070aed1da10679248998b1649c55b60c94c4446f2f6fbe4cf6c0,false
XSS-4125,xss,PayloadBox/html5sec,941af5147b548fa39217ab2d68c0ad854c9725cc7b9e1e0ffea22ae0c9fa87bd,false
XSS-4126,xss,PayloadBox/html5sec,5a5e76145bf7e0f64580b51ad5b113eea134c3e7905e50c318ec7c9d0ca5b359,false
XSS-4127,xss,PayloadBox/html5sec,95be023971c3ae514182d780d5af4898d67fa6a8d1315fdc6878636c15718076,false
XSS-4128,xss,PayloadBox/html5sec,fb92d7307ac76be9a477f330105030d710463955fe4807dd231a139492f82b6b,false
XSS-4129,xss,PayloadBox/html5sec,ed6243a8481d116f86817bfa06450b4e78dfd2e08e5ff4c07c9ec94983509645,false
XSS-4130,xss,PayloadBox/html5sec,b9e35e857b5b42c630246078062ba78c6ca96d5a4572089a980174b6bd72b527,false
XSS-4131,xss,PayloadBox/html5sec,f1290cd6557f1abfc490e15bc4e7adfd93c68a0882113868799fdfb7ccae41c9,false
XSS-4132,xss,PayloadBox/html5sec,148461b0a6775c4d9f1426d749929d3babaabf5fc88e69563bdaab3908bc581d,false
XSS-4133,xss,PayloadBox/html5sec,0c1f4c2a206749e57d6232d4513e4d13154bfe38921e08326e53e206d5ed5148,false
XSS-4134,xss,PayloadBox/html5sec,a2e4028e21c27f1b36555440e9da250fee6c1d29abcc9e19e59d09662e6016fa,false
XSS-4135,xss,PayloadBox/html5sec,a8565638d633334eff1686c14821d5575041c92ba354a6d80c7035f9bceb7165,false
XSS-4136,xss,PayloadBox/html5sec,c089847475e9262b0e2105d4e6c4965d19c5cade58dfb00e8b4314c9e3b1fe95,false
XSS-4137,xss,PayloadBox/html5sec,b3f209a2ab2523353bb2a110cba0f03febb86af2e593dcf1cc176383ec694f16,false
XSS-4138,xss,PayloadBox/html5sec,4dcd282b40969c5e44d2283ec4b2dad1679ff881f2b48655303a0d209528a182,false
XSS-4139,xss,PayloadBox/html5sec,44fc59ec4326889f95d8b1e8b5ae31e4cce78f64debdca73e9dbd7e43935d2c5,false
XSS-4140,xss,PayloadBox/html5sec,aee6237e3bb4267b08e74fb9b34862ed2ef88ed089d1fb16937ce49cc7249cf1,false
XSS-4141,xss,PayloadBox/html5sec,3744f787a7ff214569939efa9fc2611f0853890694499c6a10b642427ca218f7,false
XSS-4142,xss,PayloadBox/html5sec,93c7da97cca22bf68d9f34206e15e94bbd5fbfe3f9d38ecca0b16c8658c014a4,false
XSS-4143,xss,PayloadBox/html5sec,d9596f4bdb57a35ecef0bb63ac9631eded65caf3b95fdf69e831931f16727f96,false
XSS-4144,xss,PayloadBox/html5sec,a9a097bf93a896cba175a26582a167f18347c5ccafce86da96c6e77c69697499,false
XSS-4145,xss,PayloadBox/html5sec,c1bf45813879d2fd0a0d75b2ac6ac987a6fb30ce88a95d38317870efedfcce39,false
XSS-4146,xss,PayloadBox/html5sec,63552ecbb2069884250899cc7c80174e0ee7a2626c1b5aac5b8079beee5dc1f5,false
XSS-4147,xss,PayloadBox/html5sec,e033a9ea3d64ce0c8403ace48dffaf368cdc60c5a7b3406e949ed858a53f4d87,false
XSS-4148,xss,PayloadBox/html5sec,d1df753d08f91523dae8c9701d176bbf1da94641bcddd2c8ea434a2348792316,false
XSS-4149,xss,PayloadBox/html5sec,b2ab0b01ba00f432851b2cb3897d7f4ed26f71e988ca589dc57cfeb05e820e89,false
XSS-4150,xss,PayloadBox/html5sec,ea094f419fec5dd293bf5a1136ab0b2324b6c170ffd30ead5e6ddc038442f4c3,false
XSS-4151,xss,PayloadBox/html5sec,acaa44a7f7768196d27d924aa32bff3effe5aa115217c3185c015b69e140dd28,false
XSS-4152,xss,PayloadBox/html5sec,74ce7857932a27606a8167d490a646a729bd15909fa8b84022b911ae927c450c,false
XSS-4153,xss,PayloadBox/html5sec,cebff951588285f508ec9a007d8a208eb65e105f389221a852287cecc8169765,false
XSS-4154,xss,PayloadBox/html5sec,2729f09fa58b910196fd8954e931e7914ed5ce1082afcff393ae85f86b538b91,false
XSS-4155,xss,PayloadBox/html5sec,c40c1d0a9e71f02fc6639b281ad3f09a8dabe6e2023a067e7f99119b9ecbd154,false
XSS-4156,xss,PayloadBox/html5sec,77030bbe29bb1cc9d660de75a2eb8c595455709f7a9d7401f4ca17919daf824b,false
XSS-4157,xss,PayloadBox/html5sec,59727f98d1b31c94e6187965fedeface1c5e4557adf1f6a4244e6f494f74e7ae,false
XSS-4158,xss,PayloadBox/html5sec,40445e0e8fde11d09771d7b1fba4004b6fab468cdea4d907b18d46f06e17fe2c,false
XSS-4159,xss,PayloadBox/html5sec,6875b8141d10e1f38684cfe31d03d1c6b828b9388a3337b66249c0ddb8fcc976,false
XSS-4160,xss,PayloadBox/html5sec,0817029972498c9455bcd1fb61aae512dc351dd1c44682dc149a52ef5852e39c,false
XSS-4161,xss,PayloadBox/html5sec,1654bd8336d5006de81df9e42e1044a28ec6dc35f888992afe52697c73019a4b,false
XSS-4162,xss,PayloadBox/html5sec,e269ef0cd467783c6bda19812bbd7d741ee25b44dcab7dad6daf84dcc35bc707,false
XSS-4163,xss,PayloadBox/html5sec,69874cac820733aca55894c124b7dafea3740a83c016ac390faf0b2de9587915,false
XSS-4164,xss,PayloadBox/html5sec,5d915ce10995561d8a3cdcb6bf90be1aea6c90a749e089a8e8ff04a10bd365bc,false
XSS-4165,xss,PayloadBox/html5sec,c4c9dab1cff8a0aeab0586bcae9bba17c604e4ee6a833d1617bef942a3040f38,false
XSS-4166,xss,PayloadBox/html5sec,d1e90103e4a3a378d7a2e480bbf38baeba23e8de22158f23e851a017229b6d30,false
XSS-4167,xss,PayloadBox/html5sec,5a5dd1ff382618612f24a9b32ae3ad3ae54ed3132d8b897196df85add84e7822,false
XSS-4168,xss,PayloadBox/html5sec,7980aa47f9283f283e8444ab251156c90288c8d5f4aeb32be5832f32368d4e02,false
XSS-4169,xss,PayloadBox/html5sec,0fcf7c60198387747ff56dc881fd69d01725f5c69e2e552cdca4495a0b327e2c,false
XSS-4170,xss,PayloadBox/html5sec,6877a63c14ac45905cadaea82ac8b7f2f0c48f98f8d5aa8ec7d91bbb76e547e9,false
XSS-4171,xss,PayloadBox/html5sec,0cdced45dca6f72001028561bdf908cf03d879410cb351ad536721fe47948227,false
XSS-4172,xss,PayloadBox/html5sec,a9ae2d493c230b4f463b0a443a7dd4d1aad492709a8072dc57da6de73a324ef5,false
XSS-4173,xss,PayloadBox/html5sec,b0cc46970e9c8dbade72323c1b43101920bb8a246b9e44f670a61b5f9c422d1a,false
XSS-4174,xss,PayloadBox/html5sec,01e083a8de3f12856626638d77775e374ec5cb346fe0070eaa112d089e3eac8d,false
XSS-4175,xss,PayloadBox/html5sec,70c73c5bdc7e4aa80087c488948e0f134032a26b120bdbf1898388c1a0e2cf6b,false
XSS-4176,xss,PayloadBox/html5sec,92f47577d4b62250cf248ec5181ca495121f1b583edde357093f8b7a2ed20394,false
XSS-4177,xss,PayloadBox/html5sec,35722878c6cbc2da4e108253b2728a9f66558bfd6bb44e1a08868c2e8a88e985,false
XSS-4178,xss,PayloadBox/html5sec,fb5f365221eb6a6ab2fc4003a57e5601d82d0a1ae757e4ee79e99f563f502673,false
XSS-4179,xss,PayloadBox/html5sec,367732e2fcc3ed1dcadb0ca897c13ce596ad89f451d2c7ac37e97418435c00a2,false
XSS-4180,xss,PayloadBox/html5sec,211559dc4cec0a803a08d5445036ab820444b8989dbc63114e36cd080f605e67,false
XSS-4181,xss,PayloadBox/html5sec,c2b4f18b6451b61d044da5f0cae94f634e7b3d3cdeb3a0661e2f429d0b1c3b0b,false
XSS-4182,xss,PayloadBox/html5sec,c07e2c7d7aac0a6672bed06ec8700cf51ed727b054e97d10b218e520611d0a2c,false
XSS-4183,xss,PayloadBox/html5sec,4ec737a590044625d247d6984b2cd99a6cbd43938e92f0b5dbbe9b34d7a4566d,false
XSS-4184,xss,PayloadBox/html5sec,72aa2cb63fd650cf9cd392d453be7c48e04de20bfc4b7a66492db2139a9c380c,false
XSS-4185,xss,PayloadBox/html5sec,55e3bee62d41407aa909aa7a8f02243784359b925493f83c6cc55a22b8476cd6,false
XSS-4186,xss,PayloadBox/html5sec,bb3249b96e362682c0d6ab673c4dcd19537e4c8a6ddef2029d19510bef09635b,false
XSS-4187,xss,PayloadBox/html5sec,48016d852089cf76bc851b3f53dcd1589cc42fc06d94998726e5bde18d429c70,false
XSS-4188,xss,PayloadBox/html5sec,97dd48394e7c128287d0a927bcec8d7e42d1ef4bd19362a0a42394f5f04b4f9a,false
XSS-4189,xss,PayloadBox/html5sec,b53459927c85f2d17d627324e082c12eac7e928895002f7ce7fd29b400b961e3,false
XSS-4190,xss,PayloadBox/html5sec,ffa3337e51b9e7a8c3a5c03fd68f608767148e700148ba95b1b82b5070fcfd06,false
XSS-4191,xss,PayloadBox/html5sec,13fbd46c1a0f397c6ac526f8c9a94843fcab367e6e590d2474e25943dafb3a67,false
XSS-4192,xss,PayloadBox/html5sec,2b2c585181aff60011eef0356ebeac6c240e85126263e19a8695b4f0af7ae005,false
XSS-4193,xss,PayloadBox/html5sec,7ba64a314fa7834ec1d190cb2617892824f049a8a650bbe4683a7335518e6711,false
XSS-4194,xss,PayloadBox/html5sec,d7d859a5a8db65c342925f8c378b0f597843539d8d213735a44d07b2460edd45,false
XSS-4195,xss,PayloadBox/html5sec,127c713a01d747d0b2a3c9df06cf7a1d721c95a2dded50551ef8cc6783d44204,false
XSS-4196,xss,PayloadBox/html5sec,9fa9d85c6e949f0704817ff177c7207405b94aad653cfc780a85180cc5a5336f,false
XSS-4197,xss,PayloadBox/html5sec,d8511c07eb4eeefdc7e2b08e614405fd23e61f13687c9c31af6e4ce3976c2bf5,false
XSS-4198,xss,PayloadBox/html5sec,74b27ccfa12707eaac9eeacafd287e5099f725767cd16d1d9ba0f883be90a940,false
XSS-4199,xss,PayloadBox/html5sec,36dd57c14469128debd1477469c887299060eaf1234e9b562bba4f293f173aa0,false
XSS-4200,xss,PayloadBox/html5sec,ef5f8b6d952816c9891602d10df4be9a5979aa749d64e41a03d05ab62372330f,false
XSS-4201,xss,PayloadBox/html5sec,ed518370f4dc6692c856d0ff22fbfdffbd5ce2de74d973f4671a0be4a9a554a1,false
XSS-4202,xss,PayloadBox/html5sec,501b7f825bac373f755eb40c8417a2055a67a86aa9bbcc975fdc0b1179b768d3,false
XSS-4203,xss,PayloadBox/html5sec,7871ebaf8b607b1591570f977175c1b8f217c7bb9f9f81fe74867e8da2492faf,false
XSS-4204,xss,PayloadBox/html5sec,43886fbee181b9ad15dc490da44db8f82a9a610cfb897be8b38c2281f38d2dd7,false
XSS-4205,xss,PayloadBox/html5sec,e77110f1154e2babdb57935db5770556350d876cea4f16a39b5aeda4d551cc8a,false
XSS-4206,xss,PayloadBox/html5sec,652437aaf7009abbc89a0e3ae062814704cfb7289b65b728efd71547551192d8,false
XSS-4207,xss,PayloadBox/html5sec,e5b96f5be7dd098457c602cd9baa5a608721bd9e90456ba4c5ead845840e9401,false
XSS-4208,xss,PayloadBox/html5sec,cb87ef20902e227301ec050e2a4a25c91e2a0934b0c4a7b460e54b0348211126,false
XSS-4209,xss,PayloadBox/html5sec,8b19954100112cfa5fbc734fe1925411261de3b860378f9f4697f09a004ac98a,false
XSS-4210,xss,PayloadBox/html5sec,ceb8a76b52c4c73e98f7c1312b5187026bc4b2d0c5aa9446e95df5976bb35841,false
XSS-4211,xss,PayloadBox/html5sec,4ac2c870c2f440b4c10b1a6a39cd0311da2a01c80b106666b7f364d1444f70ed,false
XSS-4212,xss,PayloadBox/html5sec,64d86b629b6772a26f8e9f2a3383e799f22e9c780facbbc7b56191f514e473af,false
XSS-4213,xss,PayloadBox/html5sec,0038e5a0f7d841779f9161b0935b43c7db687406325604db56d63170e4625833,false
XSS-4214,xss,PayloadBox/html5sec,bfecf626a97e7c706ff3a943f9f63abceb5d0e35786e0b86e0ee76efc587d835,false
XSS-4215,xss,PayloadBox/html5sec,a3c9af23d96a39b806f01af6fb8015a4bd9327a18e81f8a6a4e763de94f05774,false
XSS-4216,xss,PayloadBox/html5sec,d246eb1cc0fef847fc0ff094c68b879174d36e4022b7ad0c4549624c7ce7c8aa,false
XSS-4217,xss,PayloadBox/html5sec,ab0cf17f60c2e348affd6040ef01992d29b58c09619c200ef8b81ce0eb3080d2,false
XSS-4218,xss,PayloadBox/html5sec,0e3ffd6624a1f1179ddab3f9465c6070c35fd1a4707101a6fdf11605d72aa8fd,false
XSS-4219,xss,PayloadBox/html5sec,03a4bc8aa15a636f83f4ff2da5fdad81fc4ee08ae77f0384b76d99b982d7dc4b,false
XSS-4220,xss,PayloadBox/html5sec,205e0bb7e3b7157585a8dc499debe9b8c98846a213d5901d27c58717e9ab6b10,false
XSS-4221,xss,PayloadBox/html5sec,7108a108b0db50852ca472c90cbe18e8835b788ab647d4709ba432bfbb45759d,false
XSS-4222,xss,PayloadBox/html5sec,c05d8792549cfb86103eb2ab32d18a6b01bc1db034e5644a1b80f8c28b67e0c1,false
XSS-4223,xss,PayloadBox/html5sec,81b64fc4426facfe6690a2e22273a3071133bce80b6befc60d47128579cda673,false
XSS-4224,xss,PayloadBox/html5sec,17b63b95dfd8f2964a5ff83c7e3f7e4e01f65f81e905e8734e9db1c73ded1fa1,false
XSS-4225,xss,PayloadBox/html5sec,4e8e041aa4b84775f2935a29e199f8bea262ea7d17f600a1a0b8e11545cc850e,false
XSS-4226,xss,PayloadBox/html5sec,fcc9d137f85212fdfad26de54cd8a1673bd341d3d2506570db214938dbaa576b,false
XSS-4227,xss,PayloadBox/html5sec,f07758b2a0fe2e30ffc70263d82f41d26da84ac0c83b88a2f715b95033739acd,false
XSS-4228,xss,PayloadBox/html5sec,b6f7a82292769ccf879f345a1ff388fa9a49051682bce30d5cb3125c9b35212d,false
XSS-4229,xss,PayloadBox/html5sec,c6039462b37a44087bee74d6004b39d5c714addd1c2f09eec81439606c831d9a,false
XSS-4230,xss,PayloadBox/html5sec,a2c7aabf8ab13195f53d771dc31977974fb62fd583f31ba4aeee49fd0d9307ba,false
XSS-4231,xss,PayloadBox/html5sec,d489fc6a2814946c5edbf1c6d7caafab97598f1b305eb66a1f872542c2c21c1d,false
XSS-4232,xss,PayloadBox/html5sec,49ae0839894b61acb80ed0627351b135cab9c004cd170af52eece405567c197f,false
XSS-4233,xss,PayloadBox/html5sec,66afef6c6757b973af47680c24d1a992c195b054c3ba9fa15058868927640ae3,false
XSS-4234,xss,PayloadBox/html5sec,424f7d6a3ee8079dc61bd32427265dac86d99a9ddf4d05e277b71bbd47e54c83,false
XSS-4235,xss,PayloadBox/html5sec,f28e3f8962ddf5eeb213de8bde07f1cced2ddd2e8111d8e6e721ee6c1a5cd4d8,false
XSS-4236,xss,PayloadBox/html5sec,ad1163ca050f472fac6f5d40ff108d921afe51015e73764ec77604ea0756d869,false
XSS-4237,xss,PayloadBox/html5sec,f3c06f58c1d57e3c95a8dfdb6d489ccb7d743433905e486806ea44a7a506b40d,false
XSS-4238,xss,PayloadBox/html5sec,98d3c084554f5555d51908d8fa2146eff0c682fc976d63074794f69f5ff4e60c,false
XSS-4239,xss,PayloadBox/html5sec,15d28ae7dacdf600b7e5753aa1ffd89e0f9aea48b92c67717d9c03cb0af7420b,false
XSS-4240,xss,PayloadBox/html5sec,f852b406cf13a3c534c8013c5ebd265676ef7dff375c904fa0f8a02c091c5eaf,false
XSS-4241,xss,PayloadBox/html5sec,68d7f864dcdac65431ad2ffb2f8691bb912145b8eb03330f5246bd29bb0f7772,false
XSS-4242,xss,PayloadBox/html5sec,29c98e4726d783b6db5499c9c99f3d2bac91433766373bbb4969c9976e19d339,false
XSS-4243,xss,PayloadBox/html5sec,663b8cd41d9f10e24f229b44a0598dbade47a2f84676bc76408bdae61d0d1ae1,false
XSS-4244,xss,PayloadBox/html5sec,b9aebeb1c55cbf3c543dcb2931e89e2c0f4d0fd5261600748d14838e557fe78c,false
XSS-4245,xss,PayloadBox/html5sec,a681dcaf052f72ba50a2116856f0a202c4b0ac926fe37af2955ce56fb76a1365,false
XSS-4246,xss,PayloadBox/html5sec,4bd24309edf4196bbcd92fd4dc1ce111b13d0f0912e4afb586b56c1241920db5,false
XSS-4247,xss,PayloadBox/html5sec,ebcfb6ee19db6c2f441060cd9c41de16227d203fb346369fe8a6dc135fca1352,false
XSS-4248,xss,PayloadBox/html5sec,c3cac33851c059d72c67892eabdbe874479e25539fe75b49bc99fb49e5af38a0,false
XSS-4249,xss,PayloadBox/html5sec,ebe11da63d2dc3c45a2ff31077c1a1d58118b8c9ab9d30e394f35a65040180f8,false
XSS-4250,xss,PayloadBox/html5sec,37f33d9d1d5008ef2929740db140cea69eb925bcb7d90984081561e9108f4b97,false
XSS-4251,xss,PayloadBox/html5sec,f566354365bf712d107e492e77d8f039b533c2fb1905cbc5d6a920d9b8ab59d8,false
XSS-4252,xss,PayloadBox/html5sec,3b6112343286c136f65888f01ae832c9c19827210f4e66bd2ffcefe0f394f275,false
XSS-4253,xss,PayloadBox/html5sec,e166cf31e0b9043cf90d7adec9a3d297dc57f6388e54490b2c39865ebf97d5a0,false
XSS-4254,xss,PayloadBox/html5sec,cad057bfb86a83375c2887f1b692b5363da19ef72f056dc200ade30d24919d25,false
XSS-4255,xss,PayloadBox/html5sec,71f36fd4c930a8a7d7625d9a9c234f0010b4db3765b589f6c414a48e92c4bb14,false
XSS-4256,xss,PayloadBox/html5sec,3241dc477a1c3908ea87e0dcbebecad20b5ff2677bca6bc547592fcb0a00a499,false
XSS-4257,xss,PayloadBox/html5sec,1a73b6d884eb55200d366b1eed048f4cd2cfae2158ac99532048f90413a4212d,false
XSS-4258,xss,PayloadBox/html5sec,f0bfbe222b58da196479c92874b53d8261bc1ff1c578493ed467c84d873dd33b,false
XSS-4259,xss,PayloadBox/html5sec,20bac5c14770cc57c5f3f2f287fb51fd3511ecad60715890ead0e07d915a8aff,false
XSS-4260,xss,PayloadBox/html5sec,b1c8bc4e65817dc1fd09566e4587452649a1b3594fedfb4a16594709076add33,false
XSS-4261,xss,PayloadBox/html5sec,ad9ec345cc9935edac1ec853d8e41b33d6da29aa70a948d1a996e1c0ea179cb1,false
XSS-4262,xss,PayloadBox/html5sec,0d62d664681f32503cb09d57760c059aab3d7270de01e42bdb95cbd8aef9ae47,false
XSS-4263,xss,PayloadBox/html5sec,12d8b069d9d4c9e0783a36ba927ecea8715d4e17aeeb645d886c37c78e03d6a6,false
XSS-4264,xss,PayloadBox/html5sec,0eae80796a5bf8c7bd8f26254be2d1460907dbc65bb322d3bb6d2e5e9317ef67,false
XSS-4265,xss,PayloadBox/html5sec,b460514d5543f9d55f8ff6f61fd9706be51303b4ba4884f7c0011f35e4b4233f,false
XSS-4266,xss,PayloadBox/html5sec,9e8f8cb934fd49d8a5241b14674d5eae8557fc3d752affdc8e7ef755960a0b62,false
XSS-4267,xss,PayloadBox/html5sec,3f20afda93a1aba96935aa5ce98b6e92223c949b16fefda319cb587b2b6d194a,false
XSS-4268,xss,PayloadBox/html5sec,29f1275385611736e7f5a7d91b5586dd76e56d01670c2cd42317d371f678d111,false
XSS-4269,xss,PayloadBox/html5sec,ebc484602a64019776e7e42c2830bb7dc7f8ddd0e68ca9965d47ed174388b5ef,false
XSS-4270,xss,PayloadBox/html5sec,014c3e10cbf979a61047c7069abf93f2178ddead415c5789835b9a36210dd80a,false
XSS-4271,xss,PayloadBox/html5sec,5c4c0d7174a1ebe9c28451b7122e32618536a7d34bbf394e6c2fea4a88e52e7b,false
XSS-4272,xss,PayloadBox/html5sec,2c0ce63960569127cb032349091556e45137bd704924972f6c55eab11d09ab21,false
XSS-4273,xss,PayloadBox/html5sec,388aa024898409bc2008b69666b58e2fea5c27b3a4ee688cbef03cbe528a23e5,false
XSS-4274,xss,PayloadBox/html5sec,7e035325d45310906b6ce45a64a3f4e068f5f119afd030a89571c74a6a5068bc,false
XSS-4275,xss,PayloadBox/html5sec,f7d730a2ebf9fcd57ebe6332a3cdc700d549b0dfe2510b2d7b2abc634fa50ef2,false
XSS-4276,xss,PayloadBox/html5sec,621ec809b77fca228c4daa296970a9970cc818a9664f75e3c03bf682ef351b54,false
XSS-4277,xss,PayloadBox/html5sec,2eab8cbd3121b0ed2bc63cf67b3869ce695d347c07caaa1a023419055118eea9,false
XSS-4278,xss,PayloadBox/html5sec,8d860f90f743fddf526dbb46a5ea4ccc22f101496a54a1d4dd24e60641cb4e1d,false
XSS-4279,xss,PayloadBox/html5sec,385dbd0fdb90415e61bd25b547660228b203d18f92eebed95984c72edac905f7,false
XSS-4280,xss,PayloadBox/html5sec,c6be9cd0b9ac935c1816904ae9b623267b46e153043f367ee0add5b26e6aa20b,false
XSS-4281,xss,PayloadBox/html5sec,b1b3b6c8509c61fb69d4968ac31c418b4aa085b53fb74f07e0258b97c8136e8f,false
XSS-4282,xss,PayloadBox/html5sec,b82fa48abf5429547f06774fbde818ec293ac57f450b35b6a8509ff229db1249,false
XSS-4283,xss,PayloadBox/html5sec,220ca2c5cab44c06d9992af4d6b1cb510e4666b5992d2c6188349aac0f488f65,false
XSS-4284,xss,PayloadBox/html5sec,5b341f2cfad1bed30d3b9dfff42753d0abfc46be9bb01ecc3f50e04d9770777a,false
XSS-4285,xss,PayloadBox/html5sec,56752e57718968d897da6e21d83476572350cd1d2f6d81a90f84ba567d26198b,false
XSS-4286,xss,PayloadBox/html5sec,c76edcd948adc2ab716bbf5c194e64ccedb5d9c4770dba2a54f387bbe6153441,false
XSS-4287,xss,PayloadBox/html5sec,298d9c725c651070cc9edfef05c2d1593cd6710f26cb0653ca611207130ae7e5,false
XSS-4288,xss,PayloadBox/html5sec,2eceb8decb5b7e47d2c13fafd73d37348a8c1f158335c2b385eb800a7e824fbf,false
XSS-4289,xss,PayloadBox/html5sec,59a264e3a51d198b2dc9580989577de1c9da63df5aee61255c3dee125240bc5c,false
XSS-4290,xss,PayloadBox/html5sec,1d0aff54060a8ccb8ad8e7b27557462d5d5a3cf2d834c7e993a0bbf50321e975,false
XSS-4291,xss,PayloadBox/html5sec,3e2d0d650099e640c847c0e7f87494d2fe1d34036b0ab4d019d791b38b1f034d,false
XSS-4292,xss,PayloadBox/html5sec,57c5155f6694055daefef2e7d0485fc54ff88e02d7d645152b36fd4d48ea8aab,false
XSS-4293,xss,PayloadBox/html5sec,5ea47f27c3a56c78d21301b9b78ef60a30192b7f4fda2596e6c926d83f9c6598,false
XSS-4294,xss,PayloadBox/html5sec,64af5995fcd1e7265b75e06fe595604894f2143ec62bf5ebfb1e4e65750d2149,false
XSS-4295,xss,PayloadBox/html5sec,3379fd324da20b78450da4f32bf392b3b70297d6487e976daf773abaffa3424b,false
XSS-4296,xss,PayloadBox/html5sec,e7844cfbc96d8ac1dd6ac76d8a0d11ca97b658e2524ee49d8eda8168a38c7e3f,false
XSS-4297,xss,PayloadBox/html5sec,7cf5f11c27050986912eff7460d28452f74bfacf7f841927a2e7525e8509dbcb,false
XSS-4298,xss,PayloadBox/html5sec,d4789aee9d8c45d406c19bdf42c3fe13b1f169392ca7bfbb3709066ebc43b9b9,false
XSS-4299,xss,PayloadBox/html5sec,ed80b3c4fd2681598e4fd6103b957d875b8b0ae42151718f037ba128182ff9af,false
XSS-4300,xss,PayloadBox/html5sec,a01fbd49bbcfe65b54d3adf8f3cd3e27735ff3463b5bb43d6afc0d83915c307d,false
XSS-4301,xss,PayloadBox/html5sec,34e9e401254472c45a337cc98c2a376f3d1124b6f562d1088a86ef0b55b67fce,false
XSS-4302,xss,PayloadBox/html5sec,76eed339ab434c40ac485ddf2ca3a0a9f1c806c9337851dcb638f89dd5e25823,false
XSS-4303,xss,PayloadBox/html5sec,fcef3978d38ec9327a10289471f63c1057e4ae3629bad57502d0bd32c84586a4,false
XSS-4304,xss,PayloadBox/html5sec,914d2f591bb31b4bdd04f6e8e197c0e8f3dac8477e68078d77ac8380c599f92a,false
XSS-4305,xss,PayloadBox/html5sec,a31866bb57ec5662ddcb773e4f15d058708f8aab0f1cdeb93f7517a64199ff68,false
XSS-4306,xss,PayloadBox/html5sec,8faf7e82bb2be2056e03be6888ab96859bc7ea61c2557a9b733d194804c2b63d,false
XSS-4307,xss,PayloadBox/html5sec,41a77ac08632cf9e8d7d069ef441b33bdf09cfd3c9f9937b1a1297b0a6394028,false
XSS-4308,xss,PayloadBox/html5sec,3007591c2f4f024369d4ad86c7bf547098f2da8c8efd62710e3bbec494ebedfe,false
XSS-4309,xss,PayloadBox/html5sec,09c937250911ea863461e61f07c6db4785a4dcbef3011d64419c51b3326c89a0,false
XSS-4310,xss,PayloadBox/html5sec,66da0c4fa2f4575dd2bbbf57ff44fe52713a5aafcde17d482d873977e2c196a8,false
XSS-4311,xss,PayloadBox/html5sec,d3e25adde338c9843bd9131acf6c649548a3af079f627432787ebd799c588c9c,false
XSS-4312,xss,PayloadBox/html5sec,eac94435c0eb116331d9a726e1a963f82b99484592fa8010dfc4b4351dc8e549,false
XSS-4313,xss,PayloadBox/html5sec,2b86def283e65595f4ef53dd7e66aea5adf78d947d793a42f4b66daeafa4cdda,false
XSS-4314,xss,PayloadBox/html5sec,a552e018b81f1f4471ab197ddff49d9dff14536aa5014c1a72bad364810851d3,false
XSS-4315,xss,PayloadBox/html5sec,262b2a94c224a1659ff7da9972599beb8f901456c4e3c3ce578b6ad78c459632,false
XSS-4316,xss,PayloadBox/html5sec,2c6be3209eaee53fc038545e2492378e16e1ac3af1cf1ff56e8f89661bee4b24,false
XSS-4317,xss,PayloadBox/html5sec,a33e625511e41f3061031ccb616ff0066164473a0f67850157e7de204b8f23b7,false
XSS-4318,xss,PayloadBox/html5sec,0e5976f4915cf8c06f9008f4d731c8c4c390d963a0bacd3f208929991471b2f0,false
XSS-4319,xss,PayloadBox/html5sec,936441c04b96fc7fa8911e1ac5e825bb560b966ffc6b6789a01b260da9a28993,false
XSS-4320,xss,PayloadBox/html5sec,a19309c0f8da3a5facb10e8be6c81ce6a29b65f6c1edc700c873c21208d3d8c7,false
XSS-4321,xss,PayloadBox/html5sec,3da960a43b60975ea3b5db9518e46425064173a4ddb001e721c87fe3499b087a,false
XSS-4322,xss,PayloadBox/html5sec,495862b2e1dfc8620fce066764101d4b97244cedec5e9b75e0809487dc9b2204,false
XSS-4323,xss,PayloadBox/html5sec,a8d2fac49d09543e563adadedb5efb19079ebf953113cb377eff22a1d42cbae4,false
XSS-4324,xss,PayloadBox/html5sec,05adb7b4d72172fcb5c0b8badd066636d3e1a6f9eeceaf96f290c1fa8378bb4b,false
XSS-4325,xss,PayloadBox/html5sec,3e72ca70926cad3f443facb8065ccf8a53cbc445d6f85621d5daca4f50322250,false
XSS-4326,xss,PayloadBox/html5sec,196a6a7f67278fce83ca1f1b36501acd415202171405e2bb571a547dd8a0ef8e,false
XSS-4327,xss,PayloadBox/html5sec,cf3d5986d6b7afa2493b14adc09aa470f7fe1bc927fea7e93f0a0802c3452435,false
XSS-4328,xss,PayloadBox/html5sec,e95ad58e251c51c473d9b0cae7cf6adfaa98d0f8376f822e8ff69f14cc817c09,false
XSS-4329,xss,PayloadBox/html5sec,582c2d0b02ac14830a4989bf3c0fe98b2e413e4e9d08328e2067300ac90d85d9,false
XSS-4330,xss,PayloadBox/html5sec,5d650fba503df95e55d52b93a2e5d37f3e394666d2327b2ec31b00430736f796,false
XSS-4331,xss,PayloadBox/html5sec,513329f03442a5b81883368137e88f9a78a8980ae76447ddf38b97f5d16a4f62,false
XSS-4332,xss,PayloadBox/html5sec,9152c5c072b069b0baaa963af95c384f08bd25054327a654f3755aa3fde14e5b,false
XSS-4333,xss,PayloadBox/html5sec,e9d64a985e1ee575929dd7bcbb0acedd71156874eccc9f187a1c3891ad4f5cb6,false
XSS-4334,xss,PayloadBox/html5sec,e164ffc88a533544de5bdf8809158b8e7513c53cfe4f8eafe17789e9a9333038,false
XSS-4335,xss,PayloadBox/html5sec,a113d1ba4199da1158cf1d55e7e7a330807e88bb83264441c9fef71016d1a5f3,false
XSS-4336,xss,PayloadBox/html5sec,a6b297753aa5737f555468f6919ff25eab017a07a002acf9efaec993ff680273,false
XSS-4337,xss,PayloadBox/html5sec,fa7e9bbb7d4466acd7e0149af66a7903642e191b2dfc4ad8e682320758c55f6b,false
XSS-4338,xss,PayloadBox/html5sec,476f0f79513119c0d012b2babc08ae2272ee79fa89d98a78532b4759aecf4976,false
XSS-4339,xss,PayloadBox/html5sec,c8b2b8d297c9c66abe80cc4d3efb7f258a0d33853b135b152cfc0af4a9cd1b39,false
XSS-4340,xss,PayloadBox/html5sec,db23aef5d4d027174bac6698961a6f1e6b05a4f6e5abf5ee796aa5d89fa85f0c,false
XSS-4341,xss,PayloadBox/html5sec,1e14bbf5b4b0696a6ff6fcc92233edafa3c98d9f5a785eaec6eba80a9398a1ab,false
XSS-4342,xss,PayloadBox/html5sec,707785f9bf051cc62853a49de54d3fe868df1b8fb771344413fd6dc7b89cbd54,false
XSS-4343,xss,PayloadBox/html5sec,6a6f96889bf85d6ffe55f0033cff244228edc9e7cc1e342418c6705396e24080,false
XSS-4344,xss,PayloadBox/html5sec,1e7a95dcf284c291fe8d95960e05c7b0087a6bc2a7fb523125c7ea6f1ebda397,false
XSS-4345,xss,PayloadBox/html5sec,c6b80ca68056f95f5c79cef9d29f087ae0347a39bc81ac0e8b23115a0e11430c,false
XSS-4346,xss,PayloadBox/html5sec,26cecf5822341b4f6fa73db6bc8e76be604122780dbbdd2385a007531b59dd7b,false
XSS-4347,xss,PayloadBox/html5sec,270208fd75aafb340bb3e0ddbc32be56489e333bb64a4671636d2478bbc59e5b,false
XSS-4348,xss,PayloadBox/html5sec,5bb833c55258895975b6b7de7fdc7467e544e6a8b7fe6604bfafac40712408f3,false
XSS-4349,xss,PayloadBox/html5sec,86d586d895a8feec47e3269d6b7b2077d09080009331cf8d9e4df0c06a58614f,false
XSS-4350,xss,PayloadBox/html5sec,03883feb56a45ba4530171146fb996868e326604489ec1285e6569eabb0de6f1,false
XSS-4351,xss,PayloadBox/html5sec,8fc2a59c784a4683ebc58e5ab51cb1fd0798efcc7b8ff3fde4e67f720499d47d,false
XSS-4352,xss,PayloadBox/html5sec,bed4557cd8c97b31c1ecb31af5b147b60bc37169fe83d31a63983b3bdd9a17de,false
XSS-4353,xss,PayloadBox/html5sec,1bded4e7cebd2decfeefb9c9e14efa43f104994059dbf93d279d0a0881fd6274,false
XSS-4354,xss,PayloadBox/html5sec,74e908d0d04609236ce0bcf6f5689397fb6534ec349fb5494d2a33ed4bd8a09b,false
XSS-4355,xss,PayloadBox/html5sec,c7d1024c85ad272df6015e5cabffabf0ab57039f4afd87aa9ff4a256ef62693e,false
XSS-4356,xss,PayloadBox/html5sec,e03635842f36cdb2e78ab5a362000e406ef4fd22c5f30f5b49ec3d7ad7bb409d,false
XSS-4357,xss,PayloadBox/html5sec,853e5fff93d10b6eab9feabc6fdb65a71ba0b35440367bfeb5aa8e5ce5521b85,false
XSS-4358,xss,PayloadBox/html5sec,6c2a58bb075b177e3a1843502c34e4606454da92da691cfba80e2682abf9fbf5,false
XSS-4359,xss,PayloadBox/html5sec,e8e41a18075a18ea3f2f01bcde4cbd903a2ce9018ee4cae66bb0b069e8361801,false
XSS-4360,xss,PayloadBox/html5sec,e0d703cbc5e686418467a1c73fd6d8d7d65989d7ec6ad01dfb8fd48bc2f0580b,false
XSS-4361,xss,PayloadBox/html5sec,44a6b88c9f3db93f95e7d7f2dbf490d67dfa843f5007d7069cfe588c362e1b3d,false
XSS-4362,xss,PayloadBox/html5sec,8d595a8377095fe17076f89dda2de75cd767b2862327a9c1c317329f9141ec6b,false
XSS-4363,xss,PayloadBox/html5sec,b3377617e3d8175a7f4dfe72565f8454cb207d3f33c32f89b1f69871274d09c7,false
XSS-4364,xss,PayloadBox/html5sec,ec0ede433bf09fef535ae2408301fb62ce64802ae2bddd85d0c8f091cd53ca6f,false
XSS-4365,xss,PayloadBox/html5sec,4798169a6e23d611434e73c85349d733526cc83c67107cab1874a9dabafad128,false
XSS-4366,xss,PayloadBox/html5sec,556a3a678bf2881660541bd49b75f350a21b50a58849a060b296cf56d29fa671,false
XSS-4367,xss,PayloadBox/html5sec,1097ee974893becd1ab9e71bb231afa2971d6587377f870c14f8c4b3a75ebe17,false
XSS-4368,xss,PayloadBox/html5sec,00bf80e9289cea2f3893f1e9cb2467ca310b13445ebc8cb5d462baa955eb1e7e,false
XSS-4369,xss,PayloadBox/html5sec,04b4b20207f00dd5312db999565fca59f8a932de4716076ecf83c026ac009fd9,false
XSS-4370,xss,PayloadBox/html5sec,199857587947dea1466c8113543ff2ba9aec26d04eb80c3c2121fb9518ddc24b,false
XSS-4371,xss,PayloadBox/html5sec,6c80d6663f92757f6f8ce0df69e73f53d287d18a0b3cc2099f44e07b28b36cf7,false
XSS-4372,xss,PayloadBox/html5sec,be55531a6e22af8bc444240c46e957ad9f0fcb5efc3fe3628e5973dd55c8900c,false
XSS-4373,xss,PayloadBox/html5sec,394ca4f35de561bbc7e25705750693c092195b27896eb655103c351750912af8,false
XSS-4374,xss,PayloadBox/html5sec,9a0f7540d18486df8b8a74bbf938544b7dca051535dda60ccb6b8766a2ce84e3,false
XSS-4375,xss,PayloadBox/html5sec,cc2ba5cefa16343f7b1fb64e401f93387ba383abb538284463052a38f6477eee,false
XSS-4376,xss,PayloadBox/html5sec,dda2b1fc102880183c676aabd61b95932c67c76caf0be926bd2b6f0dba38b265,false
XSS-4377,xss,PayloadBox/html5sec,8ca5d310477f164713c1fc5df1727c6f8dd56a35bd037170574e050b5f4966a6,false
XSS-4378,xss,PayloadBox/html5sec,cc68dcdb18cb79025f6cb511d5fcc3be578c36741e700a289eeb4f809313ca25,false
XSS-4379,xss,PayloadBox/html5sec,b3b259dfc9ba8e2f060b48f5a4afd64ec4c8145ad386d4aee9c054a3250c5f57,false
XSS-4380,xss,PayloadBox/html5sec,cc50f868b94a4c19065f476ec8e6ee1da794f635270e9537453f7cbeba75874d,false
XSS-4381,xss,PayloadBox/html5sec,9cc4a933fef51628c69b1b97817580deacd3d337152dd0d4d073fc2a362aa32b,false
XSS-4382,xss,PayloadBox/html5sec,124ff655765f7784fbdc00e1cdcd75e32e8a35ed1d9ed7b2bcec93d1c15a495d,false
XSS-4383,xss,PayloadBox/html5sec,2f4fac30992737dc3d0f892d320cd75f3beefbfd471f8123f3f271cee15d2f00,false
XSS-4384,xss,PayloadBox/html5sec,20636af7bcc8a9b59a475ffac460f74e150bd9e4c942244391cb93fc89ac6dca,false
XSS-4385,xss,PayloadBox/html5sec,af128fbf68df7ce53a20c626b768e2cb06facdf4c4678d647c7134990d296ad0,false
XSS-4386,xss,PayloadBox/html5sec,9172de27bb67d2e2c098cf637d25ea281a495dcf0ebbd2657761cdf849fa9b45,false
XSS-4387,xss,PayloadBox/html5sec,68946cb1d4c40796810121b47c609019f5f4bc8c1c698117de6417e366069ed3,false
XSS-4388,xss,PayloadBox/html5sec,74bb8fad90e4d8f7ea0f45b615c4dbf02231d8946260e6a6c1c56e3fc8f18759,false
XSS-4389,xss,PayloadBox/html5sec,c3e92dee2069c5fe230dd4c890c054e566371d1942807f176d78eb454d029779,false
XSS-4390,xss,PayloadBox/html5sec,5159a9e6f2fa3df3b965ff80f90b50d2b4206edd55d3040fbfde90df68f10430,false
XSS-4391,xss,PayloadBox/html5sec,3338dc93036c7558bf0e49784e6520fa34fa543d1d946ff5d36ab667f9bda732,false
XSS-4392,xss,PayloadBox/html5sec,2961ff22599007f982fc45d0baebbbb40ab5e3bc09f484ea82ecae2900cc8dc7,false
XSS-4393,xss,PayloadBox/html5sec,25469c48598908b41a993bb9c8024702080a022292e87f00deabe246cbad81dc,false
XSS-4394,xss,PayloadBox/html5sec,b0aad5b98192ea5156ca5bd3f00ac27445cafe7c0cb8d459ad1ebfac1e80b0f4,false
XSS-4395,xss,PayloadBox/html5sec,6b202cd1350f672f741292730b4820d254f682c2e64053305eeefc7cd77a2957,false
XSS-4396,xss,PayloadBox/html5sec,04043893c7ba4502e79b94f7165aff19a399dc25c9515803cf440dfa79f51cc2,false
XSS-4397,xss,PayloadBox/html5sec,bd4cf4a58ab195cca1b8db66077f1bd6938dbb368ab82303eddaf8c43762377f,false
XSS-4398,xss,PayloadBox/html5sec,0c2ac652e4502a82b2ddceafd92b9edefd37ca73a1efba2e5ebe69825ab1a514,false
XSS-4399,xss,PayloadBox/html5sec,1846ab88bb9eb90b272f7ee9c4833ecfd125803b0a3c492b96aa1d3c093200e6,false
XSS-4400,xss,PayloadBox/html5sec,a9ca580f3c33c27a4ff7fccd843cfbeb36db57555461c89168eab3d44e7434a9,false
XSS-4401,xss,PayloadBox/html5sec,c84eb9dc248db63b48d0a3a2257d241e15696187c6ca85f21b02e40c2ec08627,false
XSS-4402,xss,PayloadBox/html5sec,436156bdcc20aa5847482ec02f24ac9c528ad756e878f9adbb758486c6f4a96b,false
XSS-4403,xss,PayloadBox/html5sec,e2634c8811656312eb57c6354fb8a72387b2fd66f09a51230e4b4ba92b13f244,false
XSS-4404,xss,PayloadBox/html5sec,f92e1c3c953d83eed91e3a3d761da164dd261524e4762fe9c090c41e3d43c159,false
XSS-4405,xss,PayloadBox/html5sec,2b2f187cab2aec319d665511eabc5e2b6a5950ed31b09c76bc29627b1a180e2a,false
XSS-4406,xss,PayloadBox/html5sec,ebfd1f732f97b9cdd6e256efc052876f28229a2a8235c868bd57c7a099db36c8,false
XSS-4407,xss,PayloadBox/html5sec,9f40b2eb88f7d4cc54c013d1a5e2602d7978b21889f499536541df9b336e31aa,false
XSS-4408,xss,PayloadBox/html5sec,4c468a64706ee70d7f536a355402748d8e9ad3bc2dfab1e5f58882b9fcaa3bfc,false
XSS-4409,xss,PayloadBox/html5sec,0a4d6c04ee6140621e95fae2b158f797b81a47cf527b01e038be6ec0635e508c,false
XSS-4410,xss,PayloadBox/html5sec,a7714f2aa1f4336548f5df81c24af96c9f3acb534290c26886a0aa179a91971e,false
XSS-4411,xss,PayloadBox/html5sec,dc3c9b2f26e42e46c9d70bda1c76a14500164a7388caaf8c26d5645d51a9e617,false
XSS-4412,xss,PayloadBox/html5sec,4e80b18926059bec4f23e7b26e6d1bc728aba07e802ef14a52dee72e225ae08b,false
XSS-4413,xss,PayloadBox/html5sec,33180c99a4d43121797736e7bfddeb9f5f20c4aa18d6dc724290a23e198ba2a2,false
XSS-4414,xss,PayloadBox/html5sec,da89def508d708f0885efffde7c60456a6b95bbf091489d66e55252cd9da4706,false
XSS-4415,xss,PayloadBox/html5sec,1e066fc4cb7ab1238139d40cb5816b67b9f7e4ba92b2af159182c0cab38ef011,false
XSS-4416,xss,PayloadBox/html5sec,784791cdd8f65646fd8c70f83fec3bfe58bdbb79799cbf025f957fac9728d1d7,false
XSS-4417,xss,PayloadBox/html5sec,76e82e7b1b675f49f7b5e87a196437c41f17aa216add8dbda127080103f427e6,false
XSS-4418,xss,PayloadBox/html5sec,9b019d0f95a5039744d44557d0ab2c8ec235b57ca414c993adb3188a303bfcac,false
XSS-4419,xss,PayloadBox/html5sec,f3c0a671b0443355c3a87ea99058d3abfefebc72e837d00375d79d9bb30d5dfd,false
XSS-4420,xss,PayloadBox/html5sec,e5b21eaa9f9252a62d102cd3240c613eb901743b34914c9c833d2131eab3e7e6,false
XSS-4421,xss,PayloadBox/html5sec,7d591ccebaaaccd8ca03d7777568f1b683f63c15a583c26aa0d0cce7b1430571,false
XSS-4422,xss,PayloadBox/html5sec,82eda834595567a575dfdcf74732e2716bea27fc1a5dc3a694a084c2becc6d5a,false
XSS-4423,xss,PayloadBox/html5sec,936390d030055de66aff2acdbca9db661877b786092be46ef01468b1716235f4,false
XSS-4424,xss,PayloadBox/html5sec,d82d5116dfd2ea72673531b05fc6acba0750013e69b83e291391962c2244892a,false
XSS-4425,xss,PayloadBox/html5sec,8178798f09c2dad39a5dfd8aa50fe3ad5e3792538405a07ce013b0ffeec49f1c,false
XSS-4426,xss,PayloadBox/html5sec,c79cacfab65be6377c2f9abfb44fd55378a75da53eb3a506767038887e2cac9b,false
XSS-4427,xss,PayloadBox/html5sec,2e227926642e3106d1366a265621c5ffc27858715eb41308a023c6303c2065ab,false
XSS-4428,xss,PayloadBox/html5sec,e9a477ef91f15a16f9b5a3987fef9ec0012ee8fbc36d52bf57c266b0db72cedf,false
XSS-4429,xss,PayloadBox/html5sec,61704ec9f31471e3d89649a76964d8c34020db31046d10ef85d6b594acdd6c21,false
XSS-4430,xss,PayloadBox/html5sec,df0f08ae19789ff2ba3a5c2698b9b71fc8016b33b6588dbb6ef5d22d011a4a6a,false
XSS-4431,xss,PayloadBox/html5sec,4c56dc5f21441bedb34cf663294456d2f9c4ef17755015e7056ed4ab72735fab,false
XSS-4432,xss,PayloadBox/html5sec,f648fdece8c88a97e8b52763aeeda02247a2bbfc23fa2cbe2e676b4e1d8e4f31,false
XSS-4433,xss,PayloadBox/html5sec,930b1b8cb051f305985c8dd2793b0330c37720c2e4cca56ea64c63aa05682114,false
XSS-4434,xss,PayloadBox/html5sec,817969be5ef48d70318e9ea6bf0e356c6236b4fbdf272ff14a45bfe00d735c59,false
XSS-4435,xss,PayloadBox/html5sec,a5bb12ccc7640eeb87d249baaa23fc3d83873f7650da50b165bac29bb6b28b80,false
XSS-4436,xss,PayloadBox/html5sec,645a73af3ad8ab8957f86d8e0a7bef085687ce3200c9d123f19a63cd184e8519,false
XSS-4437,xss,PayloadBox/html5sec,f851b1584eb23bcf0a1f7af8c374a589fac7b0eb31eb0b8ccb22e3c94ffbcfe1,false
XSS-4438,xss,PayloadBox/html5sec,3dc107b96c171e91e4219378495a932799564c3eb9c1076f874a6d074a236ce3,false
XSS-4439,xss,PayloadBox/html5sec,fa19c63478f844fc881a77f4273d28734ddbf255166c1c14fde867f84aa66b2b,false
XSS-4440,xss,PayloadBox/html5sec,b8489c6fc1fabc9234d94e0c825bb7d355cdecd05a36b71e90ddd14e2f08c9fc,false
XSS-4441,xss,PayloadBox/html5sec,344c86917de4e662dfc2b355af5d7bebe121d90877e72db39075655702a7f3fc,false
XSS-4442,xss,PayloadBox/html5sec,840e25ba92b93c3353fb9214cfd32e38b44fb3d2c27aff4b9e792ad8acca9550,false
XSS-4443,xss,PayloadBox/html5sec,800032a2dcd3b12614efadbc1cf351c3006481cd28e3859f2bcd89341f1116dd,false
XSS-4444,xss,PayloadBox/html5sec,46e2390efe149309e9d7db86524ba37fe6bd8b683fa2dc026e457a1c50a4dd4a,false
XSS-4445,xss,PayloadBox/html5sec,68f0ba385db57fb15eb919a338eaf71a36bd16de811c30b570b4b088c50db533,false
XSS-4446,xss,PayloadBox/html5sec,0fdb0bd6c9f2938b47891996ecb482ef274388a794bd75fc472f1b125a745e0f,false
XSS-4447,xss,PayloadBox/html5sec,b22e1a9c86d2fcc19d86c68544c2b2b7a9ca65935ec5546b616249bb566c3f2a,false
XSS-4448,xss,PayloadBox/html5sec,850af88888d10ef56ead64769e946bd229d644020ceb01648945ea5fc47e6ae3,false
XSS-4449,xss,PayloadBox/html5sec,72680400e2a32994ae774c54e483f9211aa400ede758a4328e12433aa513c900,false
XSS-4450,xss,PayloadBox/html5sec,1fb78b414d2a64eabe002af00524d0e1bdfea54988ecdd272f9d60f0ba9d99d6,false
XSS-4451,xss,PayloadBox/html5sec,a0616445c995c6e6416d87db99a7405ee622cb8531b96759f8e507ec86022450,false
XSS-4452,xss,PayloadBox/html5sec,8908ca34a089a74bd5457a6917f8c936525b7b889ff6ff5f2761e8b53652d457,false
XSS-4453,xss,PayloadBox/html5sec,5d6d073b5aa86c68e7f826558861d3471392e65b26dbcc04d154fd79c1381d53,false
XSS-4454,xss,PayloadBox/html5sec,3278f31acdce21ae1c55ef019bbf3548898f1d56fa02a18539fd9bebc8ee78f5,false
XSS-4455,xss,PayloadBox/html5sec,8858693370f5b6eb186f1ec4c2783376e5d5e7d62e9e94fe5fe9a0f513384590,false
XSS-4456,xss,PayloadBox/html5sec,99dd6cd55a437301bafb5531a25c20a02780f55afe67cd2257c1ac1f27b732f3,false
XSS-4457,xss,PayloadBox/html5sec,8df2eea520ee9d815b6f0b59587530aa82f2a8aa370ac0d4b2fe227f30302183,false
XSS-4458,xss,PayloadBox/html5sec,b905b7c2e9b746bfff951abc74f3e2d39c12d7969c1ea3a0857f7e35471736ec,false
XSS-4459,xss,PayloadBox/html5sec,cc80a1d3baa69aad880829ed4fa9935316a1946d035a3667c9c2eceaf726775f,false
XSS-4460,xss,PayloadBox/html5sec,a3cc166c2d80d1247d5c95991beedc0c10db2b0d0087ec80ddb7b46221ee85fe,false
XSS-4461,xss,PayloadBox/html5sec,7887445a2e37cb2eb7cbda758792ea06be3bcd819cceec73de1e8eac954dfcc7,false
XSS-4462,xss,PayloadBox/html5sec,52af26b47bcfb3b36b5ef4ae599232f3778d3e2c0e8731d0f8a01f0cb92f4669,false
XSS-4463,xss,PayloadBox/html5sec,d806e49eae173d1cb3377a6390f28f4d3b6b3a4efedf3b6f65517038e3952b52,false
XSS-4464,xss,PayloadBox/html5sec,fc3a9342342d58dfdd262582307dbba6f57ca8a272c35bc9e3bc0b9dba1983eb,false
XSS-4465,xss,PayloadBox/html5sec,57b805300c64cefa9e1622afd4dfc214108e5d9a1c569c231ff3e231deb472b3,false
XSS-4466,xss,PayloadBox/html5sec,2953411f5f4a17866f59249823d0ff2552fb3aa09d5da807c70df5230d286686,false
XSS-4467,xss,PayloadBox/html5sec,09f252bb767dbc74b6a2191e36144d9869c642d42ad2d6dda4d0cd013b374924,false
XSS-4468,xss,PayloadBox/html5sec,218e6bcdbbfa60ec42bcef1b2d61ea01f02a477dd4291d62dd0d07814ac652c0,false
XSS-4469,xss,PayloadBox/html5sec,b2168a0f72be08b2d77a8c61cc8d004b726ac1e25f977cac0b739ebf165dde3b,false
XSS-4470,xss,PayloadBox/html5sec,d41e7b80fe96c861619da61d2d10edf444c157d1fa4c0253f3dfaedb9051c438,false
XSS-4471,xss,PayloadBox/html5sec,3a236565b807851fd62f2f6de8f18966491cb344cac08c812332d27582c86b3d,false
XSS-4472,xss,PayloadBox/html5sec,f0888fe2dbd3d344152ae3fc1fed13fa586068c535f5a394f7ba9a82ca2c2f69,false
XSS-4473,xss,PayloadBox/html5sec,40a36502b16aa63e4362e8da2c256473a4ad9424347f8d3d5bc5937f1552f6ac,false
XSS-4474,xss,PayloadBox/html5sec,e8927dc89a47599d4d21ae04ea9421bf3138adc3765d3777be4148284be438f7,false
XSS-4475,xss,PayloadBox/html5sec,59bd8d6817b2827efd483b8d538ba60beaec7ff69a1965cd96ad5e30cbdc4eaf,false
XSS-4476,xss,PayloadBox/html5sec,42c3eade912370c4e04da19d17d14b1130114b9875bc44bea448b3340d4d2eeb,false
XSS-4477,xss,PayloadBox/html5sec,b023b1f0d43384f717f6fcb9a0eb82beb0a975c43d124eabab644833818b3800,false
XSS-4478,xss,PayloadBox/html5sec,4601b5953c7e94d2e90470ee9408dead7d0cb8b830b1fc5960375b79eb79aaf7,false
XSS-4479,xss,PayloadBox/html5sec,4baef4999ff9e21528295ec71c27f3602326725d91dea763c38070760be1aea9,false
XSS-4480,xss,PayloadBox/html5sec,b5211e50837bc83f265b2603aa724c7a7dc2dd53a36c9cabaa2d75ae5ebe29cc,false
XSS-4481,xss,PayloadBox/html5sec,bd85e920b0f721793e15334c01d7ef1ce2a1584f500e6437e20201fb54a85811,false
XSS-4482,xss,PayloadBox/html5sec,2e9d42077f7bae95e58f1c4ae0fc21dc9eea9a4da6817c9cb6ce0738443e5e45,false
XSS-4483,xss,PayloadBox/html5sec,4a0703bb587855a191c1df2b9c9ceee63c3c7f9c7a736800e903e84f90398ef1,false
XSS-4484,xss,PayloadBox/html5sec,41d15eda42b4b4dc759d4c6647004ffe5b2fe089c696420b2acc14509b4e4186,false
XSS-4485,xss,PayloadBox/html5sec,1717faa65dc5e041b2ead7d40c01033225bb45b8459768e3ddaf468d1d0c5a9d,false
XSS-4486,xss,PayloadBox/html5sec,a02f15d218606f61ecaba2b76022ae7686111a5b56f00d638d27b5a4bd602477,false
XSS-4487,xss,PayloadBox/html5sec,e64970f78669f84b6cdf72a3cf6c30de00514bc7cce2c6d82ed5f608bdcbb3fd,false
XSS-4488,xss,PayloadBox/html5sec,86e2bec4a2bc38a2720b5882c82e9d04c2546ee111b96d67b2fb6827bf4b923a,false
XSS-4489,xss,PayloadBox/html5sec,246f2ef0b8f7ea3fd524c20e633a549db7b9535d2ca45c08e5079cd4c43d426e,false
XSS-4490,xss,PayloadBox/html5sec,764d63796f51daa921017824d03ac8e61fd60d483ba78d76838edd27a6a8c4da,false
XSS-4491,xss,PayloadBox/html5sec,55805becf544c1133d0e16ef8cda08ede0b1c3eddcc721d1701aa7c8fe85b447,false
XSS-4492,xss,PayloadBox/html5sec,6cecbece1adf0333955453fee7fc0a5bf39ed4ebfb03bc01a5d50a5ed320e134,false
XSS-4493,xss,PayloadBox/html5sec,373e461907679a49530a0c45f6f600013a97558b599b987b7cd383cebcb5f1e8,false
XSS-4494,xss,PayloadBox/html5sec,74930343e6bcff095302c216956116713a9bbb61746116796b89c0c73392e330,false
XSS-4495,xss,PayloadBox/html5sec,85be415750ec0742901f6e7cad1b251f7f486de85a04cbda27940bc6e176f68a,false
XSS-4496,xss,PayloadBox/html5sec,89c7b193bb03e00d6e00af06c71e7d514f0c5ecc64d09de6979640abbfc83c57,false
XSS-4497,xss,PayloadBox/html5sec,2f4b9d6a76f3bdfd6408e37123fbbe24010263efcc8e6ef1b968aee14f169f0b,false
XSS-4498,xss,PayloadBox/html5sec,1798d15e25f74cdc458b61364e4bda0abcf21c9c5ab1f2fa4fe6d9b2b704c127,false
XSS-4499,xss,PayloadBox/html5sec,8b612fea4d2119877bc71855330857a0397188dc93421e3687ca8ed13f72e8e5,false
XSS-4500,xss,PayloadBox/html5sec,650d00e6161249f3083e1d6ca846f64aaff7b7ed30158c57ed1071a579d589f0,false
XSS-4501,xss,PayloadBox/html5sec,1ba9ba745cde204043d9474e8a5e9e7318d218531f10ba605d403a583cb03e02,false
XSS-4502,xss,PayloadBox/html5sec,2f134da9bd2a42386692ba825ee7ea522e34c6d2a7fa8960aacb619c22346814,false
XSS-4503,xss,PayloadBox/html5sec,b2e609812d90905af0884c876b3924d1742bfbf1f2ff6e1bf3c3e09c00c4fa43,false
XSS-4504,xss,PayloadBox/html5sec,5370f8e8230e22987ed74e57c0ba1ca00b47af1204293801e824ca4e8453394b,false
XSS-4505,xss,PayloadBox/html5sec,6a1d5daef04d0b2b8fe28f7c21e21ffa7654b5b76313d6fd9080c4146c525df8,false
XSS-4506,xss,PayloadBox/html5sec,cc770568bed3e0e0f3a155a9c120be21da8ce6c2f33a5e16c4a2ad57ce846447,false
XSS-4507,xss,PayloadBox/html5sec,4d8fce4da5b822ec410382682f896bbc3014f242e73a1e500c2cdfd9f0894310,false
XSS-4508,xss,PayloadBox/html5sec,690d2cf31c176d4dd359af4c7f7b7b56b37ae3e2d37d65893832164cb761c6c6,false
XSS-4509,xss,PayloadBox/html5sec,f6f1f86d959e6f9497e225ad74eb8177fdc2f656a4f85b2d86a254e877dd6467,false
XSS-4510,xss,PayloadBox/html5sec,e7570ead5299756b2a9cea56c2c683903801396b9448a3e4de7a607e8797de0a,false
XSS-4511,xss,PayloadBox/html5sec,61a470d16c39a3de3c37ce1f84542dd3fd48f2705640c17d9bacd5d3cfc45f45,false
XSS-4512,xss,PayloadBox/html5sec,555b371be261c73674fdabb06dfdd0c1ddd35c244d8bdeb6f87b8660105eb4f9,false
XSS-4513,xss,PayloadBox/html5sec,a3137b5ed4a78731f11dfcfa3b0a2f1ef666d8023a3059f3797fc065ca8d4cca,false
XSS-4514,xss,PayloadBox/html5sec,0f2b9dedabb9ba817ee1dd2c9b19e9ce00e751bfd2a68f54f1fcea818e9c334f,false
XSS-4515,xss,PayloadBox/html5sec,99a30f67b81d5de6a1390e6d88aa046f48507731ec1a2cebd2eeb2437834ecb2,false
XSS-4516,xss,PayloadBox/html5sec,6002060b3ffa610e90def0f3581889ccab944426bc7fa7358295e2f2c9dcc587,false
XSS-4517,xss,PayloadBox/html5sec,4c61f38fa03aaeec6505f308bd4b137553f160bb6b22493974e993529452bc96,false
XSS-4518,xss,PayloadBox/html5sec,a70ef9dac4efe32c1adee05588cfb612e46cb91285cd8979edf2dad4b26732cb,false
XSS-4519,xss,PayloadBox/html5sec,e991c4aaeb907bd7b127899a0c8b86e8da0e1301644c09d27f82979609b72a75,false
XSS-4520,xss,PayloadBox/html5sec,86271c29db751b9e7e84ea40c57604e4e803ff1c2312ece9646f1a2f050fe8ae,false
XSS-4521,xss,PayloadBox/html5sec,f499306dbd335c45615962d4656fa7cb7909fc374a2d2fc8369abe10bb4e4b0f,false
XSS-4522,xss,PayloadBox/html5sec,77cb07c7b251995179eb245d2b3dd33a2af36faf5528bdde50872ea465888368,false
XSS-4523,xss,PayloadBox/html5sec,7dfdac2df3c88436b2def036a65f35ec546541deab6ea6ef270160c65b45280c,false
XSS-4524,xss,PayloadBox/html5sec,bd6a3d5fc3e687b983a15b4313630496d39428d7086860158122e0be638367dc,false
XSS-4525,xss,PayloadBox/html5sec,094dfaad05e0daa5e7b98b8cb49cc679debb003b814c468446e5bb1c1924bd3c,false
XSS-4526,xss,PayloadBox/html5sec,857de9bbec39e9698482695dff3c89ba3ad1a6466bec33f6c3fcc10ff94b720f,false
XSS-4527,xss,PayloadBox/html5sec,42e808fec743b9ebe483eb10fa0e2d9b453772896b2840532f4a4468d5ebde66,false
XSS-4528,xss,PayloadBox/html5sec,5b07e44f0dc8ad0f544bab9dc55737ffb052d64fd2a7a1c62f78212f85ff6f52,false
XSS-4529,xss,PayloadBox/html5sec,2b0088cf40673f027bd87dd86daf3b9b5a1ea51b943b1aa2bb229b825b18b9a0,false
XSS-4530,xss,PayloadBox/html5sec,869e553c3a0b1467d715dd35ce69e2359556a82fcbd3165d666cedcf1ff5c57c,false
XSS-4531,xss,PayloadBox/html5sec,752175a1f66be9ea0bc0f5f3df0c96de58cd0a942c7795ca1f82b39cba844daf,false
XSS-4532,xss,PayloadBox/html5sec,274ae09fa4bbe712ff2a8b8c1f84499666bf18834ba0729fe574fa1bc907a3a2,false
XSS-4533,xss,PayloadBox/html5sec,105b0cdf5d6dcb2959e69138d2e2452a93a5714f34565e0729f0db5252d509b2,false
XSS-4534,xss,PayloadBox/html5sec,7eebcc2e849ea37baed6123420ee434380b474b73d103899e68c208cfa5306dd,false
XSS-4535,xss,PayloadBox/html5sec,a6304df7bc6462223983d4fbd3023fb7f2645860ff6adf9219a3665fbe8ff804,false
XSS-4536,xss,PayloadBox/html5sec,f9a6dea7c89fdf45b9c0f5e8bca438627a8b1559ef20516a2419abbf96e028d3,false
XSS-4537,xss,PayloadBox/html5sec,d02e76d0f69a7b0e8f60a894a00678deb86a189bf9a378981f6b96e663297fbc,false
XSS-4538,xss,PayloadBox/html5sec,b7867be5bbcf36dc4d6f44aa3e7b62dc709ba757167696ce9a0898b7948eef85,false
XSS-4539,xss,PayloadBox/html5sec,18ca134a853a6d2128316463bbf70d0b48dec3a3fc168654445b4572a118c350,false
XSS-4540,xss,PayloadBox/html5sec,04bd5ebe35710c8940254d8672c5785bf7cfd25ae69884e5e296eb4bae8230e6,false
XSS-4541,xss,PayloadBox/html5sec,016170d70a11105074dc16970575be7688cabbf6764fee893ebbf3cb894b2f76,false
XSS-4542,xss,PayloadBox/html5sec,84ce4ca9da0d4b74e4e86b2e45fd0621bb80814c0571cd314f5bb61eb16e42e7,false
XSS-4543,xss,PayloadBox/html5sec,55abca91ed312b2132b85ea6d86dd1a32cfa83d8fc7561116bf1de429d8eb992,false
XSS-4544,xss,PayloadBox/html5sec,425ce25fbaf40d82e05cd0b3d8f541e8cbad79b2a0e6626a707c49804377fad3,false
XSS-4545,xss,PayloadBox/html5sec,c24a6d90092680685b1ee2b592d931970aa16b83daf8efcb75a197b120e8274a,false
XSS-4546,xss,PayloadBox/html5sec,a685622d020b866a6de07d32a14e6f6b77b09bd83737057c962e1b465ff915d0,false
XSS-4547,xss,PayloadBox/html5sec,a44ccc3a163f9f1392f3e97ec1ca27064f7f98678d2e9eb539a2078db242622d,false
XSS-4548,xss,PayloadBox/html5sec,76c5374fc8e6b431069b8c6e9acbff51236ab174a9d99578f7aceea6ffda6588,false
XSS-4549,xss,PayloadBox/html5sec,4fd7ae22545b08084b7951d3be19924a859fed213a7e32f2f6fdd584d7151942,false
XSS-4550,xss,PayloadBox/html5sec,b1351d94800cf5d518aae792c7c832581be5a41677e94c255b8277762e585c9e,false
XSS-4551,xss,PayloadBox/html5sec,9eef3a8ed59afd4e7f55e79307f69cacc5af76afca175fc71b1a70daf4cd2159,false
XSS-4552,xss,PayloadBox/html5sec,edb20a8e87772f558b3369de01273b7fee317e10d596ee365a6e3f87b8e34b0c,false
XSS-4553,xss,PayloadBox/html5sec,ee53426c3f689512365682a8cbab7f80b9f8aded9fdc19d2bd85537dda4ec2a4,false
XSS-4554,xss,PayloadBox/html5sec,3fea3124368abb9e1892fb5544791866a2c9add35a90863313867db721963458,false
XSS-4555,xss,PayloadBox/html5sec,7bacfd0d7cfd8447fc6468b5ce2715303c73956d50477649d1e32d8415ed08e2,false
XSS-4556,xss,PayloadBox/html5sec,f22fedb0714899033c1a6f32f13fbce547d7e237a96d86532f1bcb17065e5294,false
XSS-4557,xss,PayloadBox/html5sec,f8c0248052741ea7f24fcfe958766101568febada5b1993a3f9422e7fbaad102,false
XSS-4558,xss,PayloadBox/html5sec,38e73045d4737113acfb44264cf334329f3a41e5e23207547ab1c951959659f3,false
XSS-4559,xss,PayloadBox/html5sec,e8217f3a27b366ba66f11fd9a08779ae023e1697b3156e54cbfb484259d0aecf,false
XSS-4560,xss,PayloadBox/html5sec,76c8f08e8b0c797a9d540e32c7806cf3da010a02eeb9db446eeaf418f0698af0,false
XSS-4561,xss,PayloadBox/html5sec,69995e9e296a85521b3672e156a9de5a089ee405375ad3df6bfbb4cf5d5686b1,false
XSS-4562,xss,PayloadBox/html5sec,3c02043356b67572dac0a38f6d0fdacd5f163a8d3ea7139ec87c962c244cd334,false
XSS-4563,xss,PayloadBox/html5sec,5221e960d670d3c705b1afa07ca38c7cdd97bf86a81b49d20697a3e40cc777ea,false
XSS-4564,xss,PayloadBox/html5sec,4723c661c5369313e79fc5b4ba2dddad2b33339b8b221dbcae7cac9504095daf,false
XSS-4565,xss,PayloadBox/html5sec,b84f645b441507e36a9d8840e767a6d2d1637674833509b541e5af34897bafd8,false
XSS-4566,xss,PayloadBox/html5sec,4e3c0cffdac7fd187e4d012e26b4f7f6c33f9ad5f35cf04a62f7d4a9d4ef67d0,false
XSS-4567,xss,PayloadBox/html5sec,0aa296ccd69b155fb7796f4666a88bdc419c2cf43554b7414b68b3d269d0c147,false
XSS-4568,xss,PayloadBox/html5sec,7e4e8fcafc179cf6daf7cfb8af74567d82af12c70d9981466b0b8e5f63fa38d1,false
XSS-4569,xss,PayloadBox/html5sec,f6d83770825140fb5287c47a22f990ad28b441fb74bb9182b36e1ab071cc39c7,false
XSS-4570,xss,PayloadBox/html5sec,363b155f9920b7041b31f9246159c255f5f58aa1eca01ca9c21c32223f5c6e01,false
XSS-4571,xss,PayloadBox/html5sec,358c7d76c7130d45713a46a01051def00e52fc1d887e57bc1bd763a387393a8c,false
XSS-4572,xss,PayloadBox/html5sec,ce5bd2e0bf4dd50ffc096e45a36b0e6e4e6cdf0f6ce48c087a6b2503063787ef,false
XSS-4573,xss,PayloadBox/html5sec,2feee40fbd330bedba7b9cfe926cc4edef106c7b524d96d63f8d471b10bad56a,false
XSS-4574,xss,PayloadBox/html5sec,7b6aff1e0930ab6ce2c6a3786423ed36da1e6f39aa6eda150f3649adddcb60b0,false
XSS-4575,xss,PayloadBox/html5sec,a2fd8f7765bf994223aefdccd043b637007b8169459d25d1d2c57d74e61c9d24,false
XSS-4576,xss,PayloadBox/html5sec,50c206800383f2c996e880d382975bfce354dabcd6e1cfe00889bb2f1295ff44,false
XSS-4577,xss,PayloadBox/html5sec,9d22a9a7a358b6ab4650ffaf53e047800136488172b04de106bfa454c9a737f2,false
XSS-4578,xss,PayloadBox/html5sec,16dab7652967c901451017e1cd19d8dfcf8e5df4236bb9bd1b9ace941a04813e,false
XSS-4579,xss,PayloadBox/html5sec,654eca13d90f19a23246aee44521184bf511fdf55c4d05511914e1f488e4cd92,false
XSS-4580,xss,PayloadBox/html5sec,89e69c0b88d3f430482c61a823f7efbc95d3f517eaab60d6f9ff63c794511c98,false
XSS-4581,xss,PayloadBox/html5sec,5051dca155881973e6519b196d49ffce1441fd52fa132d87dee94eaea93442a4,false
XSS-4582,xss,PayloadBox/html5sec,8c9cef724e336023c1137b2df3ce4786c5b26dd90465e50595855f1331885094,false
XSS-4583,xss,PayloadBox/html5sec,2b5d3e36b512592ffd7f8de96c3d6ce6209a6ecb6dd1ddfeb99e2d6b147cad1e,false
XSS-4584,xss,PayloadBox/html5sec,cbda5e01ef1237bcb77bac1f076ebb99b870835a883a371b8156c1ed97ac31d3,false
XSS-4585,xss,PayloadBox/html5sec,c152744b6c9b8076b2cc24187e7555414cbb6fa33a97c0ff98d7962531be994b,false
XSS-4586,xss,PayloadBox/html5sec,78599729f16c449b6a6a2a669de41e8e3325542ada53b04c5936a15c0414c5e0,false
XSS-4587,xss,PayloadBox/html5sec,ed162cebba3dcab9cfbd75a9ebde1d838325f0c5ecc91491d916e814bcd7f71f,false
XSS-4588,xss,PayloadBox/html5sec,f6f5f746b3191ba352d23308442bf984a5eb2c48f424343702288d3433213a86,false
XSS-4589,xss,PayloadBox/html5sec,6cfa178b207de6e1bc585cbb82ab14fb840787928ba2501a86a244a660081e1e,false
XSS-4590,xss,PayloadBox/html5sec,3cd45bf5bbf85dc62895e140e18197f2426cdc58783353d61c15c6e6f600bf88,false
XSS-4591,xss,PayloadBox/html5sec,e0085d4a604f469c148804cdbd017cf7fad08f74e104e9955d17b5b1c0354928,false
XSS-4592,xss,PayloadBox/html5sec,8b714dc425abc111512dd2ee99c275f885ae31a04b16179a9e57ed85a824bd8a,false
XSS-4593,xss,PayloadBox/html5sec,1a7e1764ddeb34662686332aec25e4db430120d561b7daba18851784350ec5de,false
XSS-4594,xss,PayloadBox/html5sec,6e36fe5febaf30cea0b3b718a8def0aba0f591f898c54adc59b0fadb017cfa9d,false
XSS-4595,xss,PayloadBox/html5sec,7980abc3d7e9c0121f9b6177d9ca61d3185ba73ee10a8ad252d344a41d81ee3c,false
XSS-4596,xss,PayloadBox/html5sec,7934e2110f3a0dfb0de04ff66c857e88c0f3d9a60b5a4af492e54fefee6d01da,false
XSS-4597,xss,PayloadBox/html5sec,80e41736ffca1ec606b17891925dae7e4cb3d3e50099a25c6230563fb100db49,false
XSS-4598,xss,PayloadBox/html5sec,0db64ac4375ba0d46c618e3d3481812561e31ead94acbcb096e06a5f201c1bc3,false
XSS-4599,xss,PayloadBox/html5sec,67abd3facd4ccd0984760dab04e28b8faa45d5e6fb173c6a53942fbbed23d8a1,false
XSS-4600,xss,PayloadBox/html5sec,a2fa13f7cbb92479a5d43498fb7a85e8df3cd24fdb4c3cc19f1e093d7fe61d14,false
XSS-4601,xss,PayloadBox/html5sec,a55cef3be12abb19c24d9257d64faa241b602b88179229bd0e2e39caff076b02,false
XSS-4602,xss,PayloadBox/html5sec,2ed6dbbe9671578bf7baaf4dcb09ea3daac805bc534415fc3e4e69e512a40c7b,false
XSS-4603,xss,PayloadBox/html5sec,cc239f722e22dd76d986781abc224aa95b36b380e75bcdf5adebd4966f45dc9f,false
XSS-4604,xss,PayloadBox/html5sec,726824f19b796e4e58158f32c75623b8bd3f5dccc397f1e620a0dc0a9b3c72bd,false
XSS-4605,xss,PayloadBox/html5sec,6b1fd1ec71fbd9bba1654b1559e6230ef2b1ba74bc51b33a593ae1cfcc6a8e8d,false
XSS-4606,xss,PayloadBox/html5sec,e6e3a969e93390280247aed92dd78cb16e189a288acc6d05319179df615ffb96,false
XSS-4607,xss,PayloadBox/html5sec,8785d2f44091d1d8db14e1805aac4f62037620b6dab075a29bf7a57b2607bb3a,false
XSS-4608,xss,PayloadBox/html5sec,8393df7286351b4cf6ef002cd547b57d3c814d50db1c3c0cee0926e9596bbce6,false
XSS-4609,xss,PayloadBox/html5sec,08cef38ad195e47ac35c9f505f3d030ce481dbbc239f905b8076fac7126921a4,false
XSS-4610,xss,PayloadBox/html5sec,6a2908181bfa1370d7bdc503b22971093f74ee61f82055b0a57a2e8e5036989d,false
XSS-4611,xss,PayloadBox/html5sec,bdba83f112c5d2b94eca215825d11e5fc23bf15ea7cf4f6aa89b8643690115a7,false
XSS-4612,xss,PayloadBox/html5sec,6463c1a3891514788586686a9eead61a69ec1cee3a53136a6212b7dd57cb4438,false
XSS-4613,xss,PayloadBox/html5sec,7b46c973830c9f51f745a3861116ad687b9f2e2979aa90d59a0026709e8b5bac,false
XSS-4614,xss,PayloadBox/html5sec,b4c8d18f2d9c4c960b4d75b37fa9751d726677840a0f39a7cb6a07ac3e3a73b9,false
XSS-4615,xss,PayloadBox/html5sec,ebf2c76a741645beac4324aef5e73fc5e090f251315385347d9bf8e495992cf9,false
XSS-4616,xss,PayloadBox/html5sec,9c7798e789c0029bb576a69e627e2634c6ef4da6ab008ecb58bf3d53552f8cf6,false
XSS-4617,xss,PayloadBox/html5sec,a824cb812571757c8b9c4e4c36552a954e5d1fabf2c20d7f5db23f3c50a8c7c9,false
XSS-4618,xss,PayloadBox/html5sec,fbac073fb473f04dae1aa591591842d32d3b05f11a12e3a823171aa797516be6,false
XSS-4619,xss,PayloadBox/html5sec,a8600e79a4b5d987112ca4e07574f1fac9ea29fe333b9207d95167c56f498e9b,false
XSS-4620,xss,PayloadBox/html5sec,c1d54bc020422b26b03761168ff2293b6a9529fb71bf5ba0132d4f718a427adf,false
XSS-4621,xss,PayloadBox/html5sec,816189a58cf6ea29c95e47a09c0287ed218059d5650d24aba9897ba78d546fb5,false
XSS-4622,xss,PayloadBox/html5sec,b7766e6f046a250d57dfd40c0fda9a27d76b59d436e13e80f101253c134fae2c,false
XSS-4623,xss,PayloadBox/html5sec,e94221b14a47d0e32ec61de6caf429f76b8326f9fa10e8bb30cb481267153f30,false
XSS-4624,xss,PayloadBox/html5sec,3e40ffeec1a1b19ba3e520945efaa1e5a073d6040ed600cd70c4d35c2890b54b,false
XSS-4625,xss,PayloadBox/html5sec,03935036300741a40b252a805f4f7fdc1ff7e2ec3de2432c9e7ed981ab887aca,false
XSS-4626,xss,PayloadBox/html5sec,3b6b829c2997f4bf9c90b648429102d1934ca865092bb9d08c499d3fe45efda6,false
XSS-4627,xss,PayloadBox/html5sec,c8311c2f3af14533ce687f2717245a863e7736623093c59ddff395869bfd3f32,false
XSS-4628,xss,PayloadBox/html5sec,18234958ba7a410b721e03750e0f13df9161ab144c253af4c0fe184e6ad5e44d,false
XSS-4629,xss,PayloadBox/html5sec,d07fef118585d4f8da37f9aa11ec4bd01cfafc97da47753533c51f966c0377cf,false
XSS-4630,xss,PayloadBox/html5sec,d3c7470ebb13130cdd656eecef950175ffaf1533d9349b260b27589cea0d558d,false
XSS-4631,xss,PayloadBox/html5sec,288658d84aec5f88bba0646970ccd5a44dd5ebaeb7b798341f4cec3e9de8beca,false
XSS-4632,xss,PayloadBox/html5sec,0f315bf1388e2a0a942f8d3df67c175084108b7472fde6502c79c91d91fe93f6,false
XSS-4633,xss,PayloadBox/html5sec,18689a2085c3dcb39aecd04d5b11fd6bf92e1d671d7c9364e007df9eb45f4175,false
XSS-4634,xss,PayloadBox/html5sec,56faf0c3452cfcecd18e79196107f41390948ae924a092c159c59b00d9454a18,false
XSS-4635,xss,PayloadBox/html5sec,76d0350f358620f591ffcdfe72bdaa83ddbd24f62bfcd275cd9165b1283c0921,false
XSS-4636,xss,PayloadBox/html5sec,f519551c1fe2baf9199bd43e36509306f5da0982d76f6a5b167865b30d0ef280,false
XSS-4637,xss,PayloadBox/html5sec,7d39c2fcebde4bee85bd561069a37db6731486a515901897708d17a6e1d124cc,false
XSS-4638,xss,PayloadBox/html5sec,ffb3f1778f2aa77b880ead4a6c57aa894df7ef4578d2bcd45d6d74f670a30772,false
XSS-4639,xss,PayloadBox/html5sec,8078cf8a891b424b4f136afb0e5a71cc2d826e0f84afcdb4f1a6e0c6df56e171,false
XSS-4640,xss,PayloadBox/html5sec,be8ca25ba254177e2f3a0e5eb7eba833eed1a41147ffef16d7b4b1f504c8b068,false
XSS-4641,xss,PayloadBox/html5sec,35cc376b7a829a0f0e7253b331a3f5c66f60c203d184ecdb62fbeb2dc2471cdc,false
XSS-4642,xss,PayloadBox/html5sec,c0ce1ac1eb6eb1fefd9ebc904647255b489b9358e65a7db907dd631f7f1608c0,false
XSS-4643,xss,PayloadBox/html5sec,677f861b23aafcb6989e31b536d6da38647ae4a27cb01e3586cd12a0253b17d3,false
XSS-4644,xss,PayloadBox/html5sec,d11fd6b0e4055b909136528bccaf4aa4ea4c5e81e5ac07a985287f49879c1ad5,false
XSS-4645,xss,PayloadBox/html5sec,d76f65c6b55fe6c1351a719939a328e95f630706579de5462d4fbb5497976364,false
XSS-4646,xss,PayloadBox/html5sec,f5bd07841529f6e2c8490ac25419f81cf75de08a8b7272c39dcfc375c7a4a705,false
XSS-4647,xss,PayloadBox/html5sec,7e3cd0ffb66843e49a6291af31ff37d97fb407839bfd8bc3e93abf247bcc7a4c,false
XSS-4648,xss,PayloadBox/html5sec,97ad55cfa0e35193c1e714fa0fbb5e42e9d129d9e5a54299c56cba359ead104a,false
XSS-4649,xss,PayloadBox/html5sec,e6602d9ccfd8c173297ff4d2713d3ae5f2f15a1b7f312cc8b0e97a2c57eb1295,false
XSS-4650,xss,PayloadBox/html5sec,c6d4889ae54eade2688fc35370e0861ec8874e7aab47c8e768d5db0f67ab7d3e,false
XSS-4651,xss,PayloadBox/html5sec,33abe626784f764aa4f474f3e16825714738f2e01a63036a2e61916215a8e3f4,false
XSS-4652,xss,PayloadBox/html5sec,229d291f936c61e4ac3013133b71a965f5e1659794b70fe6451a5398ddf5225b,false
XSS-4653,xss,PayloadBox/html5sec,2934783d3509453064b2e24dcf96bead4179585a56f794ee06750c4f9ad906b9,false
XSS-4654,xss,PayloadBox/html5sec,e3cb90fad2e4e7675b7d9a8020b3dd64769e38cd3741ebda4570eb2d483de828,false
XSS-4655,xss,PayloadBox/html5sec,36846cf582fc97c83f155b73b748f38e606e31a43baf3458d369017a81efaa92,false
XSS-4656,xss,PayloadBox/html5sec,25a5ce31ec7afbbe10b8f6310bbadb952d877a494bfc9bd0f989c4dc424e46df,false
XSS-4657,xss,PayloadBox/html5sec,2e66f12a516844d779251eb65f06675568b9932ec7945410f155d6e4a01ee14c,false
XSS-4658,xss,PayloadBox/html5sec,739802efb1fdb87839f34a7b1704f6c1625b67c0690fb54df72c0f4f2de9e951,false
XSS-4659,xss,PayloadBox/html5sec,766fa11db3433156a10ead013e35d2de1bf7632aacbd3f238280265f0338d706,false
XSS-4660,xss,PayloadBox/html5sec,5b8402fea9ba79c66bdda4f8924baeef27b9d12e47dd68363daf109d3d300593,false
XSS-4661,xss,PayloadBox/html5sec,f02146d5e2be853c184fe7119232e4b5cb5bce3c0f6577700f465ecac03b1a68,false
XSS-4662,xss,PayloadBox/html5sec,efb6460a32cda3e1bed21d71a52c4c44f006e049623faad9650f88abd07c70b8,false
XSS-4663,xss,PayloadBox/html5sec,e4a74b248f826b1af4cf5cbd68cf0be9897d84203b54b8d03b816f2472ca66bf,false
XSS-4664,xss,PayloadBox/html5sec,907c90315ddcfef3508ac1a59e4f9b72df5b65d333d0c9b5700170faf6db15a0,false
XSS-4665,xss,PayloadBox/html5sec,a21ae09d6664695b4dd540ff70caa02c6177e8d1b2c497ad5719a837ed413030,false
XSS-4666,xss,PayloadBox/html5sec,8916b13eedbac58baa76987fd4f42bfd949db44d6937704af111f2090e256516,false
XSS-4667,xss,PayloadBox/html5sec,4400d8b168d2eb766140e1ad69e5809a9a974629e036a5d0e1598aa8e47790b5,false
XSS-4668,xss,PayloadBox/html5sec,fa339fcd9c19c32f72e56f234455b1c623e51620d7395fbfc2b2a1d206b251b4,false
XSS-4669,xss,PayloadBox/html5sec,f586ab8d01ef06b8e80896aec5470fb7a5d1167683b9b750c45f552e7a284785,false
XSS-4670,xss,PayloadBox/html5sec,913a052b32656806a82edf978672c68b7868b6cd8ad527e6b99ecab46fdd03a8,false
XSS-4671,xss,PayloadBox/html5sec,23319d934949d02911ae4fc479ee7d0f832a8d6da2b1af03104f4dc273b49062,false
XSS-4672,xss,PayloadBox/html5sec,c3c1d615a1094ab83ff03d0da53b6a9d775553fc9447c1c5460706e6e520e412,false
XSS-4673,xss,PayloadBox/html5sec,49c89ac218b98420048897a6ed6052254bb6456cabf70615f4fc730454ea6104,false
XSS-4674,xss,PayloadBox/html5sec,063b160ceb687a155af364dbb6d11a8fe667e8556924b4905d7f0df7c62327ed,false
XSS-4675,xss,PayloadBox/html5sec,dae07ffcb620da89a83524922718a3a0db405c57413e7a6c843f3ce321b40968,false
XSS-4676,xss,PayloadBox/html5sec,68af1a9150afa667abd42b68f474eab385182903876380981f9b002f0e6fd048,false
XSS-4677,xss,PayloadBox/html5sec,9cae68a38f5a3eff618d8268c5af475a03ba0cc66cfc707c83a41d79996577bb,false
XSS-4678,xss,PayloadBox/html5sec,945d5861c55aba87ecacc5757f9f3abd4131c0a58c74493bc86c8c85921e1a57,false
XSS-4679,xss,PayloadBox/html5sec,9b353b88737be23218a0ca5cae4df62f6fe10be430066d878fcea7064a36bc76,false
XSS-4680,xss,PayloadBox/html5sec,04add64c66aacbeb3eb03279829028918fffd4f1185d15565c273480ad3515de,false
XSS-4681,xss,PayloadBox/html5sec,1c6d0e424753ddca83d028642560be8dec36b12941059ed91fdd96b5cd98d273,false
XSS-4682,xss,PayloadBox/html5sec,dc048d215054b7ef54096de759ca94537a2a85457a5f1873f374375b01b90e49,false
XSS-4683,xss,PayloadBox/html5sec,d1b16409cc7eec0096b53eb8f4a5992361465de04665cab47f90df3a6404c6df,false
XSS-4684,xss,PayloadBox/html5sec,3f687f9a790fb30ccf1350b692b0a3ab0cc8be69b47d7fcba69ff1212e2d01f6,false
XSS-4685,xss,PayloadBox/html5sec,a4f719644f56815481cbc17d9a7d6802d4a5bec5e333c76131f24bbb82e3cb21,false
XSS-4686,xss,PayloadBox/html5sec,7845e7b720b13ff96bd17db76a67104fa8939e3bd387364f6c1df0e78161148c,false
XSS-4687,xss,PayloadBox/html5sec,d90342c1aebe6c1d79b11f9fb5a576762a27d4bd4e155a469d40947ebeb06cf3,false
XSS-4688,xss,PayloadBox/html5sec,e4e385c74ab94c9a27d09c85c3253a40d1dd681e04555bfe7d101b9f71518b89,false
XSS-4689,xss,PayloadBox/html5sec,89095d70534539bf69538ab09c57a5635dabd97fa532bb143fdfa01f4fa352f2,false
XSS-4690,xss,PayloadBox/html5sec,66008c38c79a5ad4b075acde0380ac4fe483c7b57763571aa87b3e05a46008da,false
XSS-4691,xss,PayloadBox/html5sec,bbf25764113294cd3e6d91b2d9db82e020ec5eb4b665dcb4bb04d68bbac85e86,false
XSS-4692,xss,PayloadBox/html5sec,68a01ac112eb499a0142a4cb37b44d540bb8ef6469436cad020a23cb7f724499,false
XSS-4693,xss,PayloadBox/html5sec,05240b8666d481bcf4c703c2dea98a84a232b6acef20d3d03becd597e8b5ca3a,false
XSS-4694,xss,PayloadBox/html5sec,bcd20e38a916b174d21fd7b02f81b99b4a0d6a466b92106fd9f448d2051d2840,false
XSS-4695,xss,PayloadBox/html5sec,82cbdb5f5eb7e8b65e393facdcdcfa378d23c5cced0c103e70a17ac9a90a9899,false
XSS-4696,xss,PayloadBox/html5sec,61d71f94560887fe9e30d7b38cedfe7be2f28f0e105a52c2f16ac6d616f84725,false
XSS-4697,xss,PayloadBox/html5sec,ea9098ce54505a89ca96e8936dbd60edec1b334b1ba5a8e848306ef7633cfb8b,false
XSS-4698,xss,PayloadBox/html5sec,88c9450e4b19037d2c8dc592c9a0b504adc7f1fa58b8677a0f6bc8f27d58adeb,false
XSS-4699,xss,PayloadBox/html5sec,b244a5509859dc3349f853fdd13ee03c55db5170716ec0d4b5dee49dca731595,false
XSS-4700,xss,PayloadBox/html5sec,fd8061959cfaf5ada4d35ad1de32d7ac6e2dca86427ada1ca1619bf6512b998a,false
XSS-4701,xss,PayloadBox/html5sec,c08cccf2b61b8c77481591c615fd5b45089c6d65f39cd1f101abb21718a426b6,false
XSS-4702,xss,PayloadBox/html5sec,4493266a19ead8bb314bb11c4b3d1e4ea177f64d906a8ee3c2dadcd1e31b57b0,false
XSS-4703,xss,PayloadBox/html5sec,1b73a7f3db529571da167d2a215a51aedf1600444365ac86b621e5d551a56519,false
XSS-4704,xss,PayloadBox/html5sec,39ec83899b7a9a6cfe4665653e833acb45ca7f31be9e50959a7b78ab22cd48f9,false
XSS-4705,xss,PayloadBox/html5sec,fdf5055a398f5ab6018e74ab675dacffeeeeac05a2d1ed7c59b8df335bf6f05e,false
XSS-4706,xss,PayloadBox/html5sec,d6e186250b7b2c94889fab0336cc4050b8927836f04eeb7dde36cdc31236a2e5,false
XSS-4707,xss,PayloadBox/html5sec,13174c966b2e8e930dbdee09f978a4e9309a9aa588dd9771c3836db8e5e6499b,false
XSS-4708,xss,PayloadBox/html5sec,ad4990c41ea12e4e8e4a6ead139d1170793a3d72a1d6835f69dbd5e90f85c906,false
XSS-4709,xss,PayloadBox/html5sec,9b9c4b4ba270d06814a06e81dbba8c2856e6bf0a4d63a4753c62023c5fea2bdf,false
XSS-4710,xss,PayloadBox/html5sec,58481ed1e2d05f77c1cb308d54f55f4747e7cdad2b079e813f9a6869322603e9,false
XSS-4711,xss,PayloadBox/html5sec,49b97b658779451de58afd65494089cf48a49a182c29af8d5df86ca0abb93e68,false
XSS-4712,xss,PayloadBox/html5sec,4fbab7be49efc00a31d2645c4ad6e27bdaa49ed6b4fc6dc03f4aba38aba6b959,false
XSS-4713,xss,PayloadBox/html5sec,38d8af851eb9d091c238ddf1d3489ce87156a28c2f34703c3d35a4cf06c96cff,false
XSS-4714,xss,PayloadBox/html5sec,64fa9e689bb1ad720e66c0f11eff70773a1c7d4253d7ddd3aac8b438e15747d1,false
XSS-4715,xss,PayloadBox/html5sec,ec4d5b26bf0b2f78710c89f55ec1ac6bed2deb49f9821b1d7badb270634bc7d9,false
XSS-4716,xss,PayloadBox/html5sec,c74b765c770bf312ee1cf78bfc11c8360338a7cce82fc3496ceeaadafdcc2e45,false
XSS-4717,xss,PayloadBox/html5sec,8d3923b8205f3a70f994e9c10a429ebb7d8f29812750e2faac45289be0d456fa,false
XSS-4718,xss,PayloadBox/html5sec,3f7eb267ff6dbf5317800caf955aa68551b82e50e851fa02f30bc170b5a50cbe,false
XSS-4719,xss,PayloadBox/html5sec,18575dc5b406f9908d7a88108c3a51504cbc37fcca32d6060a83b7d3a699951e,false
XSS-4720,xss,PayloadBox/html5sec,d914a876c9047f572e6a353df42b6bf5421e7b4522b410475e9e417e2b7aaf02,false
XSS-4721,xss,PayloadBox/html5sec,c0a83c4593f815546844ab30496e9d6a6cc19333907f928598a95c770dad4a8f,false
XSS-4722,xss,PayloadBox/html5sec,11988cae531a1b1d8c447d9bb39857ae98bf3446c37014cbcf1fe48b77409082,false
XSS-4723,xss,PayloadBox/html5sec,a6ad7054107021f273941ac9ac2cd29505dc50c3ef0e4c10897a9a13c1c9ab3d,false
XSS-4724,xss,PayloadBox/html5sec,63954bf8b5b8d95dc9687f85999603c1b71af5645f0ff2488909fa3032c52471,false
XSS-4725,xss,PayloadBox/html5sec,b2f876c05c02359720dd3e3f4c97a25a375185136145b431e43cbc2046df1b74,false
XSS-4726,xss,PayloadBox/html5sec,f3d0bf20021d31dd5613e279f9b9b3f80b00fb23f71118922938ab71fb2f50b3,false
XSS-4727,xss,PayloadBox/html5sec,ccb6223a2f508638db18fb48adff5a20d4f5364848266a5dd8105fb9de5e559a,false
XSS-4728,xss,PayloadBox/html5sec,01c13a694d1d20f85af23bff3eeb0dcf28506575391de873f7ac61b5ebba8b12,false
XSS-4729,xss,PayloadBox/html5sec,7adff3f129de75b23d595ac63ce9d35dca08c42565a9f645a51b89937fc4aee5,false
XSS-4730,xss,PayloadBox/html5sec,075188a2d5b2233e22ad08413ca289a2be50020b1d09c7664818c10002569fe6,false
XSS-4731,xss,PayloadBox/html5sec,c1d13dea7d909a15dd7efc2070aa7b2194addfd7217c0ef11e6632b7cd96aac4,false
XSS-4732,xss,PayloadBox/html5sec,41e6175c4ad90672dc32a3c482d8e603b8191324868eee1ac021f8cd10dd46a9,false
XSS-4733,xss,PayloadBox/html5sec,608ac3a979c0b1e69273e06315bb902377f3109acb7593ef6b59be40776130bb,false
XSS-4734,xss,PayloadBox/html5sec,b6eb60a1f96ec7d92b141671f0086b9010326d1b3064f76ac2aac5c7d0090c4b,false
XSS-4735,xss,PayloadBox/html5sec,40a7de777bd8593f606876e33f9c7717850ade1f58d6cdb63e9cea526bd02eaf,false
XSS-4736,xss,PayloadBox/html5sec,c84ad25ee29626912c357980d120ffe81cd4a636c343c2439b8847702dbd595c,false
XSS-4737,xss,PayloadBox/html5sec,935e1039e113ceacd887c769be9039264da8aa02a0c9450d60ddede6ceae6797,false
XSS-4738,xss,PayloadBox/html5sec,f5767f4af499a24e9f7b4948c86e1a051b782997e42731ff52d04580e449009e,false
XSS-4739,xss,PayloadBox/html5sec,6dbcf08e94a32922cdc2c4e8b54cdb2895011a3121d26a0949ee72867bc64221,false
XSS-4740,xss,PayloadBox/html5sec,52d7d3761a3896b60132e81c6be4be999c8ce4470b0e29b1c6999a3a84585be6,false
XSS-4741,xss,PayloadBox/html5sec,34108bf8db3f680375294f83aa3366c528e666aaacae54618f85332db2a55d5c,false
XSS-4742,xss,PayloadBox/html5sec,e19c8c5de10a1d5ad4ea7837736ae2c6f4bf3b134565a344b982eca77b0a0260,false
XSS-4743,xss,PayloadBox/html5sec,6f68e1c9cb54fbe24cd2b48a5de69d4bf9714b7477dabc33a2b6937c9e50dd0d,false
XSS-4744,xss,PayloadBox/html5sec,5b14a4c8684020d24f4f18b90cd5fd1484cad6f1aa20cc6421db88ca7aeeda77,false
XSS-4745,xss,PayloadBox/html5sec,f8893f085cf90647c9776a64dd083f145197745fc59c5c8ef9f0f9b077136ef0,false
XSS-4746,xss,PayloadBox/html5sec,20dd75e6ee9857a26512793ae9a9ae6695f75e83dc9037984bc86d082a434384,false
XSS-4747,xss,PayloadBox/html5sec,9deca74d8c309686fae53b5a8e4cf271e3101a8a0c3cd4234ffd5efbca168e5a,false
XSS-4748,xss,PayloadBox/html5sec,8b4f5452629469710185e349f15a07bf5c447097f81f312f91a3268b04f0c507,false
XSS-4749,xss,PayloadBox/html5sec,6e31a1794293224b5df8cbf31989c583f1be00893d4498cb77f57806e6d5f640,false
XSS-4750,xss,PayloadBox/html5sec,dde41ca472c0ae85d5bd7232d8de268c73672339ab6f01b069326fcb2ef0f8d7,false
XSS-4751,xss,PayloadBox/html5sec,aa1f0aebc9f1a714e6c131447b1f473d6df46e7290531dfe7096c90a015436f5,false
XSS-4752,xss,PayloadBox/html5sec,3acd9a44f0ec64f5c58d36d8f476808ebd17c63c6efd713dc96f47bdb6264c75,false
XSS-4753,xss,PayloadBox/html5sec,9416724ae91e14f0143c0cec1aa4a0daaec1fa1161989fabb89ebf642c3304e9,false
XSS-4754,xss,PayloadBox/html5sec,82227fe4a77ba2ce59140bfb6feb0efea52c12d9a4fdd6127f9bcf737a107a86,false
XSS-4755,xss,PayloadBox/html5sec,2a37611554f6a70a66d339683ee2f657c10e4d0365b62bef9f9d6d05d5a635cd,false
XSS-4756,xss,PayloadBox/html5sec,3a879e6d4fc8360cd809b901fe92154c31609ac1683c834510b23067c16140e0,false
XSS-4757,xss,PayloadBox/html5sec,fea059fee19d1cf2b8c3af37a0c96299304a996619ea60a08f439684bf86236e,false
XSS-4758,xss,PayloadBox/html5sec,38227674de7420a2f792f85e4ef8e32669f6f180c3a4c1fcdf95ffec78af0619,false
XSS-4759,xss,PayloadBox/html5sec,b5db4feb3822438b4590c78f348a227a770fe6e4728f87cb96052d1d3a1a1042,false
XSS-4760,xss,PayloadBox/html5sec,6d7703249dcc716856bdd0112a312b6aa26888c64d586e86061278c90d0142da,false
XSS-4761,xss,PayloadBox/html5sec,561fe48818312aadce0f50aaab85f00a51d2490efd94fadd25a7dda534d0aba4,false
XSS-4762,xss,PayloadBox/html5sec,bf525fc3f2aa123940c77154d2264ed0c6d15b10280e026e139c1bd0be4cc22b,false
XSS-4763,xss,PayloadBox/html5sec,cf6e90690b6cfb2770b3d932e73fdde717bcb82175b7126dc6e3a62456dc3e81,false
XSS-4764,xss,PayloadBox/html5sec,9212d01f5b6036005334e74c4150e7dd80af1e5fec9a52d3b3820550afc80ab4,false
XSS-4765,xss,PayloadBox/html5sec,018d27856fa5290e6ae02d876aab5722561ed1fcd36858a3a49b6049e795eead,false
XSS-4766,xss,PayloadBox/html5sec,bd353109cae84bf0aab3400ffe86ba93c08857de3945b46f504745b7b171a186,false
XSS-4767,xss,PayloadBox/html5sec,ff185fa46b0309f11e1e3c741ea56ccdfed54fec748aebfdefe68b91fd3baa7f,false
XSS-4768,xss,PayloadBox/html5sec,2dd7eca62bb2d20696c0c72bdeba7bdaadd8bd411c867aa782dca4523e183ef3,false
XSS-4769,xss,PayloadBox/html5sec,2837ce77cbbc53b225fa7c11ff0314c01d30fa62e7203fabf7e878a9c4a62220,false
XSS-4770,xss,PayloadBox/html5sec,5f32059ce863d8528cf8cdefd24d28620312bf30934a38c5df4b207d0b54f57b,false
XSS-4771,xss,PayloadBox/html5sec,bc48256f6a4e35763f642648314e61fe54bba2d5fbc8e2fb6b58b2d22dd74aa7,false
XSS-4772,xss,PayloadBox/html5sec,047e229bb9b53a266319008700cd8aafbe3f5a80feb63a680f67f68b07181a17,false
XSS-4773,xss,PayloadBox/html5sec,b20d314ce4a4d335d40b99d9cf2725f8b749716b20dfe6d4a08d693ae65d13f7,false
XSS-4774,xss,PayloadBox/html5sec,34d1c61aa068ed43e295d7a68e79086eb124c3d3274fea56714ef2c9d78df283,false
XSS-4775,xss,PayloadBox/html5sec,ad5a529451861d328401a8da3f687f7b9b6bcf1956cca997c5bcbc95ebe8f3cf,false
XSS-4776,xss,PayloadBox/html5sec,64c48c2ee59a623c7f6b5a3beb68373596f2ad5e8e468cfdfbfbaa61a397d45e,false
XSS-4777,xss,PayloadBox/html5sec,1af2ff9ef39ef647b91040c02d1e234d463a19fa2be0f798bed4e075a08fe6b4,false
XSS-4778,xss,PayloadBox/html5sec,db25e5d92c73b811d5af0be1381b4a470404d02eec7fc3db0a5e33ed17f5974e,false
XSS-4779,xss,PayloadBox/html5sec,b2bc021c222e2c25b16ace33fe42996eaf8e53a03cc32041cf2aad920db05bbb,false
XSS-4780,xss,PayloadBox/html5sec,cf2c9e3d6acdb7308c0f89afacf28b11831ce919e43bc015730793a278d1d2ac,false
XSS-4781,xss,PayloadBox/html5sec,69b5ca14205cdcf54cf39f06dce6703d0975ae438bc5b5122a7afdef02264a74,false
XSS-4782,xss,PayloadBox/html5sec,22aa6ceb961444bdba3008d274fff35485ecaa5e020572d7b437781dee4bf5c8,false
XSS-4783,xss,PayloadBox/html5sec,05d2310e7f8e408113561d9385e1858e10fea7af9f211b27a6724bbc3cca0365,false
XSS-4784,xss,PayloadBox/html5sec,0b6faa7190e945c54e50604ba8aa934ea5d872a081c853b62b198559f227d59a,false
XSS-4785,xss,PayloadBox/html5sec,afcf5bfce99ea191c5adfc7f60f9e57bf88c4e7e028e0ef4e60bfbb7a90598f9,false
XSS-4786,xss,PayloadBox/html5sec,d184cfeb89701dfd5917181209259cc905eae6d73d8e07961988d2d7ffab4d08,false
XSS-4787,xss,PayloadBox/html5sec,ad6dc53fed2114209a40a1b89b81d57f073d42d8969f83f66bd2cdd0b8afe69b,false
XSS-4788,xss,PayloadBox/html5sec,9d4e4c3ea965fb2ac50937659e503727a8e5c58f6f5717b7092ee309a415f286,false
XSS-4789,xss,PayloadBox/html5sec,61163e3111007f74cdcaef6c60b729fa12222882f115bd2d523ddb499d2483d2,false
XSS-4790,xss,PayloadBox/html5sec,2e4b137a70489efc8d1d280c2953f59d64a874d697c35b7570077d601ae5a7d4,false
XSS-4791,xss,PayloadBox/html5sec,792f2b81ba5fa51f259f8d2e258066e1df4c39d12aa1064314db7defd4243ed0,false
XSS-4792,xss,PayloadBox/html5sec,2516d6ab50943fa50edbfa47cc8b59c624d106bf3ab29b9f1ca44be705422219,false
XSS-4793,xss,PayloadBox/html5sec,246490175096ea9370072b151d7c18517e3f96b4f2450167a0c6b4fafe17913a,false
XSS-4794,xss,PayloadBox/html5sec,cfa56ca21f8b3e30ad365901bb1b7e6da1c4b57e7d631f0e2fa11f91d3b6ecf5,false
XSS-4795,xss,PayloadBox/html5sec,5dd022dfb7f56e7df54031c7b682ef4e70bc8c8df3422d8c975562024d2effb7,false
XSS-4796,xss,PayloadBox/html5sec,e3ae1d5f40f0cb5c15730429a47b23046f852d1341d1bc396c54e71f8fee63ac,false
XSS-4797,xss,PayloadBox/html5sec,d5a9cde96b57df7d6d95f8fa73af6b1c18b880a2f673e551276013d2268168fa,false
XSS-4798,xss,PayloadBox/html5sec,42ba7aa88ea5de4d6f62da950689c807783190d6093733684a6d8a7195456b02,false
XSS-4799,xss,PayloadBox/html5sec,b72051b0932e3e5349946f6467a65df0c91ce41c645a30cdc0f90804df284358,false
XSS-4800,xss,PayloadBox/html5sec,14fae6d468619f6b90ae27c97c30761aa7e992245e67d9a4667f08ba16b40f82,false
XSS-4801,xss,PayloadBox/html5sec,f9e9d3ab373a7ff99e402ea54d3baf5a3b8a60812a2b099e04b2a68a48dc3d0f,false
XSS-4802,xss,PayloadBox/html5sec,cef853d23563fe0d339ac8e91929a3d549dc32687772519e46e025aea4b84ef9,false
XSS-4803,xss,PayloadBox/html5sec,949190430b5ce58013eccf3898e2e39a0e6e51ad35e199f141cd6632942ec570,false
XSS-4804,xss,PayloadBox/html5sec,98393170d0f272743b78709db72a345acb910284219acdf33f20e086d922296c,false
XSS-4805,xss,PayloadBox/html5sec,59d3f50134b38d8dd76c16ffeb842e0ce26b4f465d4265157e3a2157884ef3ef,false
XSS-4806,xss,PayloadBox/html5sec,e604f8a0cd9509d7c95a68af27e6992b96b81fb9f70e72df9cc1c2aa29f6bdda,false
XSS-4807,xss,PayloadBox/html5sec,7766b16286000c4657e3a8f609c7cdd8ae02f1b13dbed4e8ab22031ef9cf3e56,false
XSS-4808,xss,PayloadBox/html5sec,17b2d4c4f4a06d0beabc3988a968610cee3eca527d91b085a5190507f1a1e5f3,false
XSS-4809,xss,PayloadBox/html5sec,c13ba45dc62d8dafa672d013be5d47e7b0e5847d7e9345de015395ece5b997fa,false
XSS-4810,xss,PayloadBox/html5sec,d8db1878ba30510539081e9d58ac76a7862fac780f4d8bec297a6a6592fb5aea,false
XSS-4811,xss,PayloadBox/html5sec,b5326ee47fe14a9022a217468457286623cf28dd7a67d5a338af7fa494d2947d,false
XSS-4812,xss,PayloadBox/html5sec,5bca140cbd5c366ce360f84fd8ac1904c26bb675a9426c54a5abbc5823a200f3,false
XSS-4813,xss,PayloadBox/html5sec,90a53f23269cd77abcbed15fe2dc042becb3bc41180e8088b2233f170c7586c9,false
XSS-4814,xss,PayloadBox/html5sec,7fb7dea5acb7929d915468670460598d12ba9088ec685cdc76973ab297953f5a,false
XSS-4815,xss,PayloadBox/html5sec,2428f75d9fe90268c1a5c757372f6278acfad3162bce7b1128a29f3d91eabbf5,false
XSS-4816,xss,PayloadBox/html5sec,05ef106158849a91b19b85b96968f7d84912d0adef24fca43882ce926b03fdc2,false
XSS-4817,xss,PayloadBox/html5sec,541d541392cc9aee7e2864ad117bb26898f56537d55c8d8e62034afe5a1b451d,false
XSS-4818,xss,PayloadBox/html5sec,6accf9a27b803c766b3db3a18fc42077fd1668ec3e3cf9796e169c6b2172c474,false
XSS-4819,xss,PayloadBox/html5sec,05b3125db19697ecdb909c10f30be0ca224ce0c21590e1d4eaca2c1e147cd0ec,false
XSS-4820,xss,PayloadBox/html5sec,f19cd120d7b4cdab4e5b8fd21dbdc6b1dced652d2a263694598ee95d80674e13,false
XSS-4821,xss,PayloadBox/html5sec,17d81db1e1ac2cda9858cfe7071b085f6116376019a1a9a4eecfe16ed21b780c,false
XSS-4822,xss,PayloadBox/html5sec,f54782f9da9e9db6c14f68b3f074d66c45de05571b31beca39461abb5cc9b710,false
XSS-4823,xss,PayloadBox/html5sec,b957cbf930e4e2c4a1b2d8db34a5eff565c7e347d7bcbc0dbd622b68e06631e7,false
XSS-4824,xss,PayloadBox/html5sec,9ee6abed221e4ba37db868140252f19fa058889dec1f4aaa12416bf379c15664,false
XSS-4825,xss,PayloadBox/html5sec,72522b6a1ac313895d50ab08fa05c65812d955b9a8e1e3a5c3dec5cb80b11604,false
XSS-4826,xss,PayloadBox/html5sec,58f0921f121b9a4b524e900941c0d087ba60139fe7cf351b1150cb6ea1347d5c,false
XSS-4827,xss,PayloadBox/html5sec,12c65bdb6bd3bf59c3cbf2cd3a766b576b1f2eb5921367198010b4834c042d78,false
XSS-4828,xss,PayloadBox/html5sec,e9ff3ec82147123572c784b153a41f6e3f090abdca266a5e11b1d287b95202da,false
XSS-4829,xss,PayloadBox/html5sec,ae3b57c93724b143341770bd0b802d8fbd8855ca36e7278ddebafecb8f8e91c8,false
XSS-4830,xss,PayloadBox/html5sec,c429912608777f3ff68ca006553c07d814dba5ebbd01917314c1832d81f4d724,false
XSS-4831,xss,PayloadBox/html5sec,220ea55fc3957d01be671b9cd14c0d094ffaacef2b93292618206cb36f3fa4fa,false
XSS-4832,xss,PayloadBox/html5sec,4e54a8e36236d18be8444ab1aba18c1236c124688e720cf224e63603dc3f6b22,false
XSS-4833,xss,PayloadBox/html5sec,fc8f0a7bff668ec326ddea63d116e1c113b15f775dcd561933984e33838c6926,false
XSS-4834,xss,PayloadBox/html5sec,6b95ee189bc02274c8bc67fc892774ec679b1451b38b7128c65bff7cec45ef77,false
XSS-4835,xss,PayloadBox/html5sec,1854eebc76b142dc2efe6c424263df815059fc5253148004df57e0bba1dc28cd,false
XSS-4836,xss,PayloadBox/html5sec,2d092e5825131a6f1d75d25667610ca47207686e6b54693c9fcaed65fb091816,false
XSS-4837,xss,PayloadBox/html5sec,660641ea6aac1ba0bc068902c0a06b4790d2afb439fdef1bafb0bb19625e6f1b,false
XSS-4838,xss,PayloadBox/html5sec,6f1636ff6039e70248bfbc576bd3be352d990888c2614f1c9b9471657f950cdb,false
XSS-4839,xss,PayloadBox/html5sec,baea5d45cd587e3145030eb1b09b3c688e879d1c7528095d7ccd5b778151eabc,false
XSS-4840,xss,PayloadBox/html5sec,6ec94fd05f0dbb147ee8212ea235279dcff771072d2edc90a6c99be8d2688894,false
XSS-4841,xss,PayloadBox/html5sec,f4eb6bdf7933ac8c817f032334c7659d5b53b8adc7ba4d85acfbf58e0df7099e,false
XSS-4842,xss,PayloadBox/html5sec,f5427fd944104d16b527ebccad03359e434d8dd6b3f0826a1ebef4c0038748ae,false
XSS-4843,xss,PayloadBox/html5sec,a1877408ca3124c88a42a900ee9d2b3ce588ef6013090621a493c6983060d9c2,false
XSS-4844,xss,PayloadBox/html5sec,2c4d5da3406cdd99e432fa3343eac70c7e3d135681d162fe5c0e7667cc350edb,false
XSS-4845,xss,PayloadBox/html5sec,10bdb0d4cd1bb355bfa4b8c8d6e1f517d7f48855418f45098a1667df3bc79484,false
XSS-4846,xss,PayloadBox/html5sec,200234fd7f953893835cefba6aa408d7d7f95d88f70e1e4c4584b27c71c1329a,false
XSS-4847,xss,PayloadBox/html5sec,49d4337241ceda69d7aaaee6c31f41e132b0d0ecd0e9db0ff762d2046d7ddd6e,false
XSS-4848,xss,PayloadBox/html5sec,9f00979855ec186b584ce6bbe3310ec212a8df6fd7617b8379a1a0346d49a2fb,false
XSS-4849,xss,PayloadBox/html5sec,4b2d62d401f8292217064d56626dfae723407f50432562aaf1e2bb4be13e837f,false
XSS-4850,xss,PayloadBox/html5sec,b74b9b33d2f74f56e0ea117c9fb7aa18434529a05ad87bec13dbae8a2eb71db3,false
XSS-4851,xss,PayloadBox/html5sec,d1eeffe7e99b2e19746d03b837f4d59f12e511ee5241b91dd092329ceaea232d,false
XSS-4852,xss,PayloadBox/html5sec,706053d88f4cc25552fc6908ff2ca12832c06db8dbda1a4266691233e3ea5aa5,false
XSS-4853,xss,PayloadBox/html5sec,0f43352aed4846926f61e7686d82b492632c0aaea41934a6152dd50d96e54820,false
XSS-4854,xss,PayloadBox/html5sec,4b86e6f4e53fe8e92838175ad560263da817104f759bcb5d0b6027c06703be03,false
XSS-4855,xss,PayloadBox/html5sec,3674c18d82f00210057af53d5ea9a0db5fd913997399d5f4c486963beaef97d5,false
XSS-4856,xss,PayloadBox/html5sec,2476168e610c907cf55d2857731c3a3dc6d53202a5f146320873a6678d71bfa0,false
XSS-4857,xss,PayloadBox/html5sec,99e7bfb727d2d6afd575c8e975f850c9d5c4e2ab38893587bdd8e60c911b1cd3,false
XSS-4858,xss,PayloadBox/html5sec,ea6d68b743694be23184eb4e6c28d3ebf9690d73729462ea42791135d7ef873b,false
XSS-4859,xss,PayloadBox/html5sec,15aae029962b9c7f59a2f4b14c57e5ccd5bf4ed5532f558fcb16fdac65375a21,false
XSS-4860,xss,PayloadBox/html5sec,b115b0d9b249f322d4e10a7633f64e89c6a382047a69081f25aac4565f4969c0,false
XSS-4861,xss,PayloadBox/html5sec,13d35b8f2e937640f2dbfb2eb2eb66a50903fc507c5b76daf0c60077b0eb6d8a,false
XSS-4862,xss,PayloadBox/html5sec,2ac97350e68bb1a96961e8aa2a15e52ad7a3ff65a33caf459d3bcd0dfcf32156,false
XSS-4863,xss,PayloadBox/html5sec,e8e44ed7c15fb80deda93854d1999ad6e8bf90260335d28b7724036dfffa7c32,false
XSS-4864,xss,PayloadBox/html5sec,de982e553f3a53b84ab909a202f5670f8ec83aaeb38202756e1d18eba0e2588e,false
XSS-4865,xss,PayloadBox/html5sec,fa9742d69929311657bc1751c41d00a38ac2fb3de9cc0df355401f10fe229ccb,false
XSS-4866,xss,PayloadBox/html5sec,ae43654b14deb85a5f50830d9059416fb720cc304c1ce06105ea8378ae5f746c,false
XSS-4867,xss,PayloadBox/html5sec,8b106a59b86380e7eb695e98960477456f783de8c0a0e8dfa86b4c19fdca5309,false
XSS-4868,xss,PayloadBox/html5sec,1a6ce9a3b259099d5a59ffc63705215f1f1ad838ed0fc273159da5153cc0cc85,false
XSS-4869,xss,PayloadBox/html5sec,0d18ec24c2fc751da0daef0184c447886ed5d70377a8c05d3115213a48ea60e1,false
XSS-4870,xss,PayloadBox/html5sec,695a60eef20f01be60d0e8f72fab2541eb6ecb70a75a3e6fdb5a18ac8311af1b,false
XSS-4871,xss,PayloadBox/html5sec,385e868faec534845508c87f9d753aa01bc2075b5c2119aa01023e59c38f4ef2,false
XSS-4872,xss,PayloadBox/html5sec,b9eb3b3e8b0bc30c03bbc5ed2b1e240eabefb6d8caf02a4a6ed8cc8a0358cd38,false
XSS-4873,xss,PayloadBox/html5sec,1934bb77cbf37f66f334b98421e90e4681c78729dfe7c82ae037fddee898f244,false
XSS-4874,xss,PayloadBox/html5sec,7b5f7cfb8ab16c385656569038cf8b3c2e000febd60a7aae012a4d567f14072a,false
XSS-4875,xss,PayloadBox/html5sec,b10fe1b9485af54319f02fec33a0f1e3384011e34bcecfd65cbf761bade32587,false
XSS-4876,xss,PayloadBox/html5sec,7ccf293d5b3d4d1705a1b1c4543255aef87af3d86a6011c0aae287b1c2811a82,false
XSS-4877,xss,PayloadBox/html5sec,9204320a314daddb15dff59f981ccd1302fea6365c1993a10da6d823fcca10ef,false
XSS-4878,xss,PayloadBox/html5sec,51e19469497e1059444035720bfcc514b4130e9afcc34ebe9dc476a0b2433b72,false
XSS-4879,xss,PayloadBox/html5sec,3ceb479f307f81612777b5662bfed3b8f036168509508479f71a56fd3b8cd0ee,false
XSS-4880,xss,PayloadBox/html5sec,68b3490d337bf47a451fbff18c09830b3bee0ee02c61a00fd9c0003c28487e68,false
XSS-4881,xss,PayloadBox/html5sec,36f9f59d8c40935c74f52e02f55afb3436f6fbe878ab44178d5724cabff0cd3b,false
XSS-4882,xss,PayloadBox/html5sec,b124b9dacd2ab6d30cd3f2be47fa813fa6fe461dd55ef6769f9d12332d2511e8,false
XSS-4883,xss,PayloadBox/html5sec,51f5a82734bb285a2de459ebb5e07e3f8f175a6c0c39804afec7faebf748f8a0,false
XSS-4884,xss,PayloadBox/html5sec,6453f636f3a1701ff2acc32e83be32f43ad19d09896f57e011842c5fc05aa098,false
XSS-4885,xss,PayloadBox/html5sec,f146bbebe93b70e1c3a5cd21c9a584a07de713086747c409d4db8a665dc023ba,false
XSS-4886,xss,PayloadBox/html5sec,aba934997de5f651f2d73f9a5c629ca5a19abcdbd6c5b3f535bb97032ffde03d,false
XSS-4887,xss,PayloadBox/html5sec,d4092f3f5f9ffaab4fe8e45ef345ebea5a8d429402c8e5b4b31878e72af259c6,false
XSS-4888,xss,PayloadBox/html5sec,6f9e3bf10417ff2bbf898c93b37da97f4299a11a4f55fd26ad1b627729061913,false
XSS-4889,xss,PayloadBox/html5sec,ae34c07e3cfa1f761c6b5bf965e41c56481992096acc4fc00db10078c949e25a,false
XSS-4890,xss,PayloadBox/html5sec,129e5a9b1d033966a29db5fc3532a4f670c52f29d1875b4fabfa9d5e8dc69f4f,false
XSS-4891,xss,PayloadBox/html5sec,f5526ba6085db76e0c0c863ce81db7142e4275b90ae19c4651f8ef91f2a1b1e1,false
XSS-4892,xss,PayloadBox/html5sec,b2e09c3e85c776485b903c39c4958fe753a8f6aea4d82be8ba6a42c935109ab7,false
XSS-4893,xss,PayloadBox/html5sec,aedbdae4d0bb57f056de82658fb1fe043c5863809576eb4c841a644a22ba51ef,false
XSS-4894,xss,PayloadBox/html5sec,84f65a00019b0171e559f01c1af16d6dfb00622d4b31ecd1fc02b5d8ecca35ee,false
XSS-4895,xss,PayloadBox/html5sec,4081df2698d09d3dd223c049a4ba12a34146ef4e88a5a9b857a9c4f10632254c,false
XSS-4896,xss,PayloadBox/html5sec,381966fb2fae69582775d898457e7c3befd778b6574695a5feca02516fbc1801,false
XSS-4897,xss,PayloadBox/html5sec,49df7fc5ba67f4289e6c1233e02bf2ba6ebbd3e169165b2be655430b06d430b1,false
XSS-4898,xss,PayloadBox/html5sec,588a3befbfc31fa7d70cc8108e056d9ab101dffb9cba68abed3efe15c23abbbb,false
XSS-4899,xss,PayloadBox/html5sec,4dfff49f7b191800b51da53bfa7e4e7950b6b53cce33685ad187c03cbfbbdd6b,false
XSS-4900,xss,PayloadBox/html5sec,d645578b4cc2b3cf26d1e45943dd4dd99c66c8786bb728a3515572174c1d5f43,false
XSS-4901,xss,PayloadBox/html5sec,446545e7044df86d5e464dfa7f71e0e2b609dba5c2f8f4f0df6aac692de69724,false
XSS-4902,xss,PayloadBox/html5sec,33f4f13d1073134b7c6cd3af86bfdd2be0ca38d4c98a5d310b37a6194b99426d,false
XSS-4903,xss,PayloadBox/html5sec,7a8f8f626cd5149fdf48513e73fa98fa4e7cf4165e3114acfd33cde7a933d9b0,false
XSS-4904,xss,PayloadBox/html5sec,77e830cf027171847dc9cb5c69cc35a1f4ca2ba881c99c5764b54b1a20264994,false
XSS-4905,xss,PayloadBox/html5sec,6b0bfc59e485c727070fed9f2d8e52fcb8a302a33182d22b46a7efaf434370f9,false
XSS-4906,xss,PayloadBox/html5sec,52a9a5edfd2d3f4bc0c84ebb956e2ccfce5370cd9d021d38268b2df7c4ff1f6d,false
XSS-4907,xss,PayloadBox/html5sec,d87f6ddee23628949ecd9fa80bb54fc5ec5a178facf46862e9a9981439394793,false
XSS-4908,xss,PayloadBox/html5sec,9d195f1d9eb2ce119aadeaad91717820ab93af5524d37f79841a4b1f004fc4ed,false
XSS-4909,xss,PayloadBox/html5sec,e685864aa05985e0e9950ba05e15860e4f50793209036139f4161cdce12eaf62,false
XSS-4910,xss,PayloadBox/html5sec,525904d01fe71536fd1ea285067f7d691a031c17f30061a05f602d54cdf4a937,false
XSS-4911,xss,PayloadBox/html5sec,9aa98d9c7e925c57623fdfeefdb9fac12a3f80fdc3e27fc58f94c06aac97b340,false
XSS-4912,xss,PayloadBox/html5sec,4da76e27c49d99562e527897410053b01aaa7fb2265f4fa974c1a9a045900781,false
XSS-4913,xss,PayloadBox/html5sec,89e4c4c42a784458815c50da54a24a7e8fd0d780022325afac89adab994107b8,false
XSS-4914,xss,PayloadBox/html5sec,19f7f5dfe2667f30b2a01d72cb844379528497030c3264cf18da4283eb5bc278,false
XSS-4915,xss,PayloadBox/html5sec,04e269b041fa494072f2685882a62b3f6d35eb3bfa75017816fc6f5c2a3a0574,false
XSS-4916,xss,PayloadBox/html5sec,53cd100adab7264d440bee5c22b198acc653e47a0b76af9aed58ea8480e08389,false
XSS-4917,xss,PayloadBox/html5sec,8c367a545dc79779dc380ace256686a6c03e8e12a4e0f1a73b8acf891e615eeb,false
XSS-4918,xss,PayloadBox/html5sec,0a3a7097a8d75e48b61623b697d3739817e067a1c762cdd6c3a4297fbea66679,false
XSS-4919,xss,PayloadBox/html5sec,4a5e07fefbf3be61b66b68f8fa312ffdcf06e8e786e7ea3299f194ea9579f0f1,false
XSS-4920,xss,PayloadBox/html5sec,a78581a79d44dc6094e93db739357b7055a38bc78e75f42984767e19b6edf11b,false
XSS-4921,xss,PayloadBox/html5sec,699cf789ce4eaaeb7c0ad3bbbca53851ce62e3686552888c0f3c91b1087041ab,false
XSS-4922,xss,PayloadBox/html5sec,7d3ea540f4abfd1f6cd21f2340d1120d38b7bca23ac122f64c1c45ecb81a8a16,false
XSS-4923,xss,PayloadBox/html5sec,3f36bbece05cb1583562ff39a3b0462fbf9649028ccdc18604171496d26a3c0b,false
XSS-4924,xss,PayloadBox/html5sec,21f3ea7c1d6cb413169ccdab53b7ef48d067fab0c019aea9b34693304a8f8a05,false
XSS-4925,xss,PayloadBox/html5sec,b8a43c0e3c7a4165e5e6081376de1f2d420f869ee760dba94d7b38ea9043d9b5,false
XSS-4926,xss,PayloadBox/html5sec,14373775d5274bfc4256f6245101a97a923d9ca9ecc60024d8b9d77f2cf92d0a,false
XSS-4927,xss,PayloadBox/html5sec,f0de04fc81fc7c10fd0559ef7c1ebfd8dab7fd5fa0df6ac3b4b6631f9915d30a,false
XSS-4928,xss,PayloadBox/html5sec,fcec60eec164cf4631294fd73a27d7098d30fe0ec16e8ada1d6444807f2f7fe8,false
XSS-4929,xss,PayloadBox/html5sec,d9e1f325c8eacf585150f5f907056240d2ec3bc4f4468c2ca458e5ed21407934,false
XSS-4930,xss,PayloadBox/html5sec,4c84faa5a81f4fa8c1c6eb2e9811f550e577fb16d4d0e0695e30bffce501e55f,false
XSS-4931,xss,PayloadBox/html5sec,a14be234e20f657ef08a9f6f89ce12bbb6072cb86c43bbd41691913a3cc65bed,false
XSS-4932,xss,PayloadBox/html5sec,6ac6218f21f52f384c06338747989a082f57881a3f95f10cef70ffbc4f338290,false
XSS-4933,xss,PayloadBox/html5sec,e5e5fd1c9a19ebb431b4fdb38fbe6409be06b8cc7a4350d01a043d10da1e7faf,false
XSS-4934,xss,PayloadBox/html5sec,ca5e732073b6e587d888e06fe2106b4b1c3b1cd2fe872a960dc347c005587bc1,false
XSS-4935,xss,PayloadBox/html5sec,b23c74869bf121147ff27ce98dcea0a1c53e9174ad2667b01e87f59b7f62f4c0,false
XSS-4936,xss,PayloadBox/html5sec,d641bfccfb77e66387813df6aab2b488587af1f83ea93deada50dc972bfd1a28,false
XSS-4937,xss,PayloadBox/html5sec,505da6c08c7cd1aae5904da00a8ddde80cab86ca503d377277b43bd5a24e1dfb,false
XSS-4938,xss,PayloadBox/html5sec,b36d52b5acf4705449823008d7c5fdb7651b3610350dfc86abc09595b5cccbff,false
XSS-4939,xss,PayloadBox/html5sec,73294440589e79f426b629c4023b6eb2eadcfac3b3194e7b986184fd1715f5fc,false
XSS-4940,xss,PayloadBox/html5sec,5e16d3ce5f1118d1d2b3d330a44ede832b9ee1f360b43c28a6ee1c3602aac415,false
XSS-4941,xss,PayloadBox/html5sec,9b8c4a5abf3410d009c8ba2d4de463a2e5be4a096d734050dec93e231abe2ecf,false
XSS-4942,xss,PayloadBox/html5sec,b62762be1584180dc4e5df741e2d08c15693aeedd3481e36baa0b2ff116d0419,false
XSS-4943,xss,PayloadBox/html5sec,a6ae5eb853457aefd47c23ba66a9180b4fa26df47355dcc93fae5c6f1e8b1618,false
XSS-4944,xss,PayloadBox/html5sec,6c35b051ea803cbdea1010deb5eaea64776a7678b84614a781de3ecbb77e9b6b,false
XSS-4945,xss,PayloadBox/html5sec,487e466afd9d62128dc140750744824384f1dfe7c49f20a91032741607abcd99,false
XSS-4946,xss,PayloadBox/html5sec,44edf1be32d4896b19830e3cc42588e4aca4fe61217bf8f2dcb593a32a1ab8aa,false
XSS-4947,xss,PayloadBox/html5sec,cff2853cd901e765b30e208246f58b285c68cbc9fbc3e6bfc76447791c177167,false
XSS-4948,xss,PayloadBox/html5sec,c31aa2f44f79f55b50f48594a09c959f5dbdee90c72215951ea5263f0962a76c,false
XSS-4949,xss,PayloadBox/html5sec,cbaa3c8af1045d506f11f29c3eb000d92d65d8be21f67d09e2c5c040775bd726,false
XSS-4950,xss,PayloadBox/html5sec,e7c52b14e78ccaa7dc5f2e29ba37e6f35aed9c8b40ef12092dbe7fe6ca9ad836,false
XSS-4951,xss,PayloadBox/html5sec,20a72d348cf39202c73a21a2ed790b1b3deeda9a50c0d82bf5a7c8d5b41258dc,false
XSS-4952,xss,PayloadBox/html5sec,b662d8f1c0f3ac46c6b3f44ad8f77a45277d5f4e8cc6a1c5b4b68a6a9b88863a,false
XSS-4953,xss,PayloadBox/html5sec,5eeb83ef8b26dc9c72287d156a23182717b208eb62a73f79c48179db5216e47b,false
XSS-4954,xss,PayloadBox/html5sec,578130ca332ad655b2af2b511d8f8fdc39364e82b07a59cfb422e1266bab3a33,false
XSS-4955,xss,PayloadBox/html5sec,f47acdc3ec3c0c8f0dc782125ff763a422540b14937d8a52ddba3f97dfd2ea78,false
XSS-4956,xss,PayloadBox/html5sec,0f4d98f19e8d5cc7e7ae0c3bbb07e1de3dbc6173cb477c4ce9373f916c87338c,false
XSS-4957,xss,PayloadBox/html5sec,af34ab128f831a17969949ff10ed845b4c827614cd0de5ab4234c0f99edc78fd,false
XSS-4958,xss,PayloadBox/html5sec,a545500e12440a6293852dc178b6abfcf3ea6a55882b8d66b019f48de04e9e58,false
XSS-4959,xss,PayloadBox/html5sec,d708ffc6a6003f9fa0f3bd49fbdfae4edab2f7b7189fe0316cfc9a410c6ceb9e,false
XSS-4960,xss,PayloadBox/html5sec,2894b900ce3655ffa8bf653447d24f1606baa28349a16cea30a97f82c237de09,false
XSS-4961,xss,PayloadBox/html5sec,d2837be3f1454d0b1c4f3d65d48f8884aa0dfbf7636c38f6bce3fe5056de2079,false
XSS-4962,xss,PayloadBox/html5sec,30e7b302bbb0d122032d6d5f35e7633c25a1a0b0a67afeb554a31188668f4177,false
XSS-4963,xss,PayloadBox/html5sec,844ffd25568bd61b66285a5c2c8b483c74f98e4b9e60e44450ad904d45c8751d,false
XSS-4964,xss,PayloadBox/html5sec,083aa983509fa5ce540461a81ce8508824a156c8258201f96cbd6ec04d6a814e,false
XSS-4965,xss,PayloadBox/html5sec,edbdba5d3f28b717916e1826bd341f73477c1f811542548da8f623e54c10773e,false
XSS-4966,xss,PayloadBox/html5sec,308b9f23329945aea2f458eaf437c7b3d90b86f594c39923a258d62f23df6db3,false
XSS-4967,xss,PayloadBox/html5sec,b70e3b7138a1c5cc593affb25f4d9209e4d453169ece8c1203d4269c19e3b55d,false
XSS-4968,xss,PayloadBox/html5sec,31c0e07e782b607211c7c02955762f1a9ef35b736c10322437b68fd292ff293b,false
XSS-4969,xss,PayloadBox/html5sec,31f019bbb239c23daf7bf851a7c1c3baff7a73f140ee23d1b3573e023523c98c,false
XSS-4970,xss,PayloadBox/html5sec,03ce161ffc5c2077cb9f934c4aa0d1321393276b79aa7e9eec9eecc4e15c6215,false
XSS-4971,xss,PayloadBox/html5sec,9924d8bb7af56e50567d0fa4831f67fb73e9bb792d9b23f071047536eec743f5,false
XSS-4972,xss,PayloadBox/html5sec,0961d6431e04edce199b9b875c077336ed74fe7d68367f0535c5511e96c9bb06,false
XSS-4973,xss,PayloadBox/html5sec,4cd3a26a91dede9399d12e0cfaa52b86d739f5e01b6e5c72b3ce8b4e383884fd,false
XSS-4974,xss,PayloadBox/html5sec,25a3f11fa93f4e372e5a78aee1361d93252f58dec701f3522a69e7fc31582483,false
XSS-4975,xss,PayloadBox/html5sec,d3795cde2556dac58a908133db4f54dc5089d08e8bb3c9d1f5c7a8586f23e823,false
XSS-4976,xss,PayloadBox/html5sec,970969856ac4b28c7f8e75eb063cf0ca5c9beb2dbc3c230ae48da2f9d3c41fab,false
XSS-4977,xss,PayloadBox/html5sec,545d1ff802578061f8d2b201654b5e9f02adb1b234945056faf027720332fe78,false
XSS-4978,xss,PayloadBox/html5sec,2991cf15a58162ae126d786f2bdfcd215f269439313fa1c65d34935d2054490d,false
XSS-4979,xss,PayloadBox/html5sec,5639a2406127ba6e677e8c6ea87be5e06a4e825dd90cdd2f7bedfa5fea689815,false
XSS-4980,xss,PayloadBox/html5sec,494d4552d4a8b6ffc7f8caa91694a569a95e61de3240c3b44cf5ce75e796ec40,false
XSS-4981,xss,PayloadBox/html5sec,eeb01a0804d63073bd3a6501260203a360fe607aee9339dc366f6a29967a4980,false
XSS-4982,xss,PayloadBox/html5sec,1bd7933e9e8477791270c8f7c3e94b500d4e80eef6d9a3a0a096b98a80451d28,false
XSS-4983,xss,PayloadBox/html5sec,c2cb2ced6ae0c8f59fee1d742f480ae4db95bf4410bd606629e11ccf1bfd3053,false
XSS-4984,xss,PayloadBox/html5sec,4c91e57d669a9e981eafdf8beb1447b791a492351a22db119ccad885b2cb6b2b,false
XSS-4985,xss,PayloadBox/html5sec,8f4a4f06348aa09a3c94b3b029ab4e6bf922e837e2396e2dd6b200985d31b624,false
XSS-4986,xss,PayloadBox/html5sec,616cfe4f093c059eb2c433432fc5b771ec69fd3c686867715c2b262c48a091b5,false
XSS-4987,xss,PayloadBox/html5sec,7131ecd0a7e66caf17ff0e32ef366e9a955de2b3e68d0a9e9010275aadc2d036,false
XSS-4988,xss,PayloadBox/html5sec,cb93db759bcf2f04bde36e11c7d5fa2dc6aaed576554c9be0170c3073b2fb8d1,false
XSS-4989,xss,PayloadBox/html5sec,1fef61aae01afb5951fa86c1bd0f449f6b3ffa1e49b70a3923f3a146798ed792,false
XSS-4990,xss,PayloadBox/html5sec,7968c7a26b80c8892c16f047263ee201d7afab474cbb1a46412309541a454d49,false
XSS-4991,xss,PayloadBox/html5sec,45aa5827b70268d8d2986afa0b0fb6a1aa91c8975350ace1d6678d02403a1d10,false
XSS-4992,xss,PayloadBox/html5sec,6e57a78da36117d9c376b1ab2305b34faede16db7b3d8451f7f185d5ab73e794,false
XSS-4993,xss,PayloadBox/html5sec,178a631e12aa73691ddea7a5fdd006d673f301afc8ec07a3571f527c0a935a85,false
XSS-4994,xss,PayloadBox/html5sec,a5e8e86387988e5c5bf0c5759bb34b6a33588597c20428e4b545db21a814a741,false
XSS-4995,xss,PayloadBox/html5sec,44642268ceb1eb56231c64391c1ff52e2d99015f61a7ab59a5c6d78f7afc7406,false
XSS-4996,xss,PayloadBox/html5sec,f22d51977ffd9db092f326da0071fb6edfe7581d3dbed1cb3ea53546f21f2b65,false
XSS-4997,xss,PayloadBox/html5sec,3f26d6c9828501ca1b1a609dbfed9c9d55d879f8d93def66488299820d18da28,false
XSS-4998,xss,PayloadBox/html5sec,c23b65ef11e5a68e346045c6b2b1b587cbdc2d2eef553999d162472d80f95d5f,false
XSS-4999,xss,PayloadBox/html5sec,f8a5fb06d76b6fc4fe8278e5c46dde2ef7072b30b1e78c1667e57cbb3b4596af,false
XSS-5000,xss,PayloadBox/html5sec,e64ee58ce33ceeffef4399a19861a9c85de7bf44dacd3262c9a21ad652ff8a60,false
XSS-5001,xss,PayloadBox/html5sec,bfef013bc510384c58f299a16fb4d9e1c4994a1cefbacabbcbbd7f6db03b55ee,false
XSS-5002,xss,PayloadBox/html5sec,0aef31e9be19fcf7b205eb325a1714f0b54739a6ea4c40518a16c9d30004f8e0,false
XSS-5003,xss,PayloadBox/html5sec,15a39d45d90bcf4b3ba3cd34f4afab812ce62ad9834b5b50e25070032bcc5e8f,false
XSS-5004,xss,PayloadBox/html5sec,66bb2bb7f4991fc3241e4ea83339cb06a63793e11cc22bfbbe295e4e7ec08a90,false
XSS-5005,xss,PayloadBox/html5sec,43ca74e1fc13ad03832979674e5ce7a25cba5bd1ef41e89c1115fa288da135b9,false
XSS-5006,xss,PayloadBox/html5sec,7f9ffd152d3ddd7b67e0860a8bd1f8604e103ad565417a21428301f8f04db552,false
XSS-5007,xss,PayloadBox/html5sec,1cc4771d5d53cf025d88bc51d0fc447e03a6f468b6ad9648dab6ec9f5cfd1ade,false
XSS-5008,xss,PayloadBox/html5sec,7068437b982dbbd8a014075fa978d3b88edfca2c68385397422f15a0cef11ec9,false
XSS-5009,xss,PayloadBox/html5sec,c30ccfb6174532b696603b09231c4fd886b5968a26502614d8e12b9c5c31a4dc,false
XSS-5010,xss,PayloadBox/html5sec,161440096b75ce76a009f1cba9b007d6a10f4f41ca58a1a9fb105fb7c4089e8e,false
XSS-5011,xss,PayloadBox/html5sec,d68b450d6433bb63819c9c934990bf4ffcc4b875413a210b90fcd101e508ff04,false
XSS-5012,xss,PayloadBox/html5sec,1b85beff6ef6b5cbf85881e9efeeef2371c4e6b44e9dda5f43ddb0c678ec9cb0,false
XSS-5013,xss,PayloadBox/html5sec,2edfbf12232ca264990d0f400ae6881b9f9ffd96c434c4813f06671a4e21209f,false
XSS-5014,xss,PayloadBox/html5sec,06af791f704ddd712ce0ccb4277fc70c8c332bec51d9145a17538083ec7eb85a,false
XSS-5015,xss,PayloadBox/html5sec,d1771cde99c4b57e5630cd57bcd10a8bb7acda4fc668916b00c1e2e35e3ae56c,false
XSS-5016,xss,PayloadBox/html5sec,86a54024543631d5d15c9ed9759f90a8f5ad07e76e231a6e3c2ecf8b6c6246f6,false
XSS-5017,xss,PayloadBox/html5sec,51f006e6f1e1ccf00deb96e8d9314b4e7aaa5b772b585d92c77328f7706c0dad,false
XSS-5018,xss,PayloadBox/html5sec,e748cf3ea103ac0657b02ea3c528982f95dbf21f9a302bff07eb1622e5ceb407,false
XSS-5019,xss,PayloadBox/html5sec,bc11e5b30262ded0454caa4ee743a88f2db57cff68e3e55378a6fa4b1c759f73,false
XSS-5020,xss,PayloadBox/html5sec,5548a6e5b58f250ed0a4a56ab2f1c68e08c63580fc434d777b6dd8b3ea2ce6f1,false
XSS-5021,xss,PayloadBox/html5sec,3a835052b3a36552ca6b66840c9d23164246b2c42c762d842878b7daa78f6caa,false
XSS-5022,xss,PayloadBox/html5sec,f4656d4b4dca89b647a40caceda1285f592e75e120657ab556f8d9f41db2b6f2,false
XSS-5023,xss,PayloadBox/html5sec,b95614fe23fabd7e8043d9660b5cf324bed30bf862de769f97874e95c3a0e579,false
XSS-5024,xss,PayloadBox/html5sec,b493436e73daaa31d19390296fcac78a2d9001f9fb10dd8fa118c1af2989d424,false
XSS-5025,xss,PayloadBox/html5sec,9b99bcb9e2f6963d795362fb8cb7b66039c503c93241ac232c8cb2ebc6e98650,false
XSS-5026,xss,PayloadBox/html5sec,55611f23a4b93f3184cc1cf1c671c7dcf1803d114ae1f0eecdd9c1de8d7fb4b4,false
XSS-5027,xss,PayloadBox/html5sec,d8a7fc124512b00dc2bb2a54027ee9fcf38b870155fc179bd3538edf10757deb,false
XSS-5028,xss,PayloadBox/html5sec,e1ca6738028b2142a5bd834fe1197f3fcbb7bd817b78ea7f1b6337a153010b79,false
XSS-5029,xss,PayloadBox/html5sec,39519784622427fd9b5138dd805e0a601801b40b4db6e77c6e41ac0fef512e6a,false
XSS-5030,xss,PayloadBox/html5sec,b23d829b09f35fb8c8bbe6f83c2477de0b1771291eb8ff2af8e67ebc2e54d00e,false
XSS-5031,xss,PayloadBox/html5sec,cd6944abaa42473a5464161f64f577c730be273d7ffbf4b43cb9ae61d46d5760,false
XSS-5032,xss,PayloadBox/html5sec,397d102799370affde020d9cbbaf05793ac9ca91c99760c115b4b6d9fc6c45b2,false
XSS-5033,xss,PayloadBox/html5sec,46e8cef05598e00c232fe218e11ee38a9179a5b3007805348239494ddcf62d6a,false
XSS-5034,xss,PayloadBox/html5sec,6bb174b8f71b53210e006a5f8707f783a44bf512af5a51ea4e9e3a6777375a58,false
XSS-5035,xss,PayloadBox/html5sec,c1f68e390aac4375b76838587bcc33d7160459f4a32583fe6d44161289e9273b,false
XSS-5036,xss,PayloadBox/html5sec,d308edb4d77b0bf123a40617343c9265ce091ed1714d8b622ecaddc1690271dc,false
XSS-5037,xss,PayloadBox/html5sec,20198599ee887ee02f61a44e1beeeddb107b18a001b73033ce90c1ee22876274,false
XSS-5038,xss,PayloadBox/html5sec,0b76f8d4deb2439689536b57d963e17c6af4b9afb8590d4dfa633bb281a69cd2,false
XSS-5039,xss,PayloadBox/html5sec,2de229b6c98a09f9407002adf1d6dd7e0a08f10c5275d92a1d080139c3239c7c,false
XSS-5040,xss,PayloadBox/html5sec,6b34b20b8acf2e63b6bfe941a7749475e543b409c046ddcd6e75023f6d620072,false
XSS-5041,xss,PayloadBox/html5sec,4643d5d91f52213a10ff16a239b94f3e756e3831005606a8499faa18556a6bf8,false
XSS-5042,xss,PayloadBox/html5sec,4763fd5ab48779451fd7be06cb713ae7b48a899ccf70f30e3f9a4c32920132c6,false
XSS-5043,xss,PayloadBox/html5sec,7f579eb0d1d282ee20f5c4a5b7b2671387e013d9022c2ce8cc885fe9ec86daae,false
XSS-5044,xss,PayloadBox/html5sec,bbc8eb837486d3a45e4abc46658d7db432ad7f52655c44c50e82814bc14f4156,false
XSS-5045,xss,PayloadBox/html5sec,95cd437a39a5c018ee1dbf1a9df52ba734c9103ca9f0f591785e883bf53788f2,false
XSS-5046,xss,PayloadBox/html5sec,2f06db17678942dad2f028be848456d600b58ce67b7107d3762d8193b90f3d87,false
XSS-5047,xss,PayloadBox/html5sec,8c74a76c8850bea0031f9c48a590f9cd59ca85b2ef652f10e1c89bbafa955904,false
XSS-5048,xss,PayloadBox/html5sec,d5127d952c0b042efbeedd8995b0dd2e1ec4dbcb2e66cf3208222fb0436c446b,false
XSS-5049,xss,PayloadBox/html5sec,8ce8cf46c043e65751eda9294c136c6c914fe7e5a4f85ad04854a9125a434a70,false
XSS-5050,xss,PayloadBox/html5sec,461ca654859579d4a2aea249e70d35f9c223d24fe02918ef439d8971348cb092,false
XSS-5051,xss,PayloadBox/html5sec,38eec4145f5e8df15768b03015b80f3b619be3677ee9fe1cad4e29e6ffaa096c,false
XSS-5052,xss,PayloadBox/html5sec,f2f88774398584902d0a6d62284c11c6f2fc3646e384d543172ef176e316726e,false
XSS-5053,xss,PayloadBox/html5sec,d5884c29f65980e4b92a5195aed7fa729325ccfedaa68e771e5c1d370f78823d,false
XSS-5054,xss,PayloadBox/html5sec,98baf66d4ef49412c54c5fff0da5f1ceb3e42e913192cf4bac56a38d0a572950,false
XSS-5055,xss,PayloadBox/html5sec,135e9f68b9ee3bbccaf4436c14ba9e35ed9235673938e63bd174bc9932fd807f,false
XSS-5056,xss,PayloadBox/html5sec,2cda138ef566d2a2a659e904daef7ba73f2f8ddb1286cee207f5d34294b81379,false
XSS-5057,xss,PayloadBox/html5sec,17d08795ec70dbbd2712d1d3eaa82cd509576eae5a675b5ad3cd44a6cb07e5fc,false
XSS-5058,xss,PayloadBox/html5sec,31c8caf0ae842ded88e362c00262eab77ea068077d62ea8e72778c2ca9703b32,false
XSS-5059,xss,PayloadBox/html5sec,c6a80c736439afcacdfdbd41966c80e0038f6200a5d27521a5b8162b41e06cc0,false
XSS-5060,xss,PayloadBox/html5sec,38c3438b5f58ffbabda890ecccc80b3aa2d64cd3659ff54640e8fc717a30bef0,false
XSS-5061,xss,PayloadBox/html5sec,d80a0d9f2196076f20d64d7ca4f80b2830441e5397ecade74b7ee48d8c872600,false
XSS-5062,xss,PayloadBox/html5sec,ee0939fd51a14f85b5d49646b8f95b24ad2e1729d940c7062182b02cccbd9537,false
XSS-5063,xss,PayloadBox/html5sec,609dcac89d453ed81869ce6fca73b5e3b636a1cfd521804ae35ef6b08e8b6776,false
XSS-5064,xss,PayloadBox/html5sec,e5df17cdd880811dda0e7fac0de5035bd9ec861e839668daa12db64b490ed43b,false
XSS-5065,xss,PayloadBox/html5sec,9e5cff9bdab27c9d30e8f1ce845e5dcf5fc5b5d52db3c0ce08b5917584723f03,false
XSS-5066,xss,PayloadBox/html5sec,2339e3c1f4aeffa5001fa15770a0966f91e28621dffdde11ad407493f282aae4,false
XSS-5067,xss,PayloadBox/html5sec,e05f7190e9d3e8d7440cc3da64d4cb340f53d295e573d71f3e7f42e7db0cb70e,false
XSS-5068,xss,PayloadBox/html5sec,b50864f7ee5daae463cfc17c80431be0974fbb536d28c513e414b3031f5c53d9,false
XSS-5069,xss,PayloadBox/html5sec,10be726dbf97be22a17e320ea258b95a02d50e9ca8a7af8794eb117518b3e5e8,false
XSS-5070,xss,PayloadBox/html5sec,aebb140cfc956349ee33031088e460d3707eaa245c97119fa9abb0aa016350a3,false
XSS-5071,xss,PayloadBox/html5sec,db5f7532fb64c26e8e6df0616ae65001cb3e7a85cfb147dfbf23eb3f3c6c95ea,false
XSS-5072,xss,PayloadBox/html5sec,48d2acfde89b115e635bae427ff5040ab9e06c9c354ace6d12953c57f908b575,false
XSS-5073,xss,PayloadBox/html5sec,24eaf912718c496404789befc62e027b0f5d853e64008be0fd4c3be36dd9753b,false
XSS-5074,xss,PayloadBox/html5sec,c2d1da72c4768dd17e0f428894dc48730e79913b7061f51e82098b7c3329c306,false
XSS-5075,xss,PayloadBox/html5sec,8367371a2abc7d3fb30f919eb93fdb860e90397b8f3a433f1eb38cb914e87e34,false
XSS-5076,xss,PayloadBox/html5sec,9d9144c580275dc920aa8768373f412a0b945f9c643f06c5a9f7d3ecf2cb90c7,false
XSS-5077,xss,PayloadBox/html5sec,710e47536bb49d6bf861b7c3b476469fb9b97ff78fc64aea906675b3e607b159,false
XSS-5078,xss,PayloadBox/html5sec,0d818159b847dc028eedf5f44ce94e1561bc3a5d409f9fc27f984ad646c38b75,false
XSS-5079,xss,PayloadBox/html5sec,2e26236fecd3dba45f1b8d21b1d663ca98e34c5a701870b2c9e9833da55863c4,false
XSS-5080,xss,PayloadBox/html5sec,5acaf69d335548748ced50010bc04bef1fed744c5e7d1b462b32522046bdec20,false
XSS-5081,xss,PayloadBox/html5sec,f64152888d86577720c88e0403cd20f4405dde0981e7b45cac8a3e7f38045644,false
XSS-5082,xss,PayloadBox/html5sec,92b0f9c20dee4901341357e5b7e348cf9d00fab09005b965b8110275daf3c83d,false
XSS-5083,xss,PayloadBox/html5sec,e08aa86897687f9301bcca6942ce5bb255a323d2826ed0dfbb255b3d925d8049,false
XSS-5084,xss,PayloadBox/html5sec,eed58b95b4967e617bc20190d92442e50c813a3a827587748bc891ddaeab72e9,false
XSS-5085,xss,PayloadBox/html5sec,9b6fb573865e6971c463cc5e9da3a51e6c88764b3625ba3d70f9431bc01c0330,false
XSS-5086,xss,PayloadBox/html5sec,a04bb3d02004ebb242e081668782beb5d9a20a426037bf87bf0762f6d3e27ffd,false
XSS-5087,xss,PayloadBox/html5sec,6fe17b4c2d6603a6adb1b45061822085002a29a72c01dd74eceb3c5a1e836957,false
XSS-5088,xss,PayloadBox/html5sec,9747a84718200a022fc7839b1e1dccb8f9dbf0b49131595d43ef91b0feee3fc7,false
XSS-5089,xss,PayloadBox/html5sec,aa7cb9a082bb27a4d9e41f7f859e2c11a58557f88012561573ee56e4ed2398ad,false
XSS-5090,xss,PayloadBox/html5sec,31338d5a905b1465417aa76a314c2c3a16f71837f93543c27da91fc46eae28f5,false
XSS-5091,xss,PayloadBox/html5sec,07a5c119f02a03b1282cff6e4e92f2f78ae4fb734b7c9e1bc2b9c3a20c5ec8ef,false
XSS-5092,xss,PayloadBox/html5sec,595284cba62420f5d60ca13361dc7dbc8f3b05d832066df6c7b2319d9d13d97e,false
XSS-5093,xss,PayloadBox/html5sec,57edf52653baf8cdfb6cbd9271e0efca94378a58660528398baa5e9a1f02f54c,false
XSS-5094,xss,PayloadBox/html5sec,0e688c4bfff6d475daa5d72b8df91347e73ed4c33f571003e533d81bd665267a,false
XSS-5095,xss,PayloadBox/html5sec,52a91858526f85e39c7faa60fe5a6ac3c614bf0b5653bf355cdb4dc113269482,false
XSS-5096,xss,PayloadBox/html5sec,323925c09dac8ff5f244f044c95b21216900ddbcfd2c8cf76816f8d1f2b6deeb,false
XSS-5097,xss,PayloadBox/html5sec,11c1fd16b0f69f3bd197d0884f89219d18ab2826f73c003306f6ae3fd0d0d07c,false
XSS-5098,xss,PayloadBox/html5sec,a13d0f49579152951c482b87bf91982986764012f755cbd33848d504129ab794,false
XSS-5099,xss,PayloadBox/html5sec,6b86a3076223eec927dfdc53e1750aff0227f784584b20ba9b3e3c699db7806a,false
XSS-5100,xss,PayloadBox/html5sec,0583334dd5215405598c7e7fdbabeef562156986b41fb3ee4e10304028263423,false
XSS-5101,xss,PayloadBox/html5sec,8e2a2181f9274a816e21f3c4cab6e0901e192fb20209991fb068a1adaaf5c3ad,false
XSS-5102,xss,PayloadBox/html5sec,42cbc17f5e5f02770d161eafa53b41331aee5eb310359c5116c1b07e8756f885,false
XSS-5103,xss,PayloadBox/html5sec,5ad2b48326a27d75a787bc45607f0badb4d9a0af5569ef05756b770f7f3b0f10,false
XSS-5104,xss,PayloadBox/html5sec,86e52b864830d01d11c1144baa24e7582d2688fce1baca236ae27a51bc010eb6,false
XSS-5105,xss,PayloadBox/html5sec,64fedeb48d5678676ab5d99889e5b54477175af5326108e1de57125c12f05e44,false
XSS-5106,xss,PayloadBox/html5sec,0c411bc9d12df5e21cd9c4b94c41579756aa6d973ebe26f217cf301e61844d85,false
XSS-5107,xss,PayloadBox/html5sec,630c4f72ed99c96f01a51731ba1363feb2cbaf99a493c23bf73e8d478a4170b9,false
XSS-5108,xss,PayloadBox/html5sec,82e83ef0f612c8650e2cfba107104e3bb3fe2e134f168e0f835dd7969c5a0756,false
XSS-5109,xss,PayloadBox/html5sec,108dc313894ee411ea6620dbffcaacbb1575f454b406fed1eada55b860faf5bc,false
XSS-5110,xss,PayloadBox/html5sec,c9468a031aaa503288535716feb73580c449e30e31a647e66be17e5e483e63cf,false
XSS-5111,xss,PayloadBox/html5sec,5e7bc96062fa40d8f90df9dfa7ccd9d7ccb2abd9e0195339743e9bb726d12748,false
XSS-5112,xss,PayloadBox/html5sec,bde4d4d7c6afcb3b2cdd155149480fbbdbbf12c7deb78e507fd0a39cccc10427,false
XSS-5113,xss,PayloadBox/html5sec,d01be54c4a0315e5aa646dc423922ab91f9d73b501a460d6f0ece88186eb3bf6,false
XSS-5114,xss,PayloadBox/html5sec,3eb4a6ca16485b6e0930c6e5703cea033f51ad0d784d4316b712ab6e3635ba71,false
XSS-5115,xss,PayloadBox/html5sec,97ab1b74ade9aa52bfa3aa8e898cc1588d90d2347e52d8d1db04c17e684c126b,false
XSS-5116,xss,PayloadBox/html5sec,a59681c75b7d19b44f18fbbbe0bc36ac621e6b53fa66112aea15f1fa8654b17b,false
XSS-5117,xss,PayloadBox/html5sec,6df709a20d8ed865cb6ee62fa4cc70536a9a3b711f43c3015ee3a3e9f704a4e8,false
XSS-5118,xss,PayloadBox/html5sec,de47746fa5363df5f6392362dea7cb048a9b3f189f9eba54e075ea6aee868fee,false
XSS-5119,xss,PayloadBox/html5sec,d419d3e0d1c4810e8468557c61afe4c814ae7fe7dd2be9d1d12651559e344193,false
XSS-5120,xss,PayloadBox/html5sec,cdf2680655d698ce37db839cdfcb3008497e83363b8562f452b8063f4f975c7e,false
XSS-5121,xss,PayloadBox/html5sec,6b2d50195f2bb029fe2a7bb182f8b4c8855aba90a64952d2a68226ba688da3a7,false
XSS-5122,xss,PayloadBox/html5sec,c8a286c4629565a5afdc4a76dc464cbed0932c7cc1053ef59155efababa33806,false
XSS-5123,xss,PayloadBox/html5sec,5e444c84b95e4304ef5ddfe9810df23609270b1c6457b3db26965392622a2b9f,false
XSS-5124,xss,PayloadBox/html5sec,c9fad08aa4468740f7fde4beb015161374f66e68a9174f43c7fc86b6c1fe982c,false
XSS-5125,xss,PayloadBox/html5sec,6cb7f3d3ced64f698ce4b3cd9e843298475205fb22b3d8cca377bca4fe2b0e8a,false
XSS-5126,xss,PayloadBox/html5sec,0b6b7a11b772ff9559206a69275533364ef9b38c039148dab16b26b395c08a16,false
XSS-5127,xss,PayloadBox/html5sec,dc1b7906d9c0338b4892d25dcc84face67f7eb1c7b0a77bfdeb0cd79532aff95,false
XSS-5128,xss,PayloadBox/html5sec,56477d14ddd1b52938834403409c51ab24ef1b4004198033f4864865321a7246,false
XSS-5129,xss,PayloadBox/html5sec,f38c231f04123d6419bd3d151ddc26f97400ba3aed08f52a64a96a93f070bdc3,false
XSS-5130,xss,PayloadBox/html5sec,c8a7aafc703ba9929b79d47b523061c4da861a8ffc599801b1939c151bac3757,false
XSS-5131,xss,PayloadBox/html5sec,af4f92bdce3598a39227f131496ab13799adaa04d75f5c1960810feaf795fc12,false
XSS-5132,xss,PayloadBox/html5sec,a7438c21d100812858969a88d8678e09b1f48c281c71c48589251121a5053bd6,false
XSS-5133,xss,PayloadBox/html5sec,e08fb9c93be4356d7c0b57d002fdf254700b7aa6bf2154f6c39daae27fa7fb29,false
XSS-5134,xss,PayloadBox/html5sec,1f83c65195a05f50560ff59bd1f6c855a6e4a871f53807d61cdb90505d2227c6,false
XSS-5135,xss,PayloadBox/html5sec,49a81a8dd0e13f4ce55231193f9b506676a493b98f56d1887370795e0488666e,false
XSS-5136,xss,PayloadBox/html5sec,64b4d06b8edc61fae39c4942001e32387253d84cb22a5a6d7b2bcdd76e4568d2,false
XSS-5137,xss,PayloadBox/html5sec,dcbd6a97cd85257323fdc1c43dec9470d8bd38a93f7cb431c762eabb34373be5,false
XSS-5138,xss,PayloadBox/html5sec,fe7a4aa6845f81b0d2d817506ccb150b4fa6b0951b58fad430a4281e74ed3922,false
XSS-5139,xss,PayloadBox/html5sec,8e37cef4efc45c732f3f7350f60d10d19af1aeb2763fd6e7cea262ee4fad8d33,false
XSS-5140,xss,PayloadBox/html5sec,8c21bc64f47c4404edf1223d07b2bc0667c842be3fb4f0d10f5418279b637f5f,false
XSS-5141,xss,PayloadBox/html5sec,e85965b7f333f69bdcab94316bd2ff0d68ecc5d93c05ce19f8cf4272df698916,false
XSS-5142,xss,PayloadBox/html5sec,687502f3d595f0ae3ef0801997286f69e6f156d9a484d0c1a7b59c328dfdafc1,false
XSS-5143,xss,PayloadBox/html5sec,a29baae2048c9c4036534b7683098870c21c516e5a0f63960058754d1b909bfb,false
XSS-5144,xss,PayloadBox/html5sec,d04c81ab8c109cd96f01d1db133a1310d97ae290c8c0eb44e36b55517444e76e,false
XSS-5145,xss,PayloadBox/html5sec,b2a56518dd9a5867448dac958e74323d31efa77d01aabba872d22e394a3d2d3c,false
XSS-5146,xss,PayloadBox/html5sec,c123df859aff1bc6a63a700297e3129a77e76315aea9836050bb7f1bd0aff0dc,false
XSS-5147,xss,PayloadBox/html5sec,fa397726cdda9bccce48254bc59174722b7d1b0ea1bbf6a6557da1eeb15a7a9f,false
XSS-5148,xss,PayloadBox/html5sec,1ede22f9989a291edc42a0441ac5c902de196208b9edd751f1b531c49674a2e6,false
XSS-5149,xss,PayloadBox/html5sec,fd6814bb16cf9f1c03e54fcd7cd143d10000ef84391bb17ca0d654b5928c933d,false
XSS-5150,xss,PayloadBox/html5sec,76eeafd9f617a1713f07a199b416fd471e89f41eefab5f2806f7b5061bdc866d,false
XSS-5151,xss,PayloadBox/html5sec,6cbc7402efc3de55e93e4de5240f420f9815293c97f004bd3709215e5a320d62,false
XSS-5152,xss,PayloadBox/html5sec,03968c025365673a3c9d560e31d2849919e135282e61843039869fe67d3c9aa2,false
XSS-5153,xss,PayloadBox/html5sec,cff012010ed8fbf4d22a576559e615d4b5e079764e3b0de258cd38161dfd18e4,false
XSS-5154,xss,PayloadBox/html5sec,4017c7ecb23b5fb7fda09e16f64100ac0d7e04ffc04f367a199c72b826484d06,false
XSS-5155,xss,PayloadBox/html5sec,f437085dd9cede67f6210ecd26c9fb61794f8b7160463edc6233210f394b6110,false
XSS-5156,xss,PayloadBox/html5sec,bd56617b783d5ac513a607a28c7aa71fd93b9bfd96003df47381335f37554cf0,false
XSS-5157,xss,PayloadBox/html5sec,d7a131f4a3a154c350ad30d6ca27f1d6edb821761e5e5f030fe36dbdd212d806,false
XSS-5158,xss,PayloadBox/html5sec,a537e519bba9bdfd1951876ae0b03ee465a664f8a4c57ee94fe5369e4c056a47,false
XSS-5159,xss,PayloadBox/html5sec,a295c4f89058971d9a220ff01a7c052c2ea7137b843834cae3dc54afd7788b8a,false
XSS-5160,xss,PayloadBox/html5sec,aedeab377578d7acfd1c0751b1e1ae2aa9809bcee8e5d322ca4ea429313593e6,false
XSS-5161,xss,PayloadBox/html5sec,481bc07d916e61e560791636f1bb3249219f33dfdfd158dbbe26df451d03d27b,false
XSS-5162,xss,PayloadBox/html5sec,70a6cf21c0e32ea6ca3b6daf9fe2e4285117d985388f47720cfa30cd9cf65190,false
XSS-5163,xss,PayloadBox/html5sec,ab1940dde265f443aca9a175618bfb31539a4b33834f52d52886fa709e934d3c,false
XSS-5164,xss,PayloadBox/html5sec,018a3507659b083eb55d742907133184051fd8382f7bfee2a55821eb77e04b42,false
XSS-5165,xss,PayloadBox/html5sec,b41b512379103aa9d60f35db53b6d9253d6841980ed8f2ef59f7011c84a59cdb,false
XSS-5166,xss,PayloadBox/html5sec,e15960311fd014745a9e463f8e1eaa5fd77912fe53d800a07086ac6c5672bd78,false
XSS-5167,xss,PayloadBox/html5sec,12106e3f7cb7de02026d1136c7b17d7dec72aca7035d5bb9acb01623bdf98ed7,false
XSS-5168,xss,PayloadBox/html5sec,51ccf780bdc6c3d64245a69f15c0309a3ba45f971189dffd9ce419facd39b27b,false
XSS-5169,xss,PayloadBox/html5sec,90f3e4f2b7f00c3b4f778d4f6475216ab55273be3bcb89429adbf8d2ef75082a,false
XSS-5170,xss,PayloadBox/html5sec,4cd063f18457811f928c548702a149c05ab57700000a876a1e6226bbe7868be3,false
XSS-5171,xss,PayloadBox/html5sec,a5d988e7b2e0aa3e27d56bf21d8f5de5f61fc0c2e2ef422716c8955d8b30887e,false
XSS-5172,xss,PayloadBox/html5sec,012494712da9cf6c555f673edd1b7f086dbb56ad405e6ab6a8917ec8dadf6634,false
XSS-5173,xss,PayloadBox/html5sec,2db286b463cb0407dbba3fa53ec9fbbb056df1054b68141ea9587d8c2dfe139f,false
XSS-5174,xss,PayloadBox/html5sec,0d4359a638455ee1acc1101df90f7604d82401c00e044408e1f97457eb44b6b3,false
XSS-5175,xss,PayloadBox/html5sec,03f38e7a1acc69f34d822caff0b84df0027e2c05210f265ef5399d85868f60fc,false
XSS-5176,xss,PayloadBox/html5sec,c0add34721a753a2ae422a16f8c25cb10cfbc461b30fe1243bc505fc682bdb08,false
XSS-5177,xss,PayloadBox/html5sec,9488750b506656f1043872eab0e70862824ce89fc1cb8ca71639f697112bfcb6,false
XSS-5178,xss,PayloadBox/html5sec,96ed0e4a98a8f423ff91fe83c4d8a09589658fa76bb5e0433531f457ef622353,false
XSS-5179,xss,PayloadBox/html5sec,c75cbeeb6d059005f85d149fd5ab936b01681f27bd9e1a045de59cfce5b8c8a2,false
XSS-5180,xss,PayloadBox/html5sec,3aac6346f5158b82271c9b06efaae23978f52cbab203391381d47b28b1f52f06,false
XSS-5181,xss,PayloadBox/html5sec,9f1941d6ddf12e4e4c70659cbef8c4398feb813963be7d3b397931737461eb42,false
XSS-5182,xss,PayloadBox/html5sec,9953d1998dcc735e1035235c0633a23976276a4e1377e822a2cc71a5d1737878,false
XSS-5183,xss,PayloadBox/html5sec,3c5dd00e2a73a7abb2d9b89b615a005f3c612ba07619d11299e33b92ac666943,false
XSS-5184,xss,PayloadBox/html5sec,5f1f76852a2ab1d76eb0d004d4929ddbac810779c0899659a1d80080429f27e6,false
XSS-5185,xss,PayloadBox/html5sec,24f60473a6038e1887535618c2d37b014bba70fe8502256a42dcc52bff39eda6,false
XSS-5186,xss,PayloadBox/html5sec,6f44787ff53b30337854062c60ce39aad5c0b7871a240585cb27cd4f34e3bdd6,false
XSS-5187,xss,PayloadBox/html5sec,effb58cc8d4d01d725159188e6ac7ecfc68f31edb0815cd8e0d0d30c570dd535,false
XSS-5188,xss,PayloadBox/html5sec,a4c5ea2cf55b775e518d28c71c890cbda52b9f6c30406188fd0ba65a5e4bc568,false
XSS-5189,xss,PayloadBox/html5sec,cbdda5d153084dc1dfa249c849847dc8ce03cba28beebfad971897bbf8e8d879,false
XSS-5190,xss,PayloadBox/html5sec,e031250ebcc0e22449f2588b746a9f19621918c466fb420a3b6d3d9dc51325fc,false
XSS-5191,xss,PayloadBox/html5sec,21e20e140aeb6fe3ddc3db4eb3eb943643d26be2d3ee1378e3d1cc6c6c2875d1,false
XSS-5192,xss,PayloadBox/html5sec,9ccfe60117629c97110e0b45ea3715024a20a5f9b62ad4adaa36dcaad1de6952,false
XSS-5193,xss,PayloadBox/html5sec,eddcbb5990b3103c451d6a16f078025c886fac521edc1abaa14134b7544b32b5,false
XSS-5194,xss,PayloadBox/html5sec,919a19d373e62832747dd2fe678879f3a31384df2a83287fda7e4a7f774cbc5d,false
XSS-5195,xss,PayloadBox/html5sec,26d36135374ea06a8fe10b95b7c104e84517dc95a8a0101b7cbd1db83038e68e,false
XSS-5196,xss,PayloadBox/html5sec,79fb6d4b33d25a9cef33f08d74e43ee0ce62a9a3e57fb41b30b8f87460cdf99b,false
XSS-5197,xss,PayloadBox/html5sec,04d62bc9dac76136f016e470b8999f4be502449bbb8b0a3d43d6b8cc11619c2a,false
XSS-5198,xss,PayloadBox/html5sec,0d9fcbab2f3fed8013c5e7594120bafd27c15b0a46a082422d680d49553adfa3,false
XSS-5199,xss,PayloadBox/html5sec,2276f64094256b23ca0d149d1e57a1a709b377bf517052dae4499267d263826b,false
XSS-5200,xss,PayloadBox/html5sec,fc12a3e6a944acbde74bb2fcbed17f53073b5bf8341c7195e46e82e7fcc798d5,false
XSS-5201,xss,PayloadBox/html5sec,ceb06a67b76c7572c354d7870218db38b40695196d361f6864538f401a1de967,false
XSS-5202,xss,PayloadBox/html5sec,d9bbf7825fb79740e23b4aa96b706c0521254f66c659ce03a8f971d3060dc5b7,false
XSS-5203,xss,PayloadBox/html5sec,93e7840c9845f6c08da0b7683ba7c0c380dc7f407d0e0d30377d348a0597d57a,false
XSS-5204,xss,PayloadBox/html5sec,1072ce28a4c9834fe84c71a877e8739aba6cc775b75f1c7584734e5274746e3a,false
XSS-5205,xss,PayloadBox/html5sec,18c417f0806bdd5cfb87f60478ee50248173729ceb5471cada3bc489e1d4151b,false
XSS-5206,xss,PayloadBox/html5sec,60279d1f16592b6b9ff6a17c7228fecfd40c2ff4adb33911ed58000ac162fd73,false
XSS-5207,xss,PayloadBox/html5sec,46c0d4276b109201bc32dacded56f18766d8ca06462f93faae1d59efa51728a3,false
XSS-5208,xss,PayloadBox/html5sec,774f7b88f2efdd0c6caae19e1696e0dceaecfb62950507e0e362aac8b83d3d73,false
XSS-5209,xss,PayloadBox/html5sec,59d669f67f3f5c144e77f5757aca5786bdc8e072c6a3dac8856ae3945ea7aede,false
XSS-5210,xss,PayloadBox/html5sec,675f68721870f67b7e3db8276406d536e60af0239d39d34bdb446a1e7c32d6b0,false
XSS-5211,xss,PayloadBox/html5sec,56083d0927a0d6422ec83aa9f846ece57963c1685da5d6668fb7cab1b742c06b,false
XSS-5212,xss,PayloadBox/html5sec,bf569b51e353d0bbb48d4fff0442b8e6ee7ceaab43837521499b07a04b736967,false
XSS-5213,xss,PayloadBox/html5sec,158b1e750ef85421ed6bc08ac9099592eb74adbbe00962841cda23ef8660d16c,false
XSS-5214,xss,PayloadBox/html5sec,3e8fe94447966f3f2f0a42d2e139fe4ad758ebbe2d06b46afd8df649a649e1b1,false
XSS-5215,xss,PayloadBox/html5sec,2ae9c9fdf6916c26f139d2b84394c43c27e61a9193412bcb23692bf67bebf6ac,false
XSS-5216,xss,PayloadBox/html5sec,3c6736ec7c9dc121be8a85d1ebb9341c629673f0b5d0bbcd3c514bfc1196b765,false
XSS-5217,xss,PayloadBox/html5sec,318370ee13dd3c6547b77792f7c3fdbfa54a8e48c64398013b6b128aa7e6fea6,false
XSS-5218,xss,PayloadBox/html5sec,70ded9350f60d6fd20b43439ae230d05072ed88fdf2a0e72e58ce178da2eecc6,false
XSS-5219,xss,PayloadBox/html5sec,253cbf16309ad0371310c0110dae6d1a64c4b73c46a0367fb1f7e9981999b6b3,false
XSS-5220,xss,PayloadBox/html5sec,df5826213b0f20d990235ae6599f64f9bce68e3cc631c9994d890d63802ae5ec,false
XSS-5221,xss,PayloadBox/html5sec,8a5b3e7c1c515b83f81f5e131a843bef1a01c8d68aa461de3e95fb4706365bd2,false
XSS-5222,xss,PayloadBox/html5sec,ea4ed33269eec2c17c8b2056b2b0cd01958288a44c90054e390585899fdf4d01,false
XSS-5223,xss,PayloadBox/html5sec,471066e6383cd7392e125d804592e1ee3cfc4a489df8d3b3a0910d85e8af50b1,false
XSS-5224,xss,PayloadBox/html5sec,59911b06d20a6ad62e4f52dd6af714d6bd6c983bd82398ee3b2e2d910133a7e2,false
XSS-5225,xss,PayloadBox/html5sec,a387182cc46af96c066a809fa07f3eb3d33611961a9b51d29c23d0c9f80b0ad1,false
XSS-5226,xss,PayloadBox/html5sec,a5c78f2d69b13327fb5cf627b77a0e348159cccf1aebeae773fba41c2b5f5a0d,false
XSS-5227,xss,PayloadBox/html5sec,5f4ea509533f3f41529671dea834df9fc789b23d8fdf8799df802278b22b516f,false
XSS-5228,xss,PayloadBox/html5sec,7c77a88ebbf35d9833baa7f6cf06cabc75bf82dbd3cddc83bb5545490dcc64d4,false
XSS-5229,xss,PayloadBox/html5sec,43fd43594a4af8ad0ef56ee496bb9f9d30c579f943c0cd815bf1ce695aaa56c5,false
XSS-5230,xss,PayloadBox/html5sec,000397795c29389dd699182060e8641afb06979587748ef70a1ab49b80bc2232,false
XSS-5231,xss,PayloadBox/html5sec,d7f517967a4582d3f6c7b6f7429cbcabd4e4f42691f5f597b6f9d15521538413,false
XSS-5232,xss,PayloadBox/html5sec,88d41483a8650372a627df26a7d6b72fa54541017e7542f51aa8fcda3342b168,false
XSS-5233,xss,PayloadBox/html5sec,d002a5d5dc5e6bb65ed3b5392caaf97a9c037efc3089137c286f0fd524296384,false
XSS-5234,xss,PayloadBox/html5sec,cf6f7cee608ed8ced5202f22886000f09cc17bcd7f8e7d5561023a496ad4f799,false
XSS-5235,xss,PayloadBox/html5sec,042163b31acf1b48b7dd05b73d8cabb5e4da694bb0f844946d51af357e2ab977,false
XSS-5236,xss,PayloadBox/html5sec,93499baa41888af9f03d09a4a2334a03464795824d414f75aff4de8760994276,false
XSS-5237,xss,PayloadBox/html5sec,a14ee9e6269b2762580192b64091a48fca54270c11884b3825c9d6141de0ecd1,false
XSS-5238,xss,PayloadBox/html5sec,da52650c49f8bbfee38b5d4e5a0fd5462241cb41e0e57b823074a7c68c69733c,false
XSS-5239,xss,PayloadBox/html5sec,62769859cb19debd8dd779fd5bdc07b10b4752c3fe53fca526c8e92c34b3ba2d,false
XSS-5240,xss,PayloadBox/html5sec,618a49ff9d619764186d062109bf9666e90936aa97590cffe8905c50a8466d1c,false
XSS-5241,xss,PayloadBox/html5sec,077448700a6fb8f6459cf3078977473cab0b68df7688c720ed3efd6fbba55c07,false
XSS-5242,xss,PayloadBox/html5sec,c1e520807fe3bde35b96867a7460ce85227dc6b6bbecf97f077835fe0035def1,false
XSS-5243,xss,PayloadBox/html5sec,488c27b221552e7d67951696e03d5e7e12a7c72b6426da4d9e4a960c37459142,false
XSS-5244,xss,PayloadBox/html5sec,bacc0d1e4e986e30387cb07e871831d952f9b0c033bf29099d82482dae4a9b11,false
XSS-5245,xss,PayloadBox/html5sec,049da1b8e7b73639ed02e010eb5182f3bbd52e0da02a06d2eb63dc8f07b4c8f4,false
XSS-5246,xss,PayloadBox/html5sec,419140af2186de1056c058c78e4b85bb20c0271f2b1d224ce3d194dbc59162bd,false
XSS-5247,xss,PayloadBox/html5sec,f1d313480389ec099fb8f96c837a70a0b5cf36a9bcd288a8361aefebe460dc25,false
XSS-5248,xss,PayloadBox/html5sec,f0fc5d05a9172c39d8f3650141c3de28e55e0b7901a88f2602a3691c308a3c1e,false
XSS-5249,xss,PayloadBox/html5sec,a507c7eecfc50fce026f823d706cce5fdb94b78c337491f89e9bfc07b5356b54,false
XSS-5250,xss,PayloadBox/html5sec,8d37dfbb9587e4ab810f41702a03e23129b12cb871c83191e46e3bde0e797f4f,false
XSS-5251,xss,PayloadBox/html5sec,394648d0c59884d3d554afc09a04fbee01be78786529db9aeb179c82445ca8c7,false
XSS-5252,xss,PayloadBox/html5sec,05d19c6aa72d2cf465d05b7c6b873d1edb584f4b09ea42df30d61f7baaaee2de,false
XSS-5253,xss,PayloadBox/html5sec,e27f39b5f6aeb429f4b249310dc3fc93c2b807f74f4e44dd8e837faf5d6da2cd,false
XSS-5254,xss,PayloadBox/html5sec,0dbea20d1e6dcd5ef6b356f3b3936be230c7234aadf58609d4cf675e9ce09c0a,false
XSS-5255,xss,PayloadBox/html5sec,33e7a58def55f14d621de72c134dd57ad685d23e75ac393e4e85a2980f990149,false
XSS-5256,xss,PayloadBox/html5sec,bca757f3cbf0349607baf52442bfb52b6846deb545c92af50d7a4cfeba6d7d9b,false
XSS-5257,xss,PayloadBox/html5sec,3b73c856e3c1202fa8a596b5fe2a0310c794a3c0397ed17345d97667bb58d02c,false
XSS-5258,xss,PayloadBox/html5sec,0224058db92c6be0ad1d5596cd3c15e87c5946cf65bf79a232e944d13e8eefc4,false
XSS-5259,xss,PayloadBox/html5sec,d2ef81a7db4ede54af77e207518f8ba6ef0dfb55a54f40bdb1710176869f565d,false
XSS-5260,xss,PayloadBox/html5sec,3032fe6e1138a9e432be61c3107ba832df4793a777cd32e374ae00b69b1b9573,false
XSS-5261,xss,PayloadBox/html5sec,d7203f86e3f6048aefd874b781c435411ba94282aad795ddb0500897714cec7b,false
XSS-5262,xss,PayloadBox/html5sec,49908545bed4af6b0dbfe30461f492b7c88be09d67fac597d8650f715e16ffcf,false
XSS-5263,xss,PayloadBox/html5sec,3ea2ab92952c726acec9bef0719a5d2469388fbf4ac19b0182d71eb33fd159d3,false
XSS-5264,xss,PayloadBox/html5sec,564976159e2d60ebf4e29d3f1842dbc2ef4f8f767cfcb4b6c7914516379956ab,false
XSS-5265,xss,PayloadBox/html5sec,b751de0e2764a6c5044196fee25213bc541b7b67738281ba63e90e17042ed4f1,false
XSS-5266,xss,PayloadBox/html5sec,feb05682396bb9a60ced094fb3edb8b9090c322b5305acda7ff4d2fdb8877d5f,false
XSS-5267,xss,PayloadBox/html5sec,737a189d551116c2380a4a22a9826599b0b26a750917856b69b766dfdf666071,false
XSS-5268,xss,PayloadBox/html5sec,dc1919f8339e30c7a88d63c5de68a9f572b78f97d6a154a7d796d4d9840574c7,false
XSS-5269,xss,PayloadBox/html5sec,af8ac0aad71c73ce492536bb4d049661c1d6eaf87d677703b8767f659a59cbef,false
XSS-5270,xss,PayloadBox/html5sec,801883dab5b630d0c11a1abaa457d50fff0d4b6b5628117d8946f7f2748d9711,false
XSS-5271,xss,PayloadBox/html5sec,d10aabc53c5e06aa29d5875606fe3bfe50604fc4301b5adac536c64c49751ed2,false
XSS-5272,xss,PayloadBox/html5sec,855582697223277219dcd7d3434f6df4ac4caf337b23a9d64a95c9e3f3659d7d,false
XSS-5273,xss,PayloadBox/html5sec,b3ce800af88833a4801c144fc52725ea8b16ccd373cd2b5049ffb56498b4685f,false
XSS-5274,xss,PayloadBox/html5sec,910ade5a9884b6d151b4eb8d12821b1ed419a0dce16b816c6030a6467bfe90bf,false
XSS-5275,xss,PayloadBox/html5sec,4e8bd150bf6d0456cafbad1fa1f125a2e70598a30a2888d556496a1b06ede6b2,false
XSS-5276,xss,PayloadBox/html5sec,03f457cecf9cafd079350a543ea655f219db0480e8b7bf460d82cbd166152703,false
XSS-5277,xss,PayloadBox/html5sec,fc184f86d120eccfaa516dae48093b6cea3cbebae50d49c65de6ba809d9154e3,false
XSS-5278,xss,PayloadBox/html5sec,940b87e5cbb251c0e202eb1ee3cfc5e39e40e32bfe87df8404973eaf180e4d7e,false
XSS-5279,xss,PayloadBox/html5sec,3a23e74499c5322f9780d7bb3b6c3188899d315476f17553619f8707b9f0b194,false
XSS-5280,xss,PayloadBox/html5sec,0f253b2b6d10cac9691cc983b88aa0fa01c6f0fcae321cdb1a21c8757c61c610,false
XSS-5281,xss,PayloadBox/html5sec,b25341155dcc72883a4da06a460ae49ba7910cb51d5262efdfc7129a4d4012a4,false
XSS-5282,xss,PayloadBox/html5sec,7ff87717df90100d831495de6ff90a5ddacd4edc46ce0415f505f2b0de1c689d,false
XSS-5283,xss,PayloadBox/html5sec,617beac5f32d75e217784323c13099ae3b40ad7ce5ba8f575c4bec2f6a12cc8e,false
XSS-5284,xss,PayloadBox/html5sec,b19996d74d0a24b728163d0734b660882352013e637f916293ca578ee604afb4,false
XSS-5285,xss,PayloadBox/html5sec,59507c73327da1fe6d065a3afe1d79988ae4f0c0881b8b4909beb7e3f5e29f63,false
XSS-5286,xss,PayloadBox/html5sec,372dcdeae7e2f92fd4b13883ccbb72dd69de98968f1938d578fb86bd0fbf8d0c,false
XSS-5287,xss,PayloadBox/html5sec,9b36e00a3a200bc93882a264ba040c4ede520c500cde4f37dcdf17f90de69a4c,false
XSS-5288,xss,PayloadBox/html5sec,5872c4404016c14cc8e8406458c236d506d41acec1ab0a16453ab3caea55044c,false
XSS-5289,xss,PayloadBox/html5sec,be8bfffaa06a715ca6b1b5ebc8ad00412dcd7e50f26d1a5a4b7cee75ded92482,false
XSS-5290,xss,PayloadBox/html5sec,d285c871bdc72d408ac330df4831d362327c37a158d98fb2d3ccc1a1aed24672,false
XSS-5291,xss,PayloadBox/html5sec,fc55a974f56668f26ae5891d4c2c02ccc674c0921808b022d5c8fc56d88a58c5,false
XSS-5292,xss,PayloadBox/html5sec,fe191b8ef102add8d3a42b0f0b4854875d63d634ca02a7b23e6e353dcecf7c2f,false
XSS-5293,xss,PayloadBox/html5sec,dbdc6f956be782f632aee3e69cf28188596af936d92428d5f369776b6f4de47a,false
XSS-5294,xss,PayloadBox/html5sec,96054ef3b51c66cce978f89e4fa8704b49fa607e842d3dc7fbd98e14a6c4dc45,false
XSS-5295,xss,PayloadBox/html5sec,11476c2b3def49cca9a4a98598f5a940ce4e43684cddb128cd0d75d9e15aa9c8,false
XSS-5296,xss,PayloadBox/html5sec,e1904b3416cdb7dcbe13144bb0ae0f714129aa2acadfaccbff6de4f13661893d,false
XSS-5297,xss,PayloadBox/html5sec,22638d57447bd7bb7ed7cb45c5cdf8a2e2b623cbfc98abbba5709cc06837d147,false
XSS-5298,xss,PayloadBox/html5sec,5040d6b07df0f2a7ec93acb34dcc26aa5fc4e7200e1f9e8fec59b7cfe6e667c1,false
XSS-5299,xss,PayloadBox/html5sec,97223b2fa7d6cefb500e3decea877880e4d5559722f7d7ebd15287359f11bcd8,false
XSS-5300,xss,PayloadBox/html5sec,c911235e4188d95c119ca58315e1bb92c3a4d1851201e1b5006e7935d9f14048,false
XSS-5301,xss,PayloadBox/html5sec,bc6ff3a766f09a1475548397ff6a1a7be746f56fd61589131a604a9d48abe7cf,false
XSS-5302,xss,PayloadBox/html5sec,c18c02d1d221bc207fad54f45ceef092fd0d8bdb6c072651241cccdc5af68df4,false
XSS-5303,xss,PayloadBox/html5sec,824cba800205af4af1cb8698e78b8fe43c3359a3502ae800f0f4f24271763622,false
XSS-5304,xss,PayloadBox/html5sec,09f21255aafbc68af0335c5d436dd22429e246ba9eaee47edf7c00dddcdf2c54,false
XSS-5305,xss,PayloadBox/html5sec,4c12e02806834493adc5c44c2245fe1c28b2ad5748af412032deb2aee9430cb6,false
XSS-5306,xss,PayloadBox/html5sec,d300a4e0f503ea05cec358324197f358360734d2d213fc1372a84e90c8659f58,false
XSS-5307,xss,PayloadBox/html5sec,6026a0d9d353b6b8d7012b7786444237efed1f280d12e738d8848bcbe24e8ace,false
XSS-5308,xss,PayloadBox/html5sec,d053b38dfa4833c960115f7631e1a1ce4fcbf288dba316001dcb64e5b5e3f273,false
XSS-5309,xss,PayloadBox/html5sec,43e8af85c655956c14ca35cf6aeb85e1eaf3cf671fc16b8a9a2a0b1e0974ea11,false
XSS-5310,xss,PayloadBox/html5sec,fdc3abfc2d39ef58a9c39f1944e6c88af2bd59e0ac10ae44bfe952afc20cb835,false
XSS-5311,xss,PayloadBox/html5sec,0c5b54ef3b5105d90b5c055a14be8a3af3c6f03add4b6e87d48c9a16c232be82,false
XSS-5312,xss,PayloadBox/html5sec,c19efc53569e73e445fd360eeef645a4be24c4b9e554ce327a63baa95198be71,false
XSS-5313,xss,PayloadBox/html5sec,6f95e27979067b8c121c04298b84d03d8aa007fea564eeed7687d1d3f9efcefe,false
XSS-5314,xss,PayloadBox/html5sec,10e39c7a2916e2935be461cf71e432549f3c42aaa52df482e0e280fc96fd3592,false
XSS-5315,xss,PayloadBox/html5sec,e24cebac6adb26813a386681ac739110da02250c219f01b9bce5836a9389aa7e,false
XSS-5316,xss,PayloadBox/html5sec,3f22ec7156571193f2f26c9ebaa269f0446ecde680e31c4e01c8f819c9f13253,false
XSS-5317,xss,PayloadBox/html5sec,41d53bc198753aeb58b2e764c0745b67c2b0c08824c7628347b6ef019bf4fa5c,false
XSS-5318,xss,PayloadBox/html5sec,685f318edb179b331a42cee5679665d6497045084a06f54448d2a1a995a85184,false
XSS-5319,xss,PayloadBox/html5sec,c3d8eaa47b0fc17bf7a41c07769ecee272c428e3ab2ad9511f6d681624027ca1,false
XSS-5320,xss,PayloadBox/html5sec,06c7dd709a51e4a1a55bb3e7be33370bdfa5686a04a0c7dacc8b83674e7d1ecb,false
XSS-5321,xss,PayloadBox/html5sec,71eeb8dca28078507345e4cf19554145174c3530318a41471ad3d6bcbfffd670,false
XSS-5322,xss,PayloadBox/html5sec,0b75872cc70dd8750faff9e22fdc4cb3f50c879f74d7a5650d457169f53f9640,false
XSS-5323,xss,PayloadBox/html5sec,1d51e58a14e66fd0cdec78041f0ea60160b14ec43004cc493842334f0a8d6126,false
XSS-5324,xss,PayloadBox/html5sec,1863500d6029c00daebdde082e2482670a883d647b7014bb6f62587064585636,false
XSS-5325,xss,PayloadBox/html5sec,66792f27dbac422bdbce1975602f431b5742f4773d2e5e6f2a40564c3807e303,false
XSS-5326,xss,PayloadBox/html5sec,f8d55ef0ea572602368672a9f277ac78cd403b45c2783341e8366f1f6c30604b,false
XSS-5327,xss,PayloadBox/html5sec,82667f9ea00abf5134ea07482906f26720e2dc11aae94f99fdb243800ae6a6a4,false
XSS-5328,xss,PayloadBox/html5sec,3540c98abc58805251183d4534b2cfda20c42dce5e595c334df4a70a307fd703,false
XSS-5329,xss,PayloadBox/html5sec,b97d585a5f19c097ecb236179ead25053bd92af3458df4989df0cdf0d52eb43d,false
XSS-5330,xss,PayloadBox/html5sec,7a945a6d94a097d356ea7c8371dec400c1f3197e38b71ae82e15ac1e34b89409,false
XSS-5331,xss,PayloadBox/html5sec,3b8d5bd615527a1314b956438932738ed2a742f66bc2abe0e07af81edc4ecfef,false
XSS-5332,xss,PayloadBox/html5sec,ee07e4a12f6883217aabb443c1a3f23f1d6ef334450151d88300e6f3ea823407,false
XSS-5333,xss,PayloadBox/html5sec,13b72f1052d5f84656350ec95e4c1032b9dbc98309b238a575b9e78552b7b6c6,false
XSS-5334,xss,PayloadBox/html5sec,e81050116f168a7095868162d03db4a9de2241d532be74d34948390217d7e4fc,false
XSS-5335,xss,PayloadBox/html5sec,b852d61ad9f2d9b8f232ad7172be035ed5274b871ab8c7b6fe83028580e9a31a,false
XSS-5336,xss,PayloadBox/html5sec,a1d9892de609269abe3f97284b83c26c98318a05bb26a1146d583bb235060e27,false
XSS-5337,xss,PayloadBox/html5sec,63776d7be97166d186da4e12e03485846956dedcbf9e8b472e3d1925e0097b33,false
XSS-5338,xss,PayloadBox/html5sec,4fb93b18ed1036a45d9301cf9ec03898f04e6e3fbaac5869823afdc67a2bd6d9,false
XSS-5339,xss,PayloadBox/html5sec,3d2b4618c29d5c3ee1eabbe6d39117b6b4e6318c52d8d4b2f304abebe0b72a88,false
XSS-5340,xss,PayloadBox/html5sec,005f10ec1fc3dbeba50f02a7ba6b675b6d899589eea89aff131eb3e66c66dbda,false
XSS-5341,xss,PayloadBox/html5sec,ace61c0499e5de7ed2cc941e5a1d07a3be1b8816c538488d891d505f5e7ec565,false
XSS-5342,xss,PayloadBox/html5sec,5a43987f588f6026805f8807f620ab8fc31b90bb6ec1db76974ec35086604b48,false
XSS-5343,xss,PayloadBox/html5sec,e9bc4fe2ea048a938b9679636a3984a0d42e2b3986630a70ea7b1888b58dde64,false
XSS-5344,xss,PayloadBox/html5sec,e3efc218647408d5fcb4b611cf1ebc9d3c6bc5f090ecc3553d7b997c33707c8f,false
XSS-5345,xss,PayloadBox/html5sec,0dbadc3c9f00ab7d4f6771d5a5d2232cf143d054f2ddfb2b8255211419ea6e00,false
XSS-5346,xss,PayloadBox/html5sec,f31240e076733c4995da20194c6fc6552bc4b79a505fd5f465485af7b7c9ebec,false
XSS-5347,xss,PayloadBox/html5sec,b04327162d95962960a5d1960bfcae0491f3f8411e9caef6793e8908064718d7,false
XSS-5348,xss,PayloadBox/html5sec,36d0271f6e36468823207dee42e422c2b6d842901cffd258b37697a7fbdad392,false
XSS-5349,xss,PayloadBox/html5sec,1dbaba89dc1663c52ea573a169b97b194b5ef01aec89baa0e716e7aa1830d328,false
XSS-5350,xss,PayloadBox/html5sec,3e1a1848b841a96b545354f67779d204d84ac1e8f4c67d7b9973e13d8923569e,false
XSS-5351,xss,PayloadBox/html5sec,370a970f6cbd6b3c9c94b4c122a478bcd8cb510412a7fca2920f9b70e1a1a1e5,false
XSS-5352,xss,PayloadBox/html5sec,2127821667d21f8a000e4e8834987a0031c7bff79959a9742044bbf9e0653926,false
XSS-5353,xss,PayloadBox/html5sec,174a34eaf52c1c43e14095182633196667f1b126f1d5fc9d0126f5be10537f51,false
XSS-5354,xss,PayloadBox/html5sec,2d1c205832235eaa434cebdde8f3d181b7bbca7a2aa4d78c0fba34f892c8e3a0,false
XSS-5355,xss,PayloadBox/html5sec,7d4dbc69993807bd439b8c42272f4d952b57971982ca9c94d7432a49411d84c8,false
XSS-5356,xss,PayloadBox/html5sec,85e8ef1be90d6c8675ef52c6661fdfc4a3a425144bd61db7a57d6c742b1139ff,false
XSS-5357,xss,PayloadBox/html5sec,500c2c5660db0f667d832371b295a4c8ead682643ba03f5e6ec17a9784287835,false
XSS-5358,xss,PayloadBox/html5sec,24090dbf229c6f0cc6166031824165dcc1f97a877e3acd024535af32c3d5c0cf,false
XSS-5359,xss,PayloadBox/html5sec,f0256b31db807f6da07f450a55271e6ac47268b1824630e8e794816ca4c50b3d,false
XSS-5360,xss,PayloadBox/html5sec,1e8a9105b753226b4419ccdccf986af63146da6b1d7c7048efbcacdaa786ce10,false
XSS-5361,xss,PayloadBox/html5sec,21da80d00cebd727443b00a867a6e7afae079fd5b350c62cda087a8e7279a6fe,false
XSS-5362,xss,PayloadBox/html5sec,d1fc28b3bd452ec35777ac58fc99919194572e8541fbab4277cebe8762d71ff1,false
XSS-5363,xss,PayloadBox/html5sec,61c5370d18cf764fa21311dd86b01516015855b8590559573ceb3111de0b6bdc,false
XSS-5364,xss,PayloadBox/html5sec,537a1e65f3798083b7dea947bbd855545363c9742af2230ce0e8b501ab256c64,false
XSS-5365,xss,PayloadBox/html5sec,08689e15f028064f1e5bee850356cf54ab5c7af1546eafae4fff39514fe3af52,false
XSS-5366,xss,PayloadBox/html5sec,5cc4d047894dbbb512ee972186d3ac24ad94b692014727a7429e23e507c8ece3,false
XSS-5367,xss,PayloadBox/html5sec,1673ab3ea98dd7efd9b4591c704627204462200b68ebeec0031cae8f261a0bac,false
XSS-5368,xss,PayloadBox/html5sec,f22208155fb7dfb8b7945523365658b8bd6c39fb3c7b6a9e168c1633b73206d5,false
XSS-5369,xss,PayloadBox/html5sec,55fc43a7207b5bdf2a15c2c30efdbe3f34a2da2ff3a91698c21de8cf726ae2fe,false
XSS-5370,xss,PayloadBox/html5sec,7163a518ffc6e7409f1d3f01d81b587140c6cfd65c8dc8d9ee84efc92cfd2278,false
XSS-5371,xss,PayloadBox/html5sec,20e979d1862a0943fa159d7f809da8f9575b782f7fe3f24abc1d42036e9d20bd,false
XSS-5372,xss,PayloadBox/html5sec,3f03daedcd9747bcd9e272155b0a3a90171579e3e67a1a710f3ec6128f5eed36,false
XSS-5373,xss,PayloadBox/html5sec,c3f613f055d6fd1756f24f0a6884635980e79440cfabbdb1360eb6867c036168,false
XSS-5374,xss,PayloadBox/html5sec,1798b9648c78fef981aad55e21dfab90228866c4e880642cae2cbc80efe30bbe,false
XSS-5375,xss,PayloadBox/html5sec,747b1b082d6bae157042187cce68e4a2840c1f3635f0713117acc139298f4ec1,false
XSS-5376,xss,PayloadBox/html5sec,e45f01e176593a87ef39fe3adf1b6a4dae4c10677fcf88f8fe800f0db69654c2,false
XSS-5377,xss,PayloadBox/html5sec,c2486608c5fa425627b94c3452e56b5e54a38cc9506d8338e4be33b3d1e9629f,false
XSS-5378,xss,PayloadBox/html5sec,62c786af541f6bc36e5143ed9dc4b2eb5e4c1980bbac76d4f975fc991e1d4018,false
XSS-5379,xss,PayloadBox/html5sec,23939cfc6efee3a86a8c50387a5280493f399addac2ab7deb8849f084fad7f6a,false
XSS-5380,xss,PayloadBox/html5sec,92c490a02f8b63cdebb63b369cbbef5b340f320bba323b311927bc1e13e22ccc,false
XSS-5381,xss,PayloadBox/html5sec,b38f787c80160ab334fb4bef45734d6238c74e724ca0d31e9ddc86d681eba0f3,false
XSS-5382,xss,PayloadBox/html5sec,850527f486f9d1efc801058baaf8a64dbc4441d606901dfbb5592b75e3e2dd2d,false
XSS-5383,xss,PayloadBox/html5sec,340575c73ccf56d3fd475ab1dda3313fdc9d340dacd41cc1e191be2f1a05741a,false
XSS-5384,xss,PayloadBox/html5sec,d8b773551030bb29c383ac444a36df473637c3e527ec980d58a676f105f267e3,false
XSS-5385,xss,PayloadBox/html5sec,d7c65a801b6e793acf4e882efa493dd02f7013f703d02e2426afb33efd9bb622,false
XSS-5386,xss,PayloadBox/html5sec,1abd7a8230617ed33ad3d5b1b74a458f3f8f3dfc027a5f719fe34a20e2621c6d,false
XSS-5387,xss,PayloadBox/html5sec,08aaa171218af3efbc5e4781345269608ed86f494a8fded7c834d1d1bb68a182,false
XSS-5388,xss,PayloadBox/html5sec,0ca71ba255b8d15abdb3d4bbcd9704397dff0843e7c50c8f4ccd964049e1e3a6,false
XSS-5389,xss,PayloadBox/html5sec,b7c00ecf0bd466e778ec99dc67fc1a2dbc727e63e5491ab4a96de753f1bec820,false
XSS-5390,xss,PayloadBox/html5sec,d397e9ebecb5ce6c289323df55fb298062fc7b4a7a42f2c8b8c118271f794ff1,false
XSS-5391,xss,PayloadBox/html5sec,3c621d0eeeaf84615ac66a1826ee8c8b3d98c3c5fa3449054754dcab7bfa2255,false
XSS-5392,xss,PayloadBox/html5sec,e02de37a8062eaf35c52930c8f1d8ad6439c5fc79b95a0f0938a25c085b4c78d,false
XSS-5393,xss,PayloadBox/html5sec,b48e09a0f068669951a5112a2ee1bf32cace6c205960d9e774f02b3f9d82c197,false
XSS-5394,xss,PayloadBox/html5sec,38be762477e332852cbf3dea610197c70af2631411c45398019ecc98c7751431,false
XSS-5395,xss,PayloadBox/html5sec,15b86eaeb61e6d93d23c8cf04e6ef12989f8e974edb4b908574a3352cb839731,false
XSS-5396,xss,PayloadBox/html5sec,b9e6f1fd565ec0b9f5670758d58d9ac23c8c415d6486dc0dc872d9f6460375e9,false
XSS-5397,xss,PayloadBox/html5sec,a81287d891bc53ae17156bb069b0717384dfffb919097581c5fa2c0f2e59d76b,false
XSS-5398,xss,PayloadBox/html5sec,51aa4552074815fb6d5236f7e0d568e164a5a5fffeb1697d4d7d7952cd31aebb,false
XSS-5399,xss,PayloadBox/html5sec,b1713fda14cae8b50c97e1fd9e7d747d77038253b560a21aeabd43f3384d4683,false
XSS-5400,xss,PayloadBox/html5sec,a46153406ecdbc0619990e8aac8634774e0caa7b7b70903332aeb26079de38fb,false
XSS-5401,xss,PayloadBox/html5sec,ab42a305fcd49d38bd9c218d431e7e39404f5c4858591e7078a290a86ae0f77f,false
XSS-5402,xss,PayloadBox/html5sec,578c27955ed350eb13f7f71e148cad09f8ec09a4df4b8893a02a6643d1e9441b,false
XSS-5403,xss,PayloadBox/html5sec,2c103be0a886b14a4a2ca74336321b7da885285451c1135ce72a9c84ef4c5457,false
XSS-5404,xss,PayloadBox/html5sec,5fd6b6cd55055a7731bf3f50b50f071521c6b68d97111044a75d19fe21cb251b,false
XSS-5405,xss,PayloadBox/html5sec,a6eabada515a77f30c0ba9509047a7d61a7cd3b333bf018bb8a29a8cadb16967,false
XSS-5406,xss,PayloadBox/html5sec,6c0911bf57b325d98a3608dd61309c326c018f2a38ce4524b21abc9e074b6cf7,false
XSS-5407,xss,PayloadBox/html5sec,e70b5b4c2a3621c9b3cf610a679de4eaf79d25c2f43937b96a2b2cf97c082d52,false
XSS-5408,xss,PayloadBox/html5sec,6b916360fcfe91ff66f4e97ab3eb2ed1bf4e5030afeaf260b19d29f058428082,false
XSS-5409,xss,PayloadBox/html5sec,907d7ec78910bb0ca33dd0a7cb49e33a7d3c5fa47bf7856862dcd832556da240,false
XSS-5410,xss,PayloadBox/html5sec,04dfb2c03e0b6af3580ba3aebcccdaf5a7292cca2e5b24de3d162e77be44c0c4,false
XSS-5411,xss,PayloadBox/html5sec,ed4e7518cd163c12aa890c9029d4218dbfd47adfcf9ba59a3bbbd307ba2d92ac,false
XSS-5412,xss,PayloadBox/html5sec,2ad8534ccc9f3ba863d49bbadf0fef945feb808beb55b1dc44b32c41b1bf0ac3,false
XSS-5413,xss,PayloadBox/html5sec,b33dec42f6b461b2f78e523519d8a06094e8542f3d5a02278655fdb65b95a131,false
XSS-5414,xss,PayloadBox/html5sec,06114999585052e896e89af2dc1fd348eb9423d5262c24afe824907748eb5ed9,false
XSS-5415,xss,PayloadBox/html5sec,11df8cf3ccb302ea2a5ac0bc30ada672e2affd3d31a4e7f3507473112049e29d,false
XSS-5416,xss,PayloadBox/html5sec,4b89b5746f83c9646a705ad1f887c02a7405ed3189895ce67c3c37d2177b37ee,false
XSS-5417,xss,PayloadBox/html5sec,8e04ecc4070517f70aeca02fb6a08db8afa19af369b3f35b682cf4adccb4f8b4,false
XSS-5418,xss,PayloadBox/html5sec,e950e6e77f09e51c62622f3922d2fea4b4068091b2f530496ff3733d031cd591,false
XSS-5419,xss,PayloadBox/html5sec,022ac3425c4a1761735d58575f5a301793a924e33b509a8fea6b17e87203c3a1,false
XSS-5420,xss,PayloadBox/html5sec,ab75831d7ee12d44f9260b61762687504fe2cf36d4eee5675f84765d27110b4a,false
XSS-5421,xss,PayloadBox/html5sec,7f3f1ca71478191313eb74798fc76963699756036400c94e81855ac9b6a46d53,false
XSS-5422,xss,PayloadBox/html5sec,88e66223e34fcbb18ebecf922b7727399830e47dbf1a9f3e01f0f8f76263c43c,false
XSS-5423,xss,PayloadBox/html5sec,3c14ac37adad831949879401b5d58f83015f4e611739c8ed9dbb7b599f65f401,false
XSS-5424,xss,PayloadBox/html5sec,4635da1e69cea222ba729909d677b4f4b80afea7b8e76a8cca9f30022bd0bd1e,false
XSS-5425,xss,PayloadBox/html5sec,db4a7d23f472eb47b83c0795fd983d2d2af3ff0446c3b26f9b50d9fa11cb836f,false
XSS-5426,xss,PayloadBox/html5sec,4127e1689b23f1d695a32078ce9ceb16fa54479d139a58abe7f50e9812031873,false
XSS-5427,xss,PayloadBox/html5sec,bfe75424e75b084f16151b5f6e715c78a53e16d2c4389326656aef2c976dec79,false
XSS-5428,xss,PayloadBox/html5sec,0c599b3462f21076d19e944c84d0d2a27957208f5dfb1ffd88daad6ddb0c88f8,false
XSS-5429,xss,PayloadBox/html5sec,593e488df73f8bc037922cbf5321f42cac744536d3618ca2a58ffc7562680d6d,false
XSS-5430,xss,PayloadBox/html5sec,887ccc90b7f29e0e1514395356b1404f7077a680ff435aa9e01fd3d610488888,false
XSS-5431,xss,PayloadBox/html5sec,207f83895550dba2a5b51eed498374cb89350cde6e8ee4e4bc325eddff085f9f,false
XSS-5432,xss,PayloadBox/html5sec,eda366631bbca2f8defa9dd8891a9b5f4d4032f0020f7b321b38748b29cc54f2,false
XSS-5433,xss,PayloadBox/html5sec,382e7d2f80cd4eab391b10331a1f21f3c175e2b59d5df3cc989bc0fa302ce715,false
XSS-5434,xss,PayloadBox/html5sec,74ae36deb53b0bab1aebe726d96ac8b3f85aeb5ee6a860d24330f66d6f473b67,false
XSS-5435,xss,PayloadBox/html5sec,ef03d3c088e34c0b3f06b08b7528ca131bab733f9f2f7519786428e26edd6159,false
XSS-5436,xss,PayloadBox/html5sec,e93eef6b9e845bacedfb24c91ecd4dfc006868bfc18e631aabd647683c98fce9,false
XSS-5437,xss,PayloadBox/html5sec,f149ade2e3a61362761c511167c29fa75ec4dd7e76454dc8c6e17b791374f5dd,false
XSS-5438,xss,PayloadBox/html5sec,1714b8a2dfb5d7216d20f503b75b97289ab4727be683187673f12ac0c2950f20,false
XSS-5439,xss,PayloadBox/html5sec,fed344b294cdf4624e9bc0e635b00a399524758809ed6aae20e4a0758f2132f6,false
XSS-5440,xss,PayloadBox/html5sec,2d3e1903d7bf9a14ba9260c2df5688c5173a7e59759afabd72981c946a8c2e17,false
XSS-5441,xss,PayloadBox/html5sec,74f2473539b91099cc771d127a20d9901df07156f12d4074badbaec4e2f097f6,false
XSS-5442,xss,PayloadBox/html5sec,1d552ad6bb8198cd1c0d51a97ea54e3ec55e3c7620c3b6ad74c77d70658e9c60,false
XSS-5443,xss,PayloadBox/html5sec,f30bd60a2648357cc91a70c33a9030f67b2a909646ae5cecb8fe6d0974a7a717,false
XSS-5444,xss,PayloadBox/html5sec,5666878906d55f8458dfb7bcc9971521edb33b47f96538ba15331298dc8bff96,false
XSS-5445,xss,PayloadBox/html5sec,99cf40e08518b44d77c18b86adf4d38b26f1bd4c9a50d29c043f5a903bd3be33,false
XSS-5446,xss,PayloadBox/html5sec,6d64abaf4edb7495ac05f766a122d4ffffc6d008a2bd654eb25c3630ec531174,false
XSS-5447,xss,PayloadBox/html5sec,660e70b93abb15c46137c9b6aacb4d40cf6617249da6fcdad1f6dd7dbbdd75a2,false
XSS-5448,xss,PayloadBox/html5sec,d076f958414e454287ef30a9c31967d78d623c71c011a5daacc137e094c40400,false
XSS-5449,xss,PayloadBox/html5sec,842cc501201c8a30bf0bddcff47348302d51d7dfa60c3dac8881308b59e90d9d,false
XSS-5450,xss,PayloadBox/html5sec,c4ba39f280e177bc63975d9f5b3ca8e2cf6181b1fd8483b7c3c489bd512b8a79,false
XSS-5451,xss,PayloadBox/html5sec,de6c615144f6b35923cce0c8469c5377505ff00ac5282cc0d2b9b47e3bf75ab7,false
XSS-5452,xss,PayloadBox/html5sec,dae5c5f3451ad4099dde5b5324c828a806683b03046d839374a3f0e40987c6ae,false
XSS-5453,xss,PayloadBox/html5sec,0939db4ed563fc92f2440310ed95da0483f7cf9b0a770f7ab72b1bb568a591c2,false
XSS-5454,xss,PayloadBox/html5sec,85ed7089156f8fa383113d5b5909377baf5ef2aa0942eac962aab3f68d91f5f6,false
XSS-5455,xss,PayloadBox/html5sec,d4a9e546dd81ce6253b5af6d7c5d7a3bda43689ebf2807fb64eb6a35b92a94e7,false
XSS-5456,xss,PayloadBox/html5sec,e9635a919af60468d60dac70e0685db3d2000b15c2c12911044d8c649e0f52cb,false
XSS-5457,xss,PayloadBox/html5sec,eee848506e92c8df6053aa23444cdf358aefd1879f3f858b39087cf8d4f68906,false
XSS-5458,xss,PayloadBox/html5sec,a3d461092977a6cfd5078cfde87d124adde7ca121a3a5825f7fc5f8614f85b0f,false
XSS-5459,xss,PayloadBox/html5sec,31d80d14ff47a224025428f32bb44edb8cd84b70bebf83a9c2e3b4e3de60dbe4,false
XSS-5460,xss,PayloadBox/html5sec,0a7ea6ca4f28143fb4f3bd4e49a1ed703a7b489b261c5e7600d1760907c1d791,false
XSS-5461,xss,PayloadBox/html5sec,f354dde790fc8976205b895d60a7acd3493db3a05a07024b7a7f83b3b8ea389f,false
XSS-5462,xss,PayloadBox/html5sec,ddb96a9c898eb6b37bd1e55d0576eb177d8f3381bb05d5a573ce6c0411c289eb,false
XSS-5463,xss,PayloadBox/html5sec,01069d3fdba2743803d4ce31e9d9b9f38f0ddfb7be3d1d01c0a3453da2a3df29,false
XSS-5464,xss,PayloadBox/html5sec,c72902e306876c6362e9aa55af1fe583b93f37f5248edce042db337345cd6be2,false
XSS-5465,xss,PayloadBox/html5sec,c74345f98e9d1ec46eb17b24daba9ff6d13dd2f5fc1cf9146889d81858feb7b6,false
XSS-5466,xss,PayloadBox/html5sec,e8f776c7115be2e507c93aa8234048f6152458dca8e97e9b560c27de5c2f087c,false
XSS-5467,xss,PayloadBox/html5sec,531a58377c2fc8190cb35f70399921f5c8614349cb67329d4d784eb1d35e4ffb,false
XSS-5468,xss,PayloadBox/html5sec,f13b3f461b88a9ac259f84d65d93dab57e083f58db920b667a69bca8d6698bf2,false
XSS-5469,xss,PayloadBox/html5sec,399d8773b8441e1af334603ba33544bd03d710e02f86fa75faa3613e97cb7f19,false
XSS-5470,xss,PayloadBox/html5sec,84509f27f4d9d13c7fd081274496e4978ee2c6bf68edc7aeb57fc0a056227712,false
XSS-5471,xss,PayloadBox/html5sec,f67db03ac54210c3c4bb540c4c2ec529ff69875a5bea6eaebfa28111fc7702f3,false
XSS-5472,xss,PayloadBox/html5sec,f4a5752b8ad9171e0102ff740c8b0c3a7b407b77b8d453ef3105acf6acb6f685,false
XSS-5473,xss,PayloadBox/html5sec,a0de8a082df4e6521014ad412779bd399bb84c5e8f3ea99ca9c47e9d2c47ad86,false
XSS-5474,xss,PayloadBox/html5sec,59c465aa912849e705689d66a7ca0ae97fa3ec85f5c03f2584d82715cb8325a8,false
XSS-5475,xss,PayloadBox/html5sec,fb94139b04f2130f985c3558c32f01660d3314df1510182b863decfb90092086,false
XSS-5476,xss,PayloadBox/html5sec,d4cfb322ae0beae8cfbe37ada30007d66ed5ee83f5b1dcda4862ad73e118a7c0,false
XSS-5477,xss,PayloadBox/html5sec,4d174faef2ccc7c0400c2b401128293255219f1908ea0beb6458ef66c0e8cc35,false
XSS-5478,xss,PayloadBox/html5sec,8deaf7c240bc1c554a00e3ffc80bdaf8a4b1c5529ba360d703c14097fc7a65ce,false
XSS-5479,xss,PayloadBox/html5sec,6dab688952a52d16e67cf07c8d99fb0eb88d91171223393233110a6f47ce9ab6,false
XSS-5480,xss,PayloadBox/html5sec,1e9276be1e2525fd911fc0d47ef0c144b94f582724da7576c263581bbeded8b5,false
XSS-5481,xss,PayloadBox/html5sec,be752bcbe3201a87dc0c8a2236131d3dabf81747fbc0435deada11db546c603b,false
XSS-5482,xss,PayloadBox/html5sec,b1ea08879e3cd12dc77b8d565629e420c886246433fbe4242a1cb9069855ddec,false
XSS-5483,xss,PayloadBox/html5sec,1d57fab67116fff4f44e60660ab400570ef2262cc2e96f37f0112d542248a2ac,false
XSS-5484,xss,PayloadBox/html5sec,fa7d838dbc8fcbb165cc65a51168a93a2819e85f7e5720fcf7ca184192a52441,false
XSS-5485,xss,PayloadBox/html5sec,776a45901067fa5e68582f38efe921b5216e51e1e99a0e59d8b76c6bcd722c1a,false
XSS-5486,xss,PayloadBox/html5sec,8b78c6a4ba4de5a7435fbce43c4580506616d0222bad369004d1e493f9c23072,false
XSS-5487,xss,PayloadBox/html5sec,39fdf150e6b6b3ade9616f95cf0f3f40d30e4020ad259cf7602dfa93cf2b9c57,false
XSS-5488,xss,PayloadBox/html5sec,89592921236d5d9e2c6334578e531df58ce20395c99a09e3761f44cc5d1061a4,false
XSS-5489,xss,PayloadBox/html5sec,75219ca4e128dd7e25d56e07a7088b7240228512fc4a2859f09c1852e4da8a56,false
XSS-5490,xss,PayloadBox/html5sec,06464e4c389c820c1b1e37498442dca07fad84a64182632faf61c7d515824f2e,false
XSS-5491,xss,PayloadBox/html5sec,6630ee85a54b32879bc80ad55445860f8555f73ccb914db95dee270836c36537,false
XSS-5492,xss,PayloadBox/html5sec,97f5f2e584ee80c69318bbb21daab2631d299e75f1dc840ae65618f4e8704fa6,false
XSS-5493,xss,PayloadBox/html5sec,499da1ad2177eedd2beef865af90ba050bec570214ce7f294256148e98afcb3c,false
XSS-5494,xss,PayloadBox/html5sec,d7ab78a8d2c4f8400762b9892f8930ed409d283e8183c0c70f848e5a7b69282d,false
XSS-5495,xss,PayloadBox/html5sec,d9acfc414b2df8c05bddc3fe7f4306651e8d9dad0563793d4a9319ec12ccc0fe,false
XSS-5496,xss,PayloadBox/html5sec,cc2918000757cb97f7c0d945cf6ccd0e8d32f2bd3f4a794f86ace209ca146d84,false
XSS-5497,xss,PayloadBox/html5sec,484949a17a50765f7da596e23d4201ffc74462c7958087dbe2e8fe2e3d300544,false
XSS-5498,xss,PayloadBox/html5sec,e40ae3ba206d0c0a7b3681404de3a9b5e8ac1c9d78880f7a6a17caca4a32be34,false
XSS-5499,xss,PayloadBox/html5sec,7667784b45640a9c6b0e8aada961d997bb5c0ae58cf131e3c84e49104ed9da12,false
XSS-5500,xss,PayloadBox/html5sec,73d5f4d2795a3e634aa8eedd80df5bae21af5708d9a9e09ad2d964677aa00162,false
XSS-5501,xss,PayloadBox/html5sec,9480aa10974152a94a0cfd54b7cd2f2429a586d5bd99263724db845d9c4e4dd6,false
XSS-5502,xss,PayloadBox/html5sec,0c6257548b0392a6b95dbad05186cf05a269e1da8d694a52ec7483d119521de9,false
XSS-5503,xss,PayloadBox/html5sec,bfa900e8063d634ae3eda6202e61b0760c2d01ae126b3669c4754d05b112b7c2,false
XSS-5504,xss,PayloadBox/html5sec,e904fc127262216a38eb4455a6a2edab40332127b384389296985514cb3452ae,false
XSS-5505,xss,PayloadBox/html5sec,fb2a7495e39a48c85aa0c688e62d0c814da51f37c5edd6bd77383f1c73497c4c,false
XSS-5506,xss,PayloadBox/html5sec,19bd0c7c625bee6c6205dbdda142dcb9e7d2ab28be7000cb4b8a9b5f61c6831b,false
XSS-5507,xss,PayloadBox/html5sec,14f3bd55a0049accf2d6ce795fd9cee61578baf38a4e2e4a430ed75585587703,false
XSS-5508,xss,PayloadBox/html5sec,db7b026810df4f9d752d7587c660bc39e2c898f438329959039c5a79f2a11cf1,false
XSS-5509,xss,PayloadBox/html5sec,1d13e8c4812cb19b6ed86eafff08fcd7506377b439a0b68c888f3f7053c0dc66,false
XSS-5510,xss,PayloadBox/html5sec,fd9673f96a6c4d737a432eda81aa3020e6719e7bbd1e86c3e874d343794c0189,false
XSS-5511,xss,PayloadBox/html5sec,e98d75a5524476aec2cdca7fb53f4a4cddb47b2aa805bbe4e093070599a12114,false
XSS-5512,xss,PayloadBox/html5sec,bdb141445b136e3d04c5c55c53c86482a585498e22392c51930054d07398d776,false
XSS-5513,xss,PayloadBox/html5sec,939ec783c924f64563da1b0c82eea804dfe96caf8c606fb46e9f231eb4facf72,false
XSS-5514,xss,PayloadBox/html5sec,f9bd8610a07992b31f7b622ea8c43e76f4f047e26bd16ce73a70b25c8b9d2cc1,false
XSS-5515,xss,PayloadBox/html5sec,f41857362eff749027dea65095e2c4680801576c9c1ff61ca558df3a5ef7f2de,false
XSS-5516,xss,PayloadBox/html5sec,6b3e2fd01957148e1377dba014069d30c105532f61063e9dd3707dbb91059596,false
XSS-5517,xss,PayloadBox/html5sec,ee3fbaa1b8766c2c2c76c24ee0edae20fd0c47330f07673d92b9ce4a25ee5475,false
XSS-5518,xss,PayloadBox/html5sec,3b1a8be43eda08b0352ead5f36cf16df86c989a1bd394bb1a11149fe4eef5901,false
XSS-5519,xss,PayloadBox/html5sec,bac546703cafe1fc10da152d935165087103d03b51f9fa989dce78faaea67d01,false
XSS-5520,xss,PayloadBox/html5sec,46d99797403309878da75acc79e3f2949b00b490c9b0250f6aaca70b1687dde2,false
XSS-5521,xss,PayloadBox/html5sec,729485efb5d2457ab2da3a54bbad212e4f2834db920c522161bf5cc6314eb476,false
XSS-5522,xss,PayloadBox/html5sec,202a06eee59e42aeca8fffdf2d29ea41c7e04bd690c3b2bdc621854be251fa3e,false
XSS-5523,xss,PayloadBox/html5sec,69059c51d172e65866a834b1912af21d7eaee3cd2fafe71d1baf835d274cf3f1,false
XSS-5524,xss,PayloadBox/html5sec,f9d1d7ab83fd2c6b74d0a1f02a794a931d843a6dc862d1df8271c3e6eb8ecce2,false
XSS-5525,xss,PayloadBox/html5sec,2cb0a90ddb521082b3a2c2f2a9518f6e44a910b85b35cd2d857227c621ffcaba,false
XSS-5526,xss,PayloadBox/html5sec,2f434c941bac8ca335982130269239b9d16a8b65b24da68904fa3c45cc738b90,false
XSS-5527,xss,PayloadBox/html5sec,47b0309f4d3cc581b01c14d6c6e1b466421377ec1b9ffbc0083f8f86dd873944,false
XSS-5528,xss,PayloadBox/html5sec,4032b57b0ccc84f307d5f078506765b41af78ebe934172290c453b540bc4e777,false
XSS-5529,xss,PayloadBox/html5sec,16887bf6a3641acde4e6f93a2be420a88bd45fc8397b2407f6c8e353fec3f76c,false
XSS-5530,xss,PayloadBox/html5sec,b27182da496739be2fb7220e076c35115967e847c247ca4dc4f797c32c7caa08,false
XSS-5531,xss,PayloadBox/html5sec,f814e88b028b5c72e9c0d5db08226e723c76446398a1bd85c789f1dcbb35c977,false
XSS-5532,xss,PayloadBox/html5sec,d3a4f787cd5a40e81f1306f57a95cad159f4d0240fa7b36cf0d89a0ba964da4d,false
XSS-5533,xss,PayloadBox/html5sec,aa8196fa6f1a4a96cd43d92017ee663c2cd13f9808aba0afd8cc077342e5e633,false
XSS-5534,xss,PayloadBox/html5sec,f59a274fec8f3b45f331fa245800f157f109faffeed631f61815689f9669224a,false
XSS-5535,xss,PayloadBox/html5sec,e22745fb3ac87007e9cf051b4372f5114246e2696f7e4d06c36aaa41e4566007,false
XSS-5536,xss,PayloadBox/html5sec,f4adc755345d69f3ae49ead7c10d7d1e24a955d13ee979ebaf8c7db1b177d3ee,false
XSS-5537,xss,PayloadBox/html5sec,af07fb39b04ebf79e9c6ce05104c113e5b8aa99d2f79f82273c2f6ffb8036506,false
XSS-5538,xss,PayloadBox/html5sec,2e67a5d87fe0511d8d55225e6c4eea0e880e27556f5bff557137f50f61365875,false
XSS-5539,xss,PayloadBox/html5sec,24c5828db7d71ec94a3b23e7f34398830837302e506fd4e46090a0092312f176,false
XSS-5540,xss,PayloadBox/html5sec,9e359b678305d77297583335d770ae9255385ed6476952bdc81e6cbba76067b7,false
XSS-5541,xss,PayloadBox/html5sec,f22e81c2d3ab95e8a7b39a478506e430ccc50bed6901796b9062ff132d2cb0e6,false
XSS-5542,xss,PayloadBox/html5sec,7621f3a41bc807416801a377552f3d47dac872e8a0b496f35b93d890e4a19f89,false
XSS-5543,xss,PayloadBox/html5sec,f6e724551a9abf850b1db9782568dbd10fe66216cc06efe62d7b6e469ae26ae2,false
XSS-5544,xss,PayloadBox/html5sec,c58b3bfde1e7c5aac7c724e1b3cebc6ede2b0d926f75cb44b87e41efef833d75,false
XSS-5545,xss,PayloadBox/html5sec,e6178be1f452b444d12a8eea92da2a74ad8df4db53cf4812f4dc0ac16177ed17,false
XSS-5546,xss,PayloadBox/html5sec,8665a57744f978d709a3d7e964f5bb02e3f054f8d29cf87252b23b30f68baebe,false
XSS-5547,xss,PayloadBox/html5sec,5c97dc562abc8b0fd8585e92b13a55308fcc9bb21582bdc1dd93c6ef9358e5cd,false
XSS-5548,xss,PayloadBox/html5sec,7d384f0785a72422f299eabd7533c81bb2736cf1f32901b9ba99011dff249f36,false
XSS-5549,xss,PayloadBox/html5sec,b249557c6a7db9fdbcae105468b2aa6bdc03c16f23cd69cebd6397e949f060f7,false
XSS-5550,xss,PayloadBox/html5sec,16dfb4af549485f3b7ec977faf5ed8cb7b8ab9ff0dc06ecc9bd2fc9d6e67dfae,false
XSS-5551,xss,PayloadBox/html5sec,d6f2d82e64e6db477f1edc280d760bc2d1f4f342d04eff6783a1c2ce7a35bd65,false
XSS-5552,xss,PayloadBox/html5sec,c00db43ad34e9014fc409abe6a5631d2bbee8575e4dbd64a084aeb7cffd1c00e,false
XSS-5553,xss,PayloadBox/html5sec,902b7e5554aaffbcd4db8e8cdd96f8588a5330b895180eb05faafa3312ed5bc8,false
XSS-5554,xss,PayloadBox/html5sec,9f48d70c8544fb7c3c36006c25f4f71b18d76d8d94a80612e5208462d80884ea,false
XSS-5555,xss,PayloadBox/html5sec,6bfb5e8fb2a2d804af596b968470f87b7155ccd1d8d9df47a9152accbd6fce5b,false
XSS-5556,xss,PayloadBox/html5sec,6785f88e4daf4cf7dbe6a1171b1b0ff0e7c8518393b836915c0cfbeb4c8307f1,false
XSS-5557,xss,PayloadBox/html5sec,51a33568b5e377f109e3e75d97f2b9812e8cc2323a9020087d8a3428b63e6cb0,false
XSS-5558,xss,PayloadBox/html5sec,02c3de836d7e6848971b2ca4445c716c4fab69513c3e3335d348af4e6712c120,false
XSS-5559,xss,PayloadBox/html5sec,403007b1c8206748e4569f5aa41b182dd1cb15b2b70daf36eff9759fc88daf8f,false
XSS-5560,xss,PayloadBox/html5sec,07df3fa3118a09e8bbf72265674327c48fa62cf7083167e369c110215ef1e329,false
XSS-5561,xss,PayloadBox/html5sec,74f4cd2300a2666d2286d9671bd6e6dc09301e3222b5750e472b7966271c128e,false
XSS-5562,xss,PayloadBox/html5sec,6b5860330324a68cde520a24a755a5db7e379bbaf582b5f0c358b706d8756fae,false
XSS-5563,xss,PayloadBox/html5sec,a996912112bb79e450199e030d53bef093bc51a581694f0bd4f3f24487b4cd48,false
XSS-5564,xss,PayloadBox/html5sec,6c1aaa8e3bf73bf5dfe4db0ae7403fc76bd2abf4d34df7036d93da046774a6f3,false
XSS-5565,xss,PayloadBox/html5sec,0407a54554696743d42b7d4a99372a148774054875dfe08f9a260dea3e068f69,false
XSS-5566,xss,PayloadBox/html5sec,71f1fb6891bb5d1227b1aa9c6dba2757b6d88195064869261ddf6f856a411202,false
XSS-5567,xss,PayloadBox/html5sec,cf67274f9e8fcbdd338e67f1dad14ea5cae6bfba2719bc9a26093e48f90e6d93,false
XSS-5568,xss,PayloadBox/html5sec,57c375e29969bb6f54e6b24d666930df030b2798ae6b352c759caafbe697f79b,false
XSS-5569,xss,PayloadBox/html5sec,06bdb97f5d139a85ada5399f5f98590a6427704c2731bf723e3b6bb175d8e13f,false
XSS-5570,xss,PayloadBox/html5sec,b0233365e3f4834d232917cf35dee131a381e4222c6cf14e6e981666280d1a32,false
XSS-5571,xss,PayloadBox/html5sec,95cdf3a7c05f702c8d7bb3618e40b3b03caffe5d3102657baf65479b08a3cf5d,false
XSS-5572,xss,PayloadBox/html5sec,7fdf2b8555c29a8f99a0d375c1ee7e288544fb3e73a249da49891fc8c0f31f8a,false
XSS-5573,xss,PayloadBox/html5sec,6df9096180854f309a1b40f5efebb716dcc835b53feadd8b6d94341b1d2ef499,false
XSS-5574,xss,PayloadBox/html5sec,248344585ea3b013e2f0d18e6cd25390b95cdd31dc4a1bf496cc273d13bcfb62,false
XSS-5575,xss,PayloadBox/html5sec,459da78bbaa9f28467782c4ee5e1acad4b26fc24871d3e0048118a5228d511dd,false
XSS-5576,xss,PayloadBox/html5sec,22d4c807f2e1a5d0b5fb38acb5eb5eca44ddc41de3efac87e31338d3217e931f,false
XSS-5577,xss,PayloadBox/html5sec,2f76e6fc8191aabac3196ebf46c3d1606a6d6d1979527e175c7d339296fe3849,false
XSS-5578,xss,PayloadBox/html5sec,4f7c69079366643248c8ed56ef1dcfdd94669ed0cdaf2b7891c30651c1f443f6,false
XSS-5579,xss,PayloadBox/html5sec,58a9cdcf900d711aeefa82631384ca3ecc29d173bc4eee9586ac0118dbf0fef4,false
XSS-5580,xss,PayloadBox/html5sec,b36d97b6454d898015685b192bd0dd18fddda764f74cf25596e6eab5a1d2012a,false
XSS-5581,xss,PayloadBox/html5sec,1117cf0a707c3359e24901d1da0c1982ef1d919a39b9cac355eff971a9ee1dbb,false
XSS-5582,xss,PayloadBox/html5sec,90305f4008635125ba6ca3bb422e92a05556a4840b26a4c3b5f0d2f477d06374,false
XSS-5583,xss,PayloadBox/html5sec,06cc8999d983fa4d475f2947ef3b4cbdae87c7a6574311f1f3049ed8523350f1,false
XSS-5584,xss,PayloadBox/html5sec,aef75465ef73ba088800549284f32a4908fe40cef4649927f0f879bde49824d0,false
XSS-5585,xss,PayloadBox/html5sec,16356623b12e2d6da26539c9ee624d7fde1b52e7c50286635691f983a2e39dd6,false
XSS-5586,xss,PayloadBox/html5sec,f4a088f7084d5976a9ed76a52a01fba4af88d4c6892bdbb0bc011ebf5c8fddbf,false
XSS-5587,xss,PayloadBox/html5sec,faaf9a9ca58a1113cf68f9e9da69769fad8785ba5dab18c3fd5c4171488812c4,false
XSS-5588,xss,PayloadBox/html5sec,63becc7ed59ac8e12950aa0caa212f57eb96f43e38c66fe78ff11f5f9542f512,false
XSS-5589,xss,PayloadBox/html5sec,1ef21b68030f4a190d7fc274e20289f7f35f8e3e7954f14193160cf3ea94e604,false
XSS-5590,xss,PayloadBox/html5sec,13de29c5042b5d5d1e34f5a9a2645d6f14ea8904762f0a1cb02224c3c51d622e,false
XSS-5591,xss,PayloadBox/html5sec,e8dba42d28805659edb9cdd02a0aa2dc195a0c8f3a283c19ed59cd17382dc8d6,false
XSS-5592,xss,PayloadBox/html5sec,ccc95bef957ee50abdb7f1e20939315a78063eb100dddb1e40bccc4c495c4cc1,false
XSS-5593,xss,PayloadBox/html5sec,b08b062e4c5ba1df452abdbe40fccd5558f69468fe8c23ec930a50a46aa0ee45,false
XSS-5594,xss,PayloadBox/html5sec,c2d24e07405c90116090107f028a2436283b1dfcae702e2fe7d6f2610cca5a6b,false
XSS-5595,xss,PayloadBox/html5sec,a4c599e4485f66e08f8974a4ec270f90debca61261006a83ab8058f5841e857f,false
XSS-5596,xss,PayloadBox/html5sec,c6451a264c1e59fa8922325ecabef44776e2a6ed7a33fc1825415c1bcc98b990,false
XSS-5597,xss,PayloadBox/html5sec,adb35fc99bcec13bcadf361afcdcfae427a0d0b15995ee77261cad68cd349ce1,false
XSS-5598,xss,PayloadBox/html5sec,b943c616d953a95dde52e00e7c62291a40f5b8f84cfbadc335354156f4c0dca3,false
XSS-5599,xss,PayloadBox/html5sec,191b7930ccfadfcbe472383a7df4aa0747d0cf2127b17ac319c64852cf5d37e9,false
XSS-5600,xss,PayloadBox/html5sec,b29727e4b71feabb02d1c066bf805c6645e7495b02d003dc53b3f4eeba5147aa,false
XSS-5601,xss,PayloadBox/html5sec,e31f88ba31fcd38b5e5bb5894582e5ed9a098719f8819391287e918d27a1639b,false
XSS-5602,xss,PayloadBox/html5sec,32cefb42fb56a4028a54dd11ee148f24ab9f7737ea3daef3a95b942f8fda25e1,false
XSS-5603,xss,PayloadBox/html5sec,34cb6d25fbe88f57cb0fb5df9d09da83835d12c05d3537bf83c0c27e5b337d33,false
XSS-5604,xss,PayloadBox/html5sec,7ebc768d7b8f2259b1708e3e28bb1a81f820ce751fd3f7544abcf9cece0ce3e6,false
XSS-5605,xss,PayloadBox/html5sec,88ad473612e7869129caac90797815923337d70952914e09268e16a851d1265f,false
XSS-5606,xss,PayloadBox/html5sec,59ad5da7ac44b5ba59823f856b28a768b7c46bb505c26705ea73653c52a9a301,false
XSS-5607,xss,PayloadBox/html5sec,de086d8fc9e981dcad4e77e431990dca7ccfbad454a21b663614af2aed67f1cf,false
XSS-5608,xss,PayloadBox/html5sec,7fb7c60b24763bc6b067088e10a071c89420145b63269b7e8184182944abe75e,false
XSS-5609,xss,PayloadBox/html5sec,18c6905767775169726d1f1f5c097963f5a7539ba5e45fdb2aab458f72ae32e4,false
XSS-5610,xss,PayloadBox/html5sec,4a91cfd44463bc3807fff36cffc52eba979c7af21ec82527fa56b7e7161161d2,false
XSS-5611,xss,PayloadBox/html5sec,51038d086d7dbb163459a24c26c731d27f767ad29bd3665995e79082f4bacd47,false
XSS-5612,xss,PayloadBox/html5sec,627b2600c4955abea2324799992b8b34cc4dbd8ff4dc15ed69f0fbcd530ba636,false
XSS-5613,xss,PayloadBox/html5sec,1c058112946ad2d5219fd0232580e37551c962c7120dd08478c863f9d694a14f,false
XSS-5614,xss,PayloadBox/html5sec,b265ccb3570a809411cec12cab0f7c9ba5ed7b35a9e42cd9283a712eb060002b,false
XSS-5615,xss,PayloadBox/html5sec,a257ff5f1cbcf7b2da30112ad86158c468ee8cddf56490897cd8f205b699a7e1,false
XSS-5616,xss,PayloadBox/html5sec,e4c8279e04832506365edb19935710f2e9b050a1b278377eaf24e5fd9939e3ac,false
XSS-5617,xss,PayloadBox/html5sec,d2ed08aeab40192b2dc2950937bd285d3cc2861926c08b42045f37a6747785af,false
XSS-5618,xss,PayloadBox/html5sec,faec6641b60433bc33f74cbf61a5a42d09319336d4e3f6c9146ef59ebd094572,false
XSS-5619,xss,PayloadBox/html5sec,0fac60d6df45332bb2d682a28e7ae094146d467717eead1c98da66c3b1f0437a,false
XSS-5620,xss,PayloadBox/html5sec,3ef4c2276ee824a8b276723bad08411b7c2428730fb2925328cba130eef62335,false
XSS-5621,xss,PayloadBox/html5sec,0190d79f4ee97c7332ddc326813aa0f6fe91749c3491694c96af6ed6a71b1551,false
XSS-5622,xss,PayloadBox/html5sec,634b7252bdb627164f27ab2bb0057fcf29c819938e3c9313c5ee0eb9fd36ea7f,false
XSS-5623,xss,PayloadBox/html5sec,f65213ca34b43484d586b0d419451fecec32949a46bed15bf5b9a04a576d438f,false
XSS-5624,xss,PayloadBox/html5sec,cf04018d92607a57e0f71838e71534bd728d1c1971831bfc89b30ac9c581e1a3,false
XSS-5625,xss,PayloadBox/html5sec,278acd24c02a323d25fbffdba1c15264905f1be761ce0972ead1ed5469740f5d,false
XSS-5626,xss,PayloadBox/html5sec,e975a1a88136718772de478695665b43956ea8845c8a385b72ce0ad3a473f68c,false
XSS-5627,xss,PayloadBox/html5sec,2ef215e703984f79cefa1a7e55e06b384723622b0b537f45fb46a7c4b65be51b,false
XSS-5628,xss,PayloadBox/html5sec,9c006ede52ed736daf900a68c392810d211840067797e17bb7a8a4f8f698d22e,false
XSS-5629,xss,PayloadBox/html5sec,c789f6cecfce329335372ff239dac3098860affd6e07e3d003ba2743497dd0aa,false
XSS-5630,xss,PayloadBox/html5sec,13d4d46d1a4b06465e638fc29f21c02f91c657c69364d6879e867a3bf04d9c69,false
XSS-5631,xss,PayloadBox/html5sec,00e41d3b20eb1ba35179e69e2eac564ff6beb8546683af1fac4b9e64e52c4365,false
XSS-5632,xss,PayloadBox/html5sec,cbfff7a5f0672815f5407b198064db9fa3e9c52283f13515cf26d25af4947319,false
XSS-5633,xss,PayloadBox/html5sec,927782229f97e36e392ea520764f6de06e111a190522ba67abdb306cf6d03999,false
XSS-5634,xss,PayloadBox/html5sec,ad88548a57ca91c66fa9488a2996802ee21cff041c16bea9cf3ef1af4ba6c0ec,false
XSS-5635,xss,PayloadBox/html5sec,589315f9020faaafca0f0457a5310b6128dda2532c98db1ba95d1b7f1531dcc1,false
XSS-5636,xss,PayloadBox/html5sec,556a0ca10340ffddd3de79fa681ee6dea3136b227cfc5f15fbb92044917a782e,false
XSS-5637,xss,PayloadBox/html5sec,5b4c12e0c484a6418cc4c9c1b4d8c5a85c0e25810d298f51c52ac394e62b382b,false
XSS-5638,xss,PayloadBox/html5sec,34eb535fa6be71f4a7ad0ee5f6d6ee8b7116679449c485423296cad775f74b0e,false
XSS-5639,xss,PayloadBox/html5sec,f28f02474b8b103fddf1c0b51570c95da880a51518579d20b0dd866277dc3393,false
XSS-5640,xss,PayloadBox/html5sec,c980614b4c4a499c938fd92f74b8bc7506833f6fd4cab5a18c45fb483c7c88ce,false
XSS-5641,xss,PayloadBox/html5sec,8a41bf1a94dc15b98bbee6135677d14a1467885292628c73f0efeb830dc67ea1,false
XSS-5642,xss,PayloadBox/html5sec,da8aff9dd97b79e2c4df97c5f7901adbf7954c75d0aa7a1db9c07099f7ee4528,false
XSS-5643,xss,PayloadBox/html5sec,bdc867396c15b970684455dd0c44c4230f7ee2773d03b7c135cd40e7675c1692,false
XSS-5644,xss,PayloadBox/html5sec,36d9a3e354f3aadf904ab76b44b4d2b8dc35012b35c9ac64c41ec07853114442,false
XSS-5645,xss,PayloadBox/html5sec,848e235de165a6b360b42dd5823d8d952103429435f0a1d2f99c237a59c47135,false
XSS-5646,xss,PayloadBox/html5sec,2da4075836828a25b49dbdeba6d45999d7b80cbf17f374805702da502799b0f8,false
XSS-5647,xss,PayloadBox/html5sec,c509f418ce0682deccdf6a7622cf7cf61be6a6c1cdc3eb04d4b9aadcec921a5b,false
XSS-5648,xss,PayloadBox/html5sec,bc4ff503fef33ba565e3cc5f81ee1d49f2e01c07f2f439c2a09a9395132f986b,false
XSS-5649,xss,PayloadBox/html5sec,e3ae88e064567efbb82f5696aa3546191b9c0a44f9f0c52b183413b62f2dc6fe,false
XSS-5650,xss,PayloadBox/html5sec,32fa43a322aa41568804cddeb485a39d1f1ae0c5557995ef25a94c41c04f30ad,false
XSS-5651,xss,PayloadBox/html5sec,d12ed920f4b977cf14a69136d0ea7d8db18cd29c0cc229592cc43476737f0caa,false
XSS-5652,xss,PayloadBox/html5sec,a93da01b1ca955f8d046a91784d8978282399f9af4a12bbef37f30ac7ff3f897,false
XSS-5653,xss,PayloadBox/html5sec,37a4d773166e08df2e5f2a8cc8b179c911be1e1fa24e2ebc6ac8cd61e757ee40,false
XSS-5654,xss,PayloadBox/html5sec,25eb32122e53f8dc81d40850827a63136f35f6e80eb57193c04a54ad158d38dd,false
XSS-5655,xss,PayloadBox/html5sec,89338e64147c1890a4446b3555766f27b5fd0386f730e55f3cef3045b95b30c9,false
XSS-5656,xss,PayloadBox/html5sec,fec7d852a5258f31d90969ae82689084c11980f2d8de495464d9a8b18de42d73,false
XSS-5657,xss,PayloadBox/html5sec,bc09b2b478df2a5b1335ee646cba1e9cb7e449ebfdd3823261c06284b3c47fef,false
XSS-5658,xss,PayloadBox/html5sec,4f2f1485283f36bc9c234d247ec09055523e0e6e508dfc391fc6fc1ac2241b72,false
XSS-5659,xss,PayloadBox/html5sec,60387e50d243957a3d0f498c0ba55ed690ba228cbfe889849460da56439210c0,false
XSS-5660,xss,PayloadBox/html5sec,4ff2b35fc9386dd84f2c2f6b7ecc2c1184e5322fdc41543db89384fe2448f5f4,false
XSS-5661,xss,PayloadBox/html5sec,9b763c50b39c53bd7be4abd751d8c2fa708ffd65ca46a52d74c28b566f4d6c2b,false
XSS-5662,xss,PayloadBox/html5sec,66522fc47ed177a4b6351e281bea72c8af46998f5fb631ed5611fedc1e98df73,false
XSS-5663,xss,PayloadBox/html5sec,40c974e8c814aae6ec573b2dc3225ca8a5d6926ff92fafeac0672f62ba4432bd,false
XSS-5664,xss,PayloadBox/html5sec,93de15796235c1e4ca6fb92433b938c403d62f6b573a40268f67edec2d1c3367,false
XSS-5665,xss,PayloadBox/html5sec,3a620e2b8ff0907ad7a275741c93157afca93e2ea6e32780c9e375f856d40a2a,false
XSS-5666,xss,PayloadBox/html5sec,e0d9533abfb947821b15452cd5b83c599b2535fd95237562bc4c2d2679c35ac0,false
XSS-5667,xss,PayloadBox/html5sec,a3014c9cf048553176f6494f020158c4570bd325951f52c3e1e229c27b7a0bd1,false
XSS-5668,xss,PayloadBox/html5sec,b83b071a922974048abf75578d6b07887d135611d0be24defbfda7c1a989c50c,false
XSS-5669,xss,PayloadBox/html5sec,58e4349bfacdd48a997d0993407adfdebc9627e5126b6436309ac625e164d81d,false
XSS-5670,xss,PayloadBox/html5sec,2696ef049556c4e742d586df512c2ade737c040fe8298f8212e29582a52e2ef5,false
XSS-5671,xss,PayloadBox/html5sec,952eb9c362c93ea1299ec75c691db9da7f7a1bea9d70c474030d809f4968333c,false
XSS-5672,xss,PayloadBox/html5sec,3b634784d4e545b9a44b140262a533f24a6480770b3e672181f0399bce09c743,false
XSS-5673,xss,PayloadBox/html5sec,777f6d86ecb532c32e2b9b9985406d877a849b0fae07326dfcbde33ee54e012f,false
XSS-5674,xss,PayloadBox/html5sec,caf93b252a17cc1db7e2de3be07e6fa258585f1e0bf1cc85e615b961b36ee59e,false
XSS-5675,xss,PayloadBox/html5sec,c3bd6b00febc44f6e09162c0d32bd090ae5d442f7d36d13c70c28f4a6ccf2ca8,false
XSS-5676,xss,PayloadBox/html5sec,309a8010c386bab50f7d7fafd1c5931da418d913c5218bb769bf975d764a7511,false
XSS-5677,xss,PayloadBox/html5sec,3b5edf53a2ec178eb19f9d92804092e0760d2cffafc1365bcd0f6e3798f4471c,false
XSS-5678,xss,PayloadBox/html5sec,b06fdb22476212ece46658b7959650210a819205058238f715a375b890d3f712,false
XSS-5679,xss,PayloadBox/html5sec,0bed4c9c53040283c54e81384566cb4284e8c043a2b656271874de3c4e8e6e8e,false
XSS-5680,xss,PayloadBox/html5sec,7e0c9cc5527eacbbfea884f64c35a6a09976fa525105130f0164b2d57bed897a,false
XSS-5681,xss,PayloadBox/html5sec,c31c42069cd3c1ffcfcc82a903c401704ea0d16940076ff2dc1e23554213d424,false
XSS-5682,xss,PayloadBox/html5sec,c9069a8efe1762dc4587e5812292d6ac33757fa2544c016c0549cfa505911ff3,false
XSS-5683,xss,PayloadBox/html5sec,16e06a0dfbf92c69c705fa16710062dee05e229325c3fb2704196ec4d9dc25a9,false
XSS-5684,xss,PayloadBox/html5sec,cf4d32b97cbb2d3aa70f2434ee4080bcb2feb8b13cc739ab6e8fbd4b47279f57,false
XSS-5685,xss,PayloadBox/html5sec,dc6019399bf7000bdd7b40c3f78b1bf31327d66a5e90d7139f819f289e6db4a0,false
XSS-5686,xss,PayloadBox/html5sec,78582c972a84a470e154c4c5f0aee60581a7eb2b6e4173f1d9da1a6e9734f2bc,false
XSS-5687,xss,PayloadBox/html5sec,5a6a0b9537b8254a8d43c0347e9925992f9ff0f4dd89798b11d6f6d868e454a4,false
XSS-5688,xss,PayloadBox/html5sec,0a00d8bd885812443077d1fe2409b38cf6b2985ea6b29605c24de4a63e7ecb03,false
XSS-5689,xss,PayloadBox/html5sec,dd567147df26fab6da1ab48724062f4a96d87748146cccad1c76f125de327d1a,false
XSS-5690,xss,PayloadBox/html5sec,7dd8350ab8bb358b6b0ef5975760223c50fc73736c943e13cb6eb34266b7ff57,false
XSS-5691,xss,PayloadBox/html5sec,49891b4468f83b782a02fa0a64738e5fb6222e7e28834597a97b5ba118879af1,false
XSS-5692,xss,PayloadBox/html5sec,de604d316e6560f9ff229634e29cc0d26d390aeaa99d58b777e33ea420f9c127,false
XSS-5693,xss,PayloadBox/html5sec,2daae6ebe3fe59a5ac75b6b791849c2d431e8e45b40de73703869bcdc6c83fca,false
XSS-5694,xss,PayloadBox/html5sec,2863205cd78c73023405a850ad237f8940b5583558fff1f1abbdda477e675228,false
XSS-5695,xss,PayloadBox/html5sec,8615ff71e0c2b0e8640754bf8e25b4dbb33c5706b69ecc64a6e18b4cdb45d493,false
XSS-5696,xss,PayloadBox/html5sec,1a2d7b4a936a7030e1671039b51ea9050a49f3fccd9d86c41b8ffb48d3e46963,false
XSS-5697,xss,PayloadBox/html5sec,0d8257c5ce73fd05bd972a8c40541a09ccc452dab6fa0214446841b52e14f7e0,false
XSS-5698,xss,PayloadBox/html5sec,fff5b8568d08d499513b5e626e46c8e42d77bc17caf9106be216d38be1e9710c,false
XSS-5699,xss,PayloadBox/html5sec,79b3fd0b3226df9e3642c0b412d8c655784e53631db3ede4c030e20b3a5386ec,false
XSS-5700,xss,PayloadBox/html5sec,338fab802e0629fdd9a8036ec266d73f1dfbb5f46d6823e40964200503c56bf1,false
XSS-5701,xss,PayloadBox/html5sec,6f75d3922ffa10ea8c20fa776c5cbdbfede9a9515da2f0074d86fc2ceedeecce,false
XSS-5702,xss,PayloadBox/html5sec,b30501ce49160fe40a39ed5d066afff0e727f043dfde4c18f74622d3c991d8b7,false
XSS-5703,xss,PayloadBox/html5sec,f925d9d8f505f8a61478cbfae493c27f11bd815def9fa06a68bb11f9ca11a7ac,false
XSS-5704,xss,PayloadBox/html5sec,f1bf2fc7a6dc876ca9cd6bd2f672f4d05898c54766560a1e87a5a06cb3928be9,false
XSS-5705,xss,PayloadBox/html5sec,5227223a07512f125c3af84d1bae87d957bbccb002aaa1aa851156b5240c2877,false
XSS-5706,xss,PayloadBox/html5sec,7d3dfe65265023ba00f84e13eef3c55d475ee1306b33308d4881d4d3dde60565,false
XSS-5707,xss,PayloadBox/html5sec,1eef31739bbe503824042ad403e539808d6edd29ee5e42a1f99d41dff936c668,false
XSS-5708,xss,PayloadBox/html5sec,c8e89a8fce314697b01ed32c0e83cbbf9e21bb6ddfe3acf2c75d602a6a1ae878,false
XSS-5709,xss,PayloadBox/html5sec,e09951a2179d005336f98a0ceb875a7691bc3e515d532c07b465b0e7bd02bcfb,false
XSS-5710,xss,PayloadBox/html5sec,7d6a185390d1717972dd77e983b1b95ba67eef95d5a02cda87a8b7cfc6675c9f,false
XSS-5711,xss,PayloadBox/html5sec,fa95478bd7abb82435ffd98d9218108a3a784a95e068049c572293ae41641fd4,false
XSS-5712,xss,PayloadBox/html5sec,cdaeee466a1a53dc1a0dc09f72b5c638d2b51e5d5b6d7bcf278cf04e4c407186,false
XSS-5713,xss,PayloadBox/html5sec,ef2c844211a682b98c8d94b0eb158d310aaf0ad6b7bca7e1386ad1b4101e1166,false
XSS-5714,xss,PayloadBox/html5sec,4464c5915fb227e1659d16143b983a7da4bdd1c408e62e8fe4929754f1436501,false
XSS-5715,xss,PayloadBox/html5sec,403d61d864943d6ceeb7379e25f96c9e70ed053ef1f7d8bc69c3db5d732f852a,false
XSS-5716,xss,PayloadBox/html5sec,a806458c4623ba566d2ac82d6536097cd3c8e6c6d856e35f2cebf7b256f4b36b,false
XSS-5717,xss,PayloadBox/html5sec,d12e8b8c9f672834827154015356ecdfe7e25b5cb9424972bda7a0db4ca3c830,false
XSS-5718,xss,PayloadBox/html5sec,d32d2d44dbc701bdaea08e08020f2889c68b04f96bd6f574e1c8d3c86d166252,false
XSS-5719,xss,PayloadBox/html5sec,13a808b94365e1356240c4117feaadfad68e568aa4d29c080d91575b28afd218,false
XSS-5720,xss,PayloadBox/html5sec,c77e7648d7420f3ba7688c450a237a3616116966a285d708d11b4f77117a2240,false
XSS-5721,xss,PayloadBox/html5sec,a77fc606acdc85bb1ba4032283688e980b08f40660e422c46397e2070b49e6b0,false
XSS-5722,xss,PayloadBox/html5sec,bb02c1fe4c18af171e527d7cb371dc48ff3240450f71b3c2beb987c4a4fd2d86,false
XSS-5723,xss,PayloadBox/html5sec,f624ce23931067ca206cf0e443c62aa493480f098b78a22e707056aa1618b1b8,false
XSS-5724,xss,PayloadBox/html5sec,20e4b3b8e4081b9d85142af47788effcfa5794180004eff5fd98992eb1a6894f,false
XSS-5725,xss,PayloadBox/html5sec,6a0c58ed49ba4d8967fd4e08d878b1063dfea2bf69b1467ea3f67248d5540ebc,false
XSS-5726,xss,PayloadBox/html5sec,3789231f39ac433858a5edde88c5f9b6e41d4ec61e48322f9781571434533c86,false
XSS-5727,xss,PayloadBox/html5sec,776246ce1f1abe32792a93bc04feedb47c6fe51f186d2709b302b78ff10ffdcb,false
XSS-5728,xss,PayloadBox/html5sec,d4c49a9eb638187081949e7fd8a414939a03c823793b61f39c1d0475d7e7e4e1,false
XSS-5729,xss,PayloadBox/html5sec,8539dacc0bff397e61224f9b1519641e4cdb8ad1b364190e83b4b7ca193bc5a0,false
XSS-5730,xss,PayloadBox/html5sec,8873fb1a255ce48033e9c0a91b03c17cdb682229898fdd29a01d1562111592d0,false
XSS-5731,xss,PayloadBox/html5sec,31ff3acea4a58f5cefcbdcabc2b1f620a7512dfe84d3d21293ec2facfaa260cf,false
XSS-5732,xss,PayloadBox/html5sec,1341bf3cc50ebacc512b1b037c92c1b7e553d2a2faeda4b4b333b69bbcbafbda,false
XSS-5733,xss,PayloadBox/html5sec,14d418d8b793a248dfbe12188fb63d395f3ec14b9e681bbfcda01a0aefce286e,false
XSS-5734,xss,PayloadBox/html5sec,86add6050069abe9a1daf54281855d52c87e953ededbac9aeb3e10408e87222a,false
XSS-5735,xss,PayloadBox/html5sec,4373945db26d76462cae14210c9cb0c91adf1caaa1eca9919ece53f2b4d1515b,false
XSS-5736,xss,PayloadBox/html5sec,dfd5414bb29fd24cccda87ee1994e7feaa2a9368040d138a776a6cc96af14a9e,false
XSS-5737,xss,PayloadBox/html5sec,cc7896bc74f2ad61ef52e6055e91f2623ab89f03af1391baa3a074bdff0b1857,false
XSS-5738,xss,PayloadBox/html5sec,3a075387774e2e249bbee898cdf1093328f133491ba8b73b940f22b7253531d6,false
XSS-5739,xss,PayloadBox/html5sec,5503603d6982f73d04e9317a1780203863c124edd5db6214ed94ddecdbbef86e,false
XSS-5740,xss,PayloadBox/html5sec,da64980132a63ac002565f5e211694f2f5c3d09d13bd0ab6fb9ee577c34501e4,false
XSS-5741,xss,PayloadBox/html5sec,2d1a94d918f41f0545d07290cc5f75d41be2e2d11abd36b240010e50ed45322d,false
XSS-5742,xss,PayloadBox/html5sec,787440f6b7a6928faf36efa3bd2633072e61524c66e8ed432d5116f357516113,false
XSS-5743,xss,PayloadBox/html5sec,d54f2e22696f1061b0214fd33074275814a4014001d484144da284d390e18865,false
XSS-5744,xss,PayloadBox/html5sec,d9551d41f6ed1ad6fdc05f854a373ec32622979fc90cd09b2a4c699d77a20c8f,false
XSS-5745,xss,PayloadBox/html5sec,9f53d2338fa57c5a03c6b50ad22d1c2c379b2463ee043bcfee08811a61cefe66,false
XSS-5746,xss,PayloadBox/html5sec,573c0b4c9125ec95f796bd9cfe2f665eb4e02c686f397693cb72b091aa0831f5,false
XSS-5747,xss,PayloadBox/html5sec,dbf62a87ebb8e2dc0bada25d9583096854c8846c9fdda15cfd4be8ed7e1313f2,false
XSS-5748,xss,PayloadBox/html5sec,f2a3fa8db27215666b9cf6b0e7eb653a579338c7bb34a965a9c087b65d272f3d,false
XSS-5749,xss,PayloadBox/html5sec,8f5b4e90e191d485b7bdfbc4c119adb3692253b34c59c2aad09fb5518fdefdc8,false
XSS-5750,xss,PayloadBox/html5sec,76d711336e27ff345512f38ab6d8aea50a23efe67610fd595a3ebdf70d00b696,false
XSS-5751,xss,PayloadBox/html5sec,520b56622d6fe3213b01b7d1626ebf645b8adfab71687ccd49bf1574d61e61fd,false
XSS-5752,xss,PayloadBox/html5sec,1898d6ddb290d2877695ca4362dccdddbbfc7de5ad4019c339e9460f92170ab2,false
XSS-5753,xss,PayloadBox/html5sec,6522d03c70e11aedf3c3ae4594ebc441d8a39b1adbb11cd664838278f676b334,false
XSS-5754,xss,PayloadBox/html5sec,eb0438c951f31e7fbf7cd796c572ddeaeac21ff7177962c69437ac68c4a839bb,false
XSS-5755,xss,PayloadBox/html5sec,9c42121f769324b96d2295e21fce2436263d5feed88b5240f3fac12ec50d8a86,false
XSS-5756,xss,PayloadBox/html5sec,7bb4a10d1efedd8971ba8164c7587f11a017fa14975dccd5a5ffc538a2673bdc,false
XSS-5757,xss,PayloadBox/html5sec,0e5911e40acddaa43781aab1e3a648a8012235702d7dd81f22564b1c604f780d,false
XSS-5758,xss,PayloadBox/html5sec,63517cb90d360f0a3d45bb5b581036a247a1cca60baebe2c67282f8721ef2626,false
XSS-5759,xss,PayloadBox/html5sec,a4722657cf863ec655d97d14c9c20f5a9e9afcb4092f7677cd2147ee1ea0e069,false
XSS-5760,xss,PayloadBox/html5sec,2ce4c1da805e490c7d50c877176d24d4a61cf14e50f14a4e54b8f7d82eed4755,false
XSS-5761,xss,PayloadBox/html5sec,743296d289ca6e8ec0e5ac4653b5b1895df558824509c0da07e89440cc08e4d7,false
XSS-5762,xss,PayloadBox/html5sec,0cb42bfaf1213f6daeb017b3bd0a07a76c72185b90b934c44fe413af0fa5d239,false
XSS-5763,xss,PayloadBox/html5sec,3c4b5189cd88140db1bb33d19f19a8a274410ab80b502bdfe49cfd0d36268c98,false
XSS-5764,xss,PayloadBox/html5sec,e3e692eb674a5909d0d884fc56c248d833e7de14d0330e4dde3db57199710c0f,false
XSS-5765,xss,PayloadBox/html5sec,03c809dcea3ce1b238e62c95d6279446f0d412395bff5dedbe7703520f84e593,false
XSS-5766,xss,PayloadBox/html5sec,078467f0c0baef7d29238e7b0fd2b775d39b0faede2fc05436cfdae3336a1de5,false
XSS-5767,xss,PayloadBox/html5sec,dfa18c93c89752b976a7b21e13d9e40384f456b936d8ad3b7e7bd7d8487b21b3,false
XSS-5768,xss,PayloadBox/html5sec,22ced98c35bc362a1847dd83b396363f6df685fb1303da4573c7ce44f04ee80c,false
XSS-5769,xss,PayloadBox/html5sec,0a3f460a8b4797971e084b19fba4993bd381fb640eacddce3da330a771379d97,false
XSS-5770,xss,PayloadBox/html5sec,5d262c8da6d087ae7cd00f9a54871250438544d1ce43280f33adeec49fd2ef8f,false
XSS-5771,xss,PayloadBox/html5sec,4747eb27b138b11f478fe72944e6349eccb76dfa83dc0841d31b2c4547c333ed,false
XSS-5772,xss,PayloadBox/html5sec,8321f6406921ea79f811aa30b16ba92455f638c230170e601bccc0fad93b12cc,false
XSS-5773,xss,PayloadBox/html5sec,5afbe454ac644e2b682ffa3448a667704714268725a20a3cbc6b5aa43e9657f3,false
XSS-5774,xss,PayloadBox/html5sec,1ec34de86021a2464e3b8bcdd41cf1566f8dcf5421f93079a6d3b51f335df389,false
XSS-5775,xss,PayloadBox/html5sec,cce1d07ce913be1cf92f5e03a1c2694b3c22beffe7a6a3da215a422610f152e0,false
XSS-5776,xss,PayloadBox/html5sec,9480c7636c097ebd0140d6be48af34b9c85f287aab1c2dfeeacbeef89d13ce98,false
XSS-5777,xss,PayloadBox/html5sec,e1089bed73e5a027b4956ff3a182bd931433146f8542cc47fd9a3f1fb0290ed5,false
XSS-5778,xss,PayloadBox/html5sec,1d478246312534db9b33c7246118a009ce44be38176b740c334c0b1c40e60d94,false
XSS-5779,xss,PayloadBox/html5sec,b22aac739e1cee269a1f8f73b70ea20fc78a6aa048b22ec82d5bf22e4a103ab5,false
XSS-5780,xss,PayloadBox/html5sec,4e45806c291e8841451128d020c3184ab8da463af67cdb889324b471fa84b27b,false
XSS-5781,xss,PayloadBox/html5sec,b474b4366f77abc4bd9a2117db6a4a5602dcaaac4d565242ecbe69ade5c588c8,false
XSS-5782,xss,PayloadBox/html5sec,8d75eadc37be8516a1c09ce83eee8a83f63f0003d4c6c26b926c9615a230b7d5,false
XSS-5783,xss,PayloadBox/html5sec,6f08ded726574a5ea6d4284ced31db43e27e4ba6b0feed42a05042213e44b71c,false
XSS-5784,xss,PayloadBox/html5sec,d36226a09b51f19ad880f19eb1fd495ea429152bb4f8b32fd64a387edd9b98d4,false
XSS-5785,xss,PayloadBox/html5sec,2d50bc3c76ce85dde5bc24946508866b756fc7479183038e8dc744a48089734f,false
XSS-5786,xss,PayloadBox/html5sec,41870c575c768cbaa053942fef1c2fbaae15cd6486bb52c185741b9d1e14ab8d,false
XSS-5787,xss,PayloadBox/html5sec,1290908b3017810dfe9216d81050b50bb04a676d2ce0534f390d42650213ad7d,false
XSS-5788,xss,PayloadBox/html5sec,7bc41f13122686b001655a8e28b3b2e4f11302856b732f734608e7e6536f7ca0,false
XSS-5789,xss,PayloadBox/html5sec,7fa369d69832ad902253a00b7e5c14c9d6ea793c7d312984ee8bbe5d7c4c21bf,false
XSS-5790,xss,PayloadBox/html5sec,1c97498fb4b669ce09cf52236ab175bec34a38f934cbac664888283336d52695,false
XSS-5791,xss,PayloadBox/html5sec,368ac3230aeb1dc83cf1c02fd31ee16277393ef2ba115b2a059de0af9e2240bd,false
XSS-5792,xss,PayloadBox/html5sec,6cf0d78f316fbb43520930c859673caf5a89a41c4d5006f120959f69723fa247,false
XSS-5793,xss,PayloadBox/html5sec,5bb009a9114e5a9da3186c27aecf9faa1b1405fcec62727b81aee92e8c632b59,false
XSS-5794,xss,PayloadBox/html5sec,2ab61db9c76b3b9707be6913bd7390143ed8de6612bfe039fae1d70549382437,false
XSS-5795,xss,PayloadBox/html5sec,972860c045be551439e2c28cd74a600f4f401b58e3e7b580469b37926c9d7511,false
XSS-5796,xss,PayloadBox/html5sec,b6a40854496ffb55da14fc10a76a14bbee72c392d9a596f97101c3887c575371,false
XSS-5797,xss,PayloadBox/html5sec,1f6311a7fa2d6d549546672647cf80cbb669afdae909fa22bdbdb9db11ddbcda,false
XSS-5798,xss,PayloadBox/html5sec,79bf18305544716827470fc16a75d7f67fbae709a8b8fd0eff0e0e2461b7c916,false
XSS-5799,xss,PayloadBox/html5sec,b68e2db6508429dddbe2b7cfc144a72e03f386c1aad5126a976cb163adc6a697,false
XSS-5800,xss,PayloadBox/html5sec,9584211665b7c121dd56b6707b886472ac53747a366cb957ddcf2485a91cfdf3,false
XSS-5801,xss,PayloadBox/html5sec,55bbb704c4c1d113b06c236f9f24fc198cfe97ef0c4a4e7bdc4f1d003bd5e8d3,false
XSS-5802,xss,PayloadBox/html5sec,76a0e687bfb4c0d7c21f0ed8d6bda3afb0b85f3ded356b451a64d22efe807d39,false
XSS-5803,xss,PayloadBox/html5sec,02e9f2bde7e4491ad45fab0d9bc483a78c3ad53adc02623567b3d06314ad3b12,false
XSS-5804,xss,PayloadBox/html5sec,0ca83ce0687007a652dd647b9683a8c4fb620c216c5cf926d77c00c57b9f48e3,false
XSS-5805,xss,PayloadBox/html5sec,f53bc8e4c7c2dbfc7ef9fe4ee2f6ea9724a30c3f87f69401ebc3b143425e8163,false
XSS-5806,xss,PayloadBox/html5sec,7c544be05f2313bc55e7f4c9e3100df54196665e0f7a6921bdaa8a15998b1647,false
XSS-5807,xss,PayloadBox/html5sec,404d9ae445c315a39a863d2edf353a01a4da204ea7ed5e026a77fb038e14d351,false
XSS-5808,xss,PayloadBox/html5sec,46050f9cbe2260ad0333ff33220fc506c0b770cfd7bdcaff940cdabf008b6e07,false
XSS-5809,xss,PayloadBox/html5sec,0f6649ce1546478aa62b7f5cdca2b6a89519b8ca43750fcaa675d5d48f212f79,false
XSS-5810,xss,PayloadBox/html5sec,ea48f2037989c8830e7b5fe9e299aae975bc2afdacc85821aeba7ff6b7a277c6,false
XSS-5811,xss,PayloadBox/html5sec,dc6aa9a945bc45a343c74fe56b211a9fb197032f564ac194a45ee081fcdf548f,false
XSS-5812,xss,PayloadBox/html5sec,ed38511a9b464a9a3c62da5eda8aa2adb3d8a34fcf1b4331fb6b71a85cd9d7ec,false
XSS-5813,xss,PayloadBox/html5sec,3aa5ff17187ae7f43b3d1eea7556f83e8967cf2062b71f66661f610bf9e7bea5,false
XSS-5814,xss,PayloadBox/html5sec,58ba248734dcee561a76e65c85f920b959acd94d5148e5c6458dca8bf08d8f0d,false
XSS-5815,xss,PayloadBox/html5sec,765da0888e12c72d06391f5ae81c38c0200695d2185179a09679af8dd679286a,false
XSS-5816,xss,PayloadBox/html5sec,046441bca3dd54f6a5c457f53b4664042960303547098a7cf7596ae9bdccc68e,false
XSS-5817,xss,PayloadBox/html5sec,44082622f94b0bf1998d924c31f1e14ff21531e20a31335958e6d11ba044bd6c,false
XSS-5818,xss,PayloadBox/html5sec,0ec4fb519ad4ec9f18974926ad389c8a6864f025ae280d57e2abf90f732cf047,false
XSS-5819,xss,PayloadBox/html5sec,5f73a2b8024bad6fd722ef84a8341193d52fba5fb1df5579226b9a7c59c3ff92,false
XSS-5820,xss,PayloadBox/html5sec,c497a87517200126b828550f4d3cfcefc26b3f351e2c7fb91e8349b9fdc340b0,false
XSS-5821,xss,PayloadBox/html5sec,49d6770ea0c5df832ccfbadd3dc879629beffd2b16d5fbea9038dc034dc824e0,false
XSS-5822,xss,PayloadBox/html5sec,59a42493290bce1bcf6f271d394aed96a4e961e3ab5fab6b28fb0aa3658a4ba2,false
XSS-5823,xss,PayloadBox/html5sec,ea94eafbbd981c6f2e410d7021ac20dc4e93b99d518cc247dfe93248baaaa796,false
XSS-5824,xss,PayloadBox/html5sec,6831f5ac7cbf9e9f54236991c381ebf1740163102d354f93d8129c9cb423a9fe,false
XSS-5825,xss,PayloadBox/html5sec,ec69429a1f64907351037dde9e5d5879c5f01ca95ab38ac9c2392f9ed50c5fcc,false
XSS-5826,xss,PayloadBox/html5sec,d9c7c71e0f82fed26563b6a16aef750580e346b4d9c7b7e43a75745a971b9899,false
XSS-5827,xss,PayloadBox/html5sec,a3e450d2d63b7a05bd6bb22297c45715d0798cf94549637ce7022729dc435549,false
XSS-5828,xss,PayloadBox/html5sec,8245cddc564e4f7c06684d79ef1631ca03c2d46ed9bbb7bd857cbf70ce235472,false
XSS-5829,xss,PayloadBox/html5sec,3c62f9fb671d055d3749031c1960e658420f7696531dbfef2ff1a695856f9642,false
XSS-5830,xss,PayloadBox/html5sec,925e10a9ae85693e1bb921013067b880061e4f19c65d668f63cd9cab90ec27be,false
XSS-5831,xss,PayloadBox/html5sec,23ad737bdccd1be95e2f8daad825b19e98bfa716002bda2c91d11c0cd1c0bc0c,false
XSS-5832,xss,PayloadBox/html5sec,f4632d02bd8dbd60fd9f84e1e6d0108562d6aafb1c36ebcc4226e95e15211da2,false
XSS-5833,xss,PayloadBox/html5sec,6a1ae8ec09c24b571f3db9ee119e6f95845546bc5911f981ffb0888ac05fb2b6,false
XSS-5834,xss,PayloadBox/html5sec,06dbf62313c8a7e200267b82e45ff3caf9f4e6d4f6686e8db11c48a7abaf5e32,false
XSS-5835,xss,PayloadBox/html5sec,71e5bd83afb2de168310d8bcf1b39cfb8feb2a2f8e2f44c76a5aae73d6ac7b28,false
XSS-5836,xss,PayloadBox/html5sec,2beb1e1e24154cc0fb6124dc7a7e1d869ca09ea6f0f02d25a1f69ea3d60c0f82,false
XSS-5837,xss,PayloadBox/html5sec,ec3f67c2616ec2c58afa553487ecf455f942a9ec4938410c0dd295aa30d10177,false
XSS-5838,xss,PayloadBox/html5sec,acd944221b3a14637a1640fe482691b7f57035e0be7a7cd1846618753fa65e86,false
XSS-5839,xss,PayloadBox/html5sec,938d8853ca155c713eb8b757eb7cc2743180a9fbcd57ff484639ba6f18c16271,false
XSS-5840,xss,PayloadBox/html5sec,473e8f2de8029bc16bb04b6961b0667cf9a5896e46ba36d28a26b0f3a9614072,false
XSS-5841,xss,PayloadBox/html5sec,3f3bbd4a74577b3484338a8f7f4ddbc42552515aed7923884daa1091ce1083d4,false
XSS-5842,xss,PayloadBox/html5sec,bd173cc9e0d3f5208f94ba2c4fa21be11492c0673c66fa5d58d5a9cb5761540d,false
XSS-5843,xss,PayloadBox/html5sec,2afcc35ba6c9eb0f63984915e0e4659480694e3bd49ac3af374865e0319d9160,false
XSS-5844,xss,PayloadBox/html5sec,a10a7e2283708c22295923eecdd257a7140e271597ea421d1669c1f0715d7a04,false
XSS-5845,xss,PayloadBox/html5sec,110b25e08ae50da7fffc5ff101b71d3929667eae80dee186901c39ef4826aed5,false
XSS-5846,xss,PayloadBox/html5sec,ecd9b773e315da05d0c9ec507c88c3186312026e566e5faa67a7177cf8dc9b5b,false
XSS-5847,xss,PayloadBox/html5sec,aa5efe6d120b044cdbfd8dc10ad02fbbbfee6a8394c9501f9df36c6f06e752e3,false
XSS-5848,xss,PayloadBox/html5sec,dfe8daa5289d1578a6aa045f820efc8313e98d3f93a4dd1e2f8f1814235555ad,false
XSS-5849,xss,PayloadBox/html5sec,1c34c9a410278c1887aca3d824c0fe37d5d939a38fbc5b89ec056f97452e6461,false
XSS-5850,xss,PayloadBox/html5sec,49e32d9fbd990ca93755abfc9c3cfd18537d15473ea5ad53d38d290648b1bb3c,false
XSS-5851,xss,PayloadBox/html5sec,4eb131f57e5c183e23be6dc4d9b1b732f88c9afe95ed94655e1d20d2ec6e07d8,false
XSS-5852,xss,PayloadBox/html5sec,d3c65c5a8b2ef705a34f9b94e8520718201dabff5e312b3867807817e808d350,false
XSS-5853,xss,PayloadBox/html5sec,42729775ef6465e45e58c2fd3bc2cc2057e78e9050fee4342f3e3089b848f08f,false
XSS-5854,xss,PayloadBox/html5sec,2b4611c670eaaca23a8231573735d9f3b94e00afc4001087ae252c9af0b5be81,false
XSS-5855,xss,PayloadBox/html5sec,43375525e3bdddbc9f84ec1cc15018abfd23f8c304b4469a432feb116c6f09c6,false
XSS-5856,xss,PayloadBox/html5sec,f9487ed37f3861a00ba5d954aedbf43dfcb6dd4e6e744117c7138856bd595cfa,false
XSS-5857,xss,PayloadBox/html5sec,c8f84aefa8f9741ead9d947bf19bffe0b43b8aee90dc4c4b4e4921f0d91600bd,false
XSS-5858,xss,PayloadBox/html5sec,50a5c573d860b57af8441ab3b48593cf1cf014696fe53fa2da894dd61380b0e4,false
XSS-5859,xss,PayloadBox/html5sec,81798d74e135b9046cd1ef67ab4f764e4aee0df3ab54579abc3180fbfdefcf44,false
XSS-5860,xss,PayloadBox/html5sec,216c56a852e28f0e35d538b0ba330f976141a7f52495b446912762d12e68d03f,false
XSS-5861,xss,PayloadBox/html5sec,8c16812ad72d19f54506dddf63cf45bbe538b84aee571f0a48702c7b37e81bde,false
XSS-5862,xss,PayloadBox/html5sec,800b2daee3d03559a79ac1fd288154a7fd638035f1225b797e72e60053f9540e,false
XSS-5863,xss,PayloadBox/html5sec,05426a534102caf84751e6cff2edbf650a6a83e93917caa67bd80dbae6043c75,false
XSS-5864,xss,PayloadBox/html5sec,6e9c24e109ed7c746085647b6e95fc07e5d13f5342cb93308415b554e6964d8a,false
XSS-5865,xss,PayloadBox/html5sec,73e295cd44e92744930512d693f49a96355e20518a9fbd416348b3bcdeb35473,false
XSS-5866,xss,PayloadBox/html5sec,6670573625f4238c4b3dd9c0593a9cbf3847db0c5597e971e7333c9e0cbb5fdf,false
XSS-5867,xss,PayloadBox/html5sec,573285fd7262a037e0e4605d3d364549ebad46b85ecc07210004039a3b1c0a21,false
XSS-5868,xss,PayloadBox/html5sec,c97afbd5b4d84ae361b548c5d53d2dfdbffba9e6258e3da0cd3a82de03489ac1,false
XSS-5869,xss,PayloadBox/html5sec,a62f35faabcf96fab51576b04a95d06355d5180480fa13bc6843f37c5f09451f,false
XSS-5870,xss,PayloadBox/html5sec,406978693c8c1e866021f42ef55dab3190509cbf33dcfa9e4d703120f164fe26,false
XSS-5871,xss,PayloadBox/html5sec,f10b92a62fe55759824781ce515f6e51053025463434b52adb655fddc60faf2c,false
XSS-5872,xss,PayloadBox/html5sec,c6fcb729102cfca9cf1093a4a2b8816d9cdfd830f8e1182aa0ad6a7d8e482b26,false
XSS-5873,xss,PayloadBox/html5sec,94c60d9b0ca62e00747b0df733535e21c4a93494f710865b642bc02cf7777653,false
XSS-5874,xss,PayloadBox/html5sec,52f2aa894c95b7009d9d8df3bef91e241f03e8704d070b527fcac75fba72121c,false
XSS-5875,xss,PayloadBox/html5sec,b8123365dbc3c4bbc49af0a4010e4b4c94261059c5037d7732c76c128f8405e6,false
XSS-5876,xss,PayloadBox/html5sec,c4e906465320749d5b4fef1b29ee4cb5304592d3266dc5fa9dfc92304c3e21d1,false
XSS-5877,xss,PayloadBox/html5sec,e6f0fec7e3b0de0736c9949d60f02d14ce3d50ae30e84babd8fab22f8cc8bcfa,false
XSS-5878,xss,PayloadBox/html5sec,af04d4272205cd6faa1ea132789a3edf9d2e293b81630140798b9f0296488021,false
XSS-5879,xss,PayloadBox/html5sec,4837d9838b32522e0a6bb74075b940761adc83397a6007d5ac61d731c28a593c,false
XSS-5880,xss,PayloadBox/html5sec,c2cbe979634cf70fa5f60a1788650f18b507864806a25516d6f8f96c193dabf7,false
XSS-5881,xss,PayloadBox/html5sec,d1dc9d7d1643b737b11b95cc87ddb47b8e64b6158225d833e48a4308d1be76f6,false
XSS-5882,xss,PayloadBox/html5sec,369d0b75e429266694bddeeba033844147014cd57f88e1d376e569ba86fda128,false
XSS-5883,xss,PayloadBox/html5sec,f4bc4b26ba920bfbf6aa59edc6d2c0cd37017c669458db885757906264083a13,false
XSS-5884,xss,PayloadBox/html5sec,e350ca2d4e61da13975905ca44957260abedbb58c16dc406b34d436495f63896,false
XSS-5885,xss,PayloadBox/html5sec,3c513598177bd789f517c01063b6f0c4d7a77c2023d8b31cde9a45508c7ed056,false
XSS-5886,xss,PayloadBox/html5sec,f8aef3778ce74c6f4d61ee65ef94af29cfb7eca5df3ecac7663e850050848410,false
XSS-5887,xss,PayloadBox/html5sec,304e4a6d3f3e01cee9bcd4904caaa9f0609a02df3d52bc6ed6498ddd5c44d0c8,false
XSS-5888,xss,PayloadBox/html5sec,b6781170913504b28bc6e1cbb63fadca8fea8e135bd979f6f7f28e758a43a8e6,false
XSS-5889,xss,PayloadBox/html5sec,c51009f6cf0c76bc96cd34d5be868334f53f946c8c879dfc04d79d6120bf30f4,false
XSS-5890,xss,PayloadBox/html5sec,a57e851671e91f63fdfe187e6a9122d06bbc8ad82f0359d7ff54809aee83892c,false
XSS-5891,xss,PayloadBox/html5sec,abe2b79d27eb74be9e678deeee06bf2be7a601c44eca2568e21205f4a8c03ce4,false
XSS-5892,xss,PayloadBox/html5sec,5937f576a91db6b381a995ab1154cf1d14631a6e46e293595650f45ab3ef33ec,false
XSS-5893,xss,PayloadBox/html5sec,4625aef519d083f3b1441178815d44216b9692077e38d99c9ba43055c25cfdd3,false
XSS-5894,xss,PayloadBox/html5sec,14914aee1472c8cc2f61e6fc16ef7a22999910eae00a2b6f2edaf63f64666a74,false
XSS-5895,xss,PayloadBox/html5sec,95fe238a2cd31406285931dc49a82a25f1084638f44232b48e72d1b800acad3c,false
XSS-5896,xss,PayloadBox/html5sec,49891173ac38813e6ea9bb3b58f7e2244da2c7c3a0ce56cb84d4cb2349eaeb8b,false
XSS-5897,xss,PayloadBox/html5sec,8721b54ac68b32f8b642e5b2937d554f526805a36388c5de020cf9f84349b274,false
XSS-5898,xss,PayloadBox/html5sec,3fff16defbed78cbb38b6cf1819966179bd926a9e1ad532e0e4a811c664ea858,false
XSS-5899,xss,PayloadBox/html5sec,e54cbf55ce688bbf43bffa426fca4d93d7b8a2caa4a2cde331d7a775fa96d71c,false
XSS-5900,xss,PayloadBox/html5sec,b3cb83db4021930f76b2f7f7a6eba49255d636e21858ebb4cb3a4dc8171480f2,false
XSS-5901,xss,PayloadBox/html5sec,11b861f2a018e347b4c3ef1c0e9c0f871611661b2fc2b387d92d369579bc8bd0,false
XSS-5902,xss,PayloadBox/html5sec,d3b3ef42bfa696613c9f9562be0ab3303f101b23d36f94f9dfca894f5aa06c7a,false
XSS-5903,xss,PayloadBox/html5sec,a559828c4b74020d7075a5237007cad355d8180121aedd06e20a38fb21bf2be9,false
XSS-5904,xss,PayloadBox/html5sec,de332bf7ca3aeb7b93b089e5104a304a65782714f80b91c1e97bb691b9c099d5,false
XSS-5905,xss,PayloadBox/html5sec,1976160066a91ba09fe84a133817ed9b0a12e72ff0d00e79deeb295ce03b2ebd,false
XSS-5906,xss,PayloadBox/html5sec,75cf5be5860c45e761605938047fc5228109c0e52db8283ccd67415a6527d318,false
XSS-5907,xss,PayloadBox/html5sec,4b806c611e827b3c71fe09e0e32dbf3fb1721b353f679456833376c2ae5428dc,false
XSS-5908,xss,PayloadBox/html5sec,c0418a026e39f0f7b5b36e4ce70e5582f3e6089fcc073f7311a1b6b3f6f7eef5,false
XSS-5909,xss,PayloadBox/html5sec,33097b2dfcc1ac19c4b5dad13e5e9417fffbbc61a0b8bea8ff3615f43336e2f7,false
XSS-5910,xss,PayloadBox/html5sec,e8287f4c25a317e590fbf444e443d6f2be6c2aa2e82e26bbb9c06749c6e67d68,false
XSS-5911,xss,PayloadBox/html5sec,5e675693d66075c1e4c6d7ec2570a2695b6389ac56432132114e5b4249ab0a76,false
XSS-5912,xss,PayloadBox/html5sec,1abccfc1dcbffa85513e287561bc49196bad8de5f9d1b9e8074bcc36ad1079d5,false
XSS-5913,xss,PayloadBox/html5sec,ea8a04f5ecffc5dce631e07b904f6eda3087342d9028b2370e2724f0fe3056a0,false
XSS-5914,xss,PayloadBox/html5sec,e607cf92838992427dd9e4eb793e360c24c77ca587d6b66729178b3df9c75340,false
XSS-5915,xss,PayloadBox/html5sec,06fb3800a85568a66d3adc4dece336d6249f50c6a7a671f3da2f7e638a765c95,false
XSS-5916,xss,PayloadBox/html5sec,f4a3a00668b55a184e3492f0144ecb94a391617248d836d2761e26cc7d7a761a,false
XSS-5917,xss,PayloadBox/html5sec,e78d1afffe06be9e6d0cc36cebb35550360eb4769618353328a477c5b989b6e8,false
XSS-5918,xss,PayloadBox/html5sec,5567686e8a3be03de4d78fa629adc4598fe55bcb345b14c938728946629ac4ee,false
XSS-5919,xss,PayloadBox/html5sec,7e91c9fac3c900cd6307a80d205d400c3d3a7dc0a4555fce1ddeaaa4f1ec52f1,false
XSS-5920,xss,PayloadBox/html5sec,34b712707e314bc46a384aa6357b234e5c68d2571cdbe7ab33456785beb673ad,false
XSS-5921,xss,PayloadBox/html5sec,28e4ecf46cd35587d41b26f6eee44bbd708cf4813a256d6d6f04a05ae751c84f,false
XSS-5922,xss,PayloadBox/html5sec,8febeed3033b5b7580362beb90bcebbf9c87dfd9c4ea4895676398c4df23217d,false
XSS-5923,xss,PayloadBox/html5sec,f22c2acce746db848ef000d541c0eaa206603b0dcbb8a4b1a6c7aca1f09d56b9,false
XSS-5924,xss,PayloadBox/html5sec,86e9f21a8137f4c70e609c663338990355afece52f279d7a4ae535d8dfc288f9,false
XSS-5925,xss,PayloadBox/html5sec,26296e3b10970bcd31919d2cc6d2e3980791a4fba1aaefaa5338b8dde348af75,false
XSS-5926,xss,PayloadBox/html5sec,a52727bcd1cd88abf008bbf5a70f350c822e36095dbb7581a3f5d4cb1fe38f87,false
XSS-5927,xss,PayloadBox/html5sec,589976beeb4607af3c38add29daef202e9647438df00659f8051cd7cfd068f45,false
XSS-5928,xss,PayloadBox/html5sec,6ee50090ff4d66c7649a69cd8a251cf4ae4440c45955da0cd560fb66aceeb7b3,false
XSS-5929,xss,PayloadBox/html5sec,37eef039d44d5060a36a15d4643b6f1c0038b1805d308deafa342901c7570de2,false
XSS-5930,xss,PayloadBox/html5sec,7c18dae4bceb5071dfb1c6657d5c85cd4ad10923249fc2e484f4e10feb3017f2,false
XSS-5931,xss,PayloadBox/html5sec,feb24e7210132c02e058bc1cf3083bfdf89ec0c9eef73d22a52d0f7dbce5cddb,false
XSS-5932,xss,PayloadBox/html5sec,1a2eb856503297bcb4800d918f038b514038e63e1cc0c2b7acaf89e57eec72eb,false
XSS-5933,xss,PayloadBox/html5sec,fba8a64acbcc5ec711b008d3b8d57d292f5be1dea9f5a39354665590d0bfbff4,false
XSS-5934,xss,PayloadBox/html5sec,db5beac38df07c35880b94e88bb0c1d4f2f1e341966c836723d9f657eea3ff61,false
XSS-5935,xss,PayloadBox/html5sec,fbdb31baf27b67288a9816f78c43cf0ec027275a5f627cf7eaa1e191691a7a43,false
XSS-5936,xss,PayloadBox/html5sec,a73a4ae0418990a900374ce3a7ff958e79f6a36a4844570115102ae1dd7db933,false
XSS-5937,xss,PayloadBox/html5sec,7cc13703f6a93da761b0080ce470c07365198880e3bb7454ab3cf18369412617,false
XSS-5938,xss,PayloadBox/html5sec,484fcab53711380c3d4e3d86a3f70d88d0ced969329b1a42153ae36c7f6ac35a,false
XSS-5939,xss,PayloadBox/html5sec,a0d676ed33383e350b6ac9b28e287b4813fcdb3ca751cee3abee7d20e4228972,false
XSS-5940,xss,PayloadBox/html5sec,af64dae7482bc7a6ab17e0068078623952933599fbe4b5a4009e2fb2380d429d,false
XSS-5941,xss,PayloadBox/html5sec,d36800617463b291fd56433445b683e8b290646b5de673829a8612929d620a06,false
XSS-5942,xss,PayloadBox/html5sec,c736eac7939c44ecef155faefe40c79e0d6f8d52ae4ae58c128ffcd58a6fe503,false
XSS-5943,xss,PayloadBox/html5sec,e574e8688ad58c9fa808233f0485d777e23b9ca3788697f432c623dbb4aba96e,false
XSS-5944,xss,PayloadBox/html5sec,d07f9a52adb1c70a20d432e10c8309ffe5dab14795dfe0488b4080e6ad1b045c,false
XSS-5945,xss,PayloadBox/html5sec,e2974b8218bc46a15eae5127abb6da4530cbf62e0527921264a8b5ef3686dc57,false
XSS-5946,xss,PayloadBox/html5sec,7bff721ca5c58be3b80ae37c7b7f578f532b7dd80881a38e440b3b7f5fbc3d1f,false
XSS-5947,xss,PayloadBox/html5sec,e5cdfbe837fb09d83863edaea395edcb7d2a3cacd313cea0fcaa7031b1ba42db,false
XSS-5948,xss,PayloadBox/html5sec,aac50ac6632c4e918ae43049ccaef12832987f4efe4aa0e877c3cdc7db0387c3,false
XSS-5949,xss,PayloadBox/html5sec,a78df26bb9633817ecfe84287563c2e70ee54f445f01a4be3fd463b11a0f5610,false
XSS-5950,xss,PayloadBox/html5sec,69c4cd22ca1752eafa9d9843750f998195be13947d204f2d2c0bc4ad78ab2547,false
XSS-5951,xss,PayloadBox/html5sec,261e8bd5644e6c907fed81610e3d2a4a08156ba7aaad2cfc401eef2afe4867c4,false
XSS-5952,xss,PayloadBox/html5sec,9988a5790063bf42633cdc1a5829067ef0ac9b2b0ec92fbd2bc4f4cef502f868,false
XSS-5953,xss,PayloadBox/html5sec,a14d6f90021e04237a39b5f14ee7be5919b5732e1430006e425485f4d406dab5,false
XSS-5954,xss,PayloadBox/html5sec,3d480f6a7de993772668cb92cd41db20f5f2d553d007b29f90202db23cfa5209,false
XSS-5955,xss,PayloadBox/html5sec,1567c346d9223a97f490f937cc25c38c126ac40e1295b63048dffa701e566554,false
XSS-5956,xss,PayloadBox/html5sec,678c606de30bbd8a5e945171e341169f254bce0918cdd692a5c7500b8cd436da,false
XSS-5957,xss,PayloadBox/html5sec,f50f058c21c29f09e3cefcc5904060ce1be47d22db97ee6832d41099e5285582,false
XSS-5958,xss,PayloadBox/html5sec,d9c0350e34218a9a1813b9c7711cb547f4e75e5715f498a49e6710f934289be6,false
XSS-5959,xss,PayloadBox/html5sec,b3113b4891efbb1525e5436613493a92dc5e144814499473ffdee57cc5e8321d,false
XSS-5960,xss,PayloadBox/html5sec,2c137db81ad30b2de680bf0f869cb62f83b4cf246cab52cd5652bbc63479968c,false
XSS-5961,xss,PayloadBox/html5sec,c857e761b7ec233f2f3ab46d30844a51666afcee3642531a1c06332572b8154b,false
XSS-5962,xss,PayloadBox/html5sec,72f13b94428c33da8613392beaf4a3df5e3bf2e9a7d2596113759c14eea01ed8,false
XSS-5963,xss,PayloadBox/html5sec,6ec7496b44051f36f2a0e028412f7ac5d7df48c9578f3fcf9036568bc4594b66,false
XSS-5964,xss,PayloadBox/html5sec,0750e19bee68d3eaac525cb9778f6d4b54ba79187ec479b7d927d05e1bb945ea,false
XSS-5965,xss,PayloadBox/html5sec,6efa369844035e0e727b172335fe29fede7fbfe37cc9ea3f56bd9fda0e0ccf10,false
XSS-5966,xss,PayloadBox/html5sec,03d3d662f5eb8b81a60e380c116a7575c04bc37cac5929e232919ed03f63dc95,false
XSS-5967,xss,PayloadBox/html5sec,7e7615b65099992f69212acd24c9dc2e7650e1b3324c8365e7af0af0d8dc34ae,false
XSS-5968,xss,PayloadBox/html5sec,7e48a07a1ccbd56c078f784c1db4adf31046d3e5f328c1fc478d58dec853ad0c,false
XSS-5969,xss,PayloadBox/html5sec,10dc653fa7c28554abd541d82c71b5d760e6672acb513a5369f6e94eec283504,false
XSS-5970,xss,PayloadBox/html5sec,9d508b6ac84ce3d536e6bb2c29318defc08ff76acb40039eec89ab913041e84a,false
XSS-5971,xss,PayloadBox/html5sec,5342d48cb5605e9617eb717ef31e41aaf28d6336b53f40907f59994354463815,false
XSS-5972,xss,PayloadBox/html5sec,ac7d036d467b37597a93d591f7ee0a8552e33ba8bd3f5503a767c57174a3e0e4,false
XSS-5973,xss,PayloadBox/html5sec,d42675f8a515246e9244e26e79db334dadcfb163566c398c5cd7fca0b51ae837,false
XSS-5974,xss,PayloadBox/html5sec,05f4731b925991d6fc65a3eaa7e69150c283317831cc3cb50611a3ad29272098,false
XSS-5975,xss,PayloadBox/html5sec,a787c23e40c024d570910918c82704585d06ef7a76aef9d36f0e48da153bae5c,false
XSS-5976,xss,PayloadBox/html5sec,67e4509b8946ed9ff19990f509b12bf78ba3be97692e6da142601ddd99383e70,false
XSS-5977,xss,PayloadBox/html5sec,63d706ee4134292f10bcfa1366ddaa9c545a42b682cc54779ca6ef105c5f54ca,false
XSS-5978,xss,PayloadBox/html5sec,f5a78bb0d18c5ffca80414e97e1213767ad0d391f55f2a0921e67e0b590e7d6d,false
XSS-5979,xss,PayloadBox/html5sec,923187522e9ebed85c450afe889b3ed319b680cf1860e6390a782e1336106355,false
XSS-5980,xss,PayloadBox/html5sec,c33a87964b20b6b14e1cfaa3dcb0a23c54f36afa87f022d1cfe43042749fb8d7,false
XSS-5981,xss,PayloadBox/html5sec,d5c786bd2b6ba7a73082425f9f3250dc00dbb63fcc7281da5f9de144e301ba55,false
XSS-5982,xss,PayloadBox/html5sec,dfad0ca5fe086395ee0178302801699784c01673e295746222adda1f2fc50643,false
XSS-5983,xss,PayloadBox/html5sec,fe14afbaaf7f53b9499fb7958a877b560ab486d16c0c01ba07b23bdb4f805f43,false
XSS-5984,xss,PayloadBox/html5sec,d0fa27aba8ff68ef86110d7199a2e36ec03f6a0dca96bad776e3fcd8d7424559,false
XSS-5985,xss,PayloadBox/html5sec,f836861ea268de69d99fcd510ad5763b5aeff416b5496428abd2ed16d22e1bbb,false
XSS-5986,xss,PayloadBox/html5sec,7fb3a728287d6d64ac92310622ff272a3f5c9fe1825da3e41331ea4b6ea492a7,false
XSS-5987,xss,PayloadBox/html5sec,40e26879f519f4102cf9b4152c298becad705c0691cf987005f73a5ac56f8e23,false
XSS-5988,xss,PayloadBox/html5sec,00ebf2a63eaf0773b9896c482c59a36a160a77ff0634fd16860173c51782678a,false
XSS-5989,xss,PayloadBox/html5sec,fa194e00fb6f8f6c499ea372cfe155ec0d1835844b15ba0916ad18d70addb2dd,false
XSS-5990,xss,PayloadBox/html5sec,7ae6a45400f714cc28e323c532c8571c5663e0f168519cf9757bfccea020b7c9,false
XSS-5991,xss,PayloadBox/html5sec,98784176c3805983693adab8da08111eac0c5e28489472c4e9c5fdc2eb41b3e4,false
XSS-5992,xss,PayloadBox/html5sec,5190079045a4c1c1a501779b01aa1f67d54ddfac6390541e6782eda8e7199be6,false
XSS-5993,xss,PayloadBox/html5sec,07de7762b213a6011f2b590d5ce1a8974206f7ca5583c2622d9dd9ff18b48852,false
XSS-5994,xss,PayloadBox/html5sec,df70e950e94c4869149f3a13f30fc1f59d2a781f7446924cae8ca454ce2b544e,false
XSS-5995,xss,PayloadBox/html5sec,76ffa08c7d7ac137f7a52280781dd97a3f717c4ee531ddf6ffb75f8642cb3a68,false
XSS-5996,xss,PayloadBox/html5sec,385df8f8da4edf7134099650117f2e21226aa14d4cfcc922ec98af5a6378549c,false
XSS-5997,xss,PayloadBox/html5sec,d69c34f70f09120d74a5aaf0ce479c5675fe67e5eea2ded5d7771a1f98485ea8,false
XSS-5998,xss,PayloadBox/html5sec,991f6bee8a2a356f8ea8362be0dabe5dc408c993f335cb6bdf3d0fc37ffef6c1,false
XSS-5999,xss,PayloadBox/html5sec,82d8af73f3a1b168684193b975f5ce08116e2b71c2969091e4e9190b6573fa57,false
XSS-6000,xss,PayloadBox/html5sec,9065936383d4b8421f2ea430eeae4c7600552c6618df7470d3aa5efb39949a41,false
XSS-6001,xss,PayloadBox/html5sec,731e9866e3c8fedc898ea83c17019d13023ff9875f99c27e037f3ea77fec9fb2,false
XSS-6002,xss,PayloadBox/html5sec,ec4374ac68220409b19d789a22222c3bdf9a391a3ffcb9ebc437965d227191da,false
XSS-6003,xss,PayloadBox/html5sec,f5a0be400e3c6d882664e3cef6290e8e7e912c27f3f23b7136d3fa5a839a944b,false
XSS-6004,xss,PayloadBox/html5sec,57564c34f12d91ce4f36fef00388f4331351525cfe357b74c0153ab131a309e0,false
XSS-6005,xss,PayloadBox/html5sec,8d7ba980b28e9eae7cbc63960cb2129a9f62eacbbbe3cd162d9da39e255e1537,false
XSS-6006,xss,PayloadBox/html5sec,ab02591ba1d1a18bb0d6b9c07b81cd40e58316ccd5ae0593d404320ba82b79fc,false
XSS-6007,xss,PayloadBox/html5sec,c815bc85b85c07f240082b26798c2cfff3f4ca12c467299fa6f10e787090c02d,false
XSS-6008,xss,PayloadBox/html5sec,b92a9d29b62b5eeddce05ecb223a9a51f92de2c2525d92ea250f4670439f8c5c,false
XSS-6009,xss,PayloadBox/html5sec,8d1942101f3e88161f00becfb6240efa9d968857c93b58ae5b4c525d0455e6e8,false
XSS-6010,xss,PayloadBox/html5sec,350f5054e7fe414f79950b69242a6aed6543dac8a58e6db2a21011fef9effa9e,false
XSS-6011,xss,PayloadBox/html5sec,3514906a40b07ac2682909528d95cff0ee8096d6003232d891983ddaf225e2fe,false
XSS-6012,xss,PayloadBox/html5sec,ac65fbffab8fa90523c324f2482184b62d057b7008ec871aea1e41237206bb0c,false
XSS-6013,xss,PayloadBox/html5sec,9cd5cf5b7055537e76c9541385cdfecc8371b694c14ec3d6b86a2a86cdde7855,false
XSS-6014,xss,PayloadBox/html5sec,c42b28e0285b410c98dbb5a4fbb64a8b5f43de093a7f54692191764f5ef72e21,false
XSS-6015,xss,PayloadBox/html5sec,a9dec95821745b12feb58f6b7de9b4816e909c958f15dc0b24fdb12ba6fe363d,false
XSS-6016,xss,PayloadBox/html5sec,3b205f6d69206fa9f880142d6e3235ecfa3c723572ded3535f760d72856827f1,false
XSS-6017,xss,PayloadBox/html5sec,ca23eac78818066a9f6616409842ded75bc25fd904973df2c1ba5a0f244b2e9c,false
XSS-6018,xss,PayloadBox/html5sec,29c5f6d785de5379eab9ea580967085147956ac8716b75d30546af3cd3c33ce6,false
XSS-6019,xss,PayloadBox/html5sec,99812e6720a376f1d1bfbf9f9b89ca3a36787725ab6e4755012ddbdc9e945ebc,false
XSS-6020,xss,PayloadBox/html5sec,49e8e6aaea42eb4251f62f7d18a11c015867a27ec77ead096b3a49c1b6f5f541,false
XSS-6021,xss,PayloadBox/html5sec,127a9d82966514f485405925b6dd036a92fc1fcbc5891c9c417b818e6d2cd7a9,false
XSS-6022,xss,PayloadBox/html5sec,1b61b44085c5e6b580d9b36d241cfe163ce7a0882b235aed7e3f4daf74652206,false
XSS-6023,xss,PayloadBox/html5sec,66f845f79d975bf883cb03704831289857e38db5016a553d21be74b66e4a15ba,false
XSS-6024,xss,PayloadBox/html5sec,0d91feec5c97ad491ac743ac5ace5025c3b6f208c56623c31532eed8223f0093,false
XSS-6025,xss,PayloadBox/html5sec,e20f54e525e4fb47bc3270e7883c8ad431cfe8e399024523c1eb98d46bc717e5,false
XSS-6026,xss,PayloadBox/html5sec,5385b131f9804cb5571dab86d8c125ebefc4f2e69be5a10b99d701e08e462903,false
XSS-6027,xss,PayloadBox/html5sec,fe241e3e8e31797b2e3100552ef95f1ebbb49b43dba42e0b67fce2ab053a433d,false
XSS-6028,xss,PayloadBox/html5sec,edc638b56bb3964fcebdc7881332e512786d094e8b78a2c90db1ac0d0fe5ba6e,false
XSS-6029,xss,PayloadBox/html5sec,bc09fc2de8f044d0aa4d8c40fbe00e4a356e60d5a6a473ef48dff1f066d266bb,false
XSS-6030,xss,PayloadBox/html5sec,40ac63669a48477cec5026e64826af46f9a36c0d078447d4fe99e93f5ec56f3e,false
XSS-6031,xss,PayloadBox/html5sec,fb40cea8b78fcd4420bcfc6de68c0fde71a2195109abb12ae46ecf770065aab8,false
XSS-6032,xss,PayloadBox/html5sec,c1076f8eef256fd122af3e7da2151236cd143a6dc5b352d54eb4fb14114586f3,false
XSS-6033,xss,PayloadBox/html5sec,451b18e62dce64d479f1c9233d279bce5a348aba7df04a3ea348543b406fc7d9,false
XSS-6034,xss,PayloadBox/html5sec,0e11bb5f8f2fe7a3d7818e7e8ea2191dcd6350b647728ce1196c64379fcd9f05,false
XSS-6035,xss,PayloadBox/html5sec,61a5c204679f499c12b283209f0a6fd42e118578efed8a82dd8afd256004ce1f,false
XSS-6036,xss,PayloadBox/html5sec,c873ff4634883ec80c5fd85e68f62b48deb06988cf4a6b8f0e489990a15cdfd3,false
XSS-6037,xss,PayloadBox/html5sec,66b92ced8e2f2a260af9a9afc7aa4f6bde57a88dbee26047893e34822d48948a,false
XSS-6038,xss,PayloadBox/html5sec,66c2150b131de7de2d38fdc8e1cca11876d3c529a372f375c59cb1982c1fd3d4,false
XSS-6039,xss,PayloadBox/html5sec,1e60df96782d898cc84eec337f3b686e7402c4053e15f73883bed04904ee0e25,false
XSS-6040,xss,PayloadBox/html5sec,adf9ec3f43d70a3da188550c79799fb6a8806d9ab55a41d73baec015c4bff522,false
XSS-6041,xss,PayloadBox/html5sec,05e1f920f7a2dafe721e1419c441e0944142be62456178c57e17bdf51f4b02df,false
XSS-6042,xss,PayloadBox/html5sec,d468d1473c98dc43ede258e5a3927ec6bf1ff3f9fafd60e3186de54ce1cbd893,false
XSS-6043,xss,PayloadBox/html5sec,2ae196414848826d1ebb75b025f7a746e496f01943b559dc4a0953df88a52496,false
XSS-6044,xss,PayloadBox/html5sec,76e6ac0ee4de602d535a12c4e273ff7a97b732fc06aeb48039342f8f115e7b91,false
XSS-6045,xss,PayloadBox/html5sec,744ac593e5b448304b937dca03730980e2bc64ba8b1056f5724871f870a4bf40,false
XSS-6046,xss,PayloadBox/html5sec,19e94ea083b4944f868707ce1b1b779d2167231a2bdd994c7ac6c1fadb436909,false
XSS-6047,xss,PayloadBox/html5sec,ee968547491ea49334a355d3b1c46ee1f22f6f4cdbae3369b0e32d0b3ed3e5c5,false
XSS-6048,xss,PayloadBox/html5sec,111eacf19751687f1bad0f93103b91895bab26ac3f7a81cdfd59101f0d7b7953,false
XSS-6049,xss,PayloadBox/html5sec,64c79d2dba01cf531fe799c90c00d689a0c185f2e1f3c3703c163985a4588799,false
XSS-6050,xss,PayloadBox/html5sec,927c97679a800892f23f9b5a3def1846d47edd568192d662cebf1f22f96d3ce5,false
XSS-6051,xss,PayloadBox/html5sec,9ac0fa96d2d9e0f525c7cf0031d6bb86c0c430d2e67f3d39b2cbd1d9d2c4cf98,false
XSS-6052,xss,PayloadBox/html5sec,fce8f679d37f6bb71cb5e10467012d4b184f1025abb9d4b461327e46b7c155f6,false
XSS-6053,xss,PayloadBox/html5sec,7bb59adba4cb52bd82a157e70ef068b8b81a238833e51e3e176977a3f71f9df4,false
XSS-6054,xss,PayloadBox/html5sec,ce7147894dd57aa70b894d0100197e3bbc24199e02e096dd8caae4b67ca72835,false
XSS-6055,xss,PayloadBox/html5sec,2603eb8e860af73adc6a5e9d2ae91c7a025158fa8870d43bfa7e0e84c2669817,false
XSS-6056,xss,PayloadBox/html5sec,e8ebfd8e5fd1bf96dbfc471330615e1949ea31eceda4de63b79da754b3e359dc,false
XSS-6057,xss,PayloadBox/html5sec,975c5bb6e90c46b0f043ef59006ff8b5d584c29ad3a62f2d81be333d2fb4d203,false
XSS-6058,xss,PayloadBox/html5sec,b2e77e0caa2bc279ca53019b079bd7cb3130eef3025a404b292d18697e4aaeb3,false
XSS-6059,xss,PayloadBox/html5sec,87585a1d4974563ebf0b6c92dfabf71b221e75254ecf0af1373b77ca45d80303,false
XSS-6060,xss,PayloadBox/html5sec,121a9194b896f7537972705bfd355313044fb89b9c8a01c530a85f34b7c55b44,false
XSS-6061,xss,PayloadBox/html5sec,18785d575f42bcdae207d62ccfbd7ee6e277b7de1326c899b8fc511f4156801d,false
XSS-6062,xss,PayloadBox/html5sec,9804443bf966a613b85981bfac8dbc94937bd0536d70aa352e29e6b01286ccf0,false
XSS-6063,xss,PayloadBox/html5sec,8e363496d5aa95bdf2452ccbbaed17d322a7bc08be7a67b128d9d0f150fc0536,false
XSS-6064,xss,PayloadBox/html5sec,ede7558555944783eb9e275223f15ad966a7401b2bde38faed5e8bdf134aa5dc,false
XSS-6065,xss,PayloadBox/html5sec,06bf2b1847ab65894f07dcbe2f7adbab87333f2b78723c0969babe66636fc297,false
XSS-6066,xss,PayloadBox/html5sec,20f80e5dd6f23d6d42895603b300de9bcb7a0dbfe091fe604f6ab99048d1542b,false
XSS-6067,xss,PayloadBox/html5sec,13b47e4355bff014d8239a3623befa166e3d19d14870b4b0d564d393f5e8d6b5,false
XSS-6068,xss,PayloadBox/html5sec,08b57b69d4d6f4b1c762bf5fb125825d343e094829d6928a448fd75274b15772,false
XSS-6069,xss,PayloadBox/html5sec,b5affd06550eed93e81cd81699cc62e41ea29c5dfc5fd8b105662a5506d5527f,false
XSS-6070,xss,PayloadBox/html5sec,cd04f9e15a3c8177b6f4297b4a65e3bf94904342ace42453a14f184e1a9915b6,false
XSS-6071,xss,PayloadBox/html5sec,58a912beb8f140379395aec29d9d6d4b9324b444f8cfa764b0a144c5f28476ff,false
XSS-6072,xss,PayloadBox/html5sec,8ed21ead26f023c053fca259c4fa7c582a2e3547648b1864c21cd8552f3a2baa,false
XSS-6073,xss,PayloadBox/html5sec,8bbe8cb8476fa0fc9990944cd42455792fadc93ccc3ab4751ad7d803290f6570,false
XSS-6074,xss,PayloadBox/html5sec,e9acc6e4a125b4538da1e27cd876960268d4a873d05b4a803176a9aade77a40d,false
XSS-6075,xss,PayloadBox/html5sec,d5f1e9e63fc9ca407c8fd9e61f04e07ab3a4c155e60d5e6dca4062f3cffc2139,false
XSS-6076,xss,PayloadBox/html5sec,9f21070bea8a6278a248b942ee7430ec9689d88a2cd0e6f9b3f11baa4175a79e,false
XSS-6077,xss,PayloadBox/html5sec,54760d23bf4c2f3ff715a10da264a765264db385686e58a8ef07e8b83d130028,false
XSS-6078,xss,PayloadBox/html5sec,5c9cbae17911d204adef1686f6e4c68c683059448a549589fcf1adae4e9342e6,false
XSS-6079,xss,PayloadBox/html5sec,b127cbd2ca6c5a9d4eed15039de643df8178db52f69451e727879a300adf600f,false
XSS-6080,xss,PayloadBox/html5sec,47629d4aed61352bb26480aeeedbb57dfba8ffa600097dd20a5af072c869b5d6,false
XSS-6081,xss,PayloadBox/html5sec,5858aef30f75ff8f2263e8332b4b5ce0d210759a77144474dbb64a8889fc53f2,false
XSS-6082,xss,PayloadBox/html5sec,702765fbae83b76646bdf1e3b150ad28963b54a36f18307762fd2b9ef49cb82a,false
XSS-6083,xss,PayloadBox/html5sec,0a1a6fb7f4e18d5bf46ea55bf9d7c6442d1f6c250dad947a0f9289801d744f10,false
XSS-6084,xss,PayloadBox/html5sec,64e06b80a103c528fb0d063bde34a4f53051a5d1a69aced6d726d1104e2eec75,false
XSS-6085,xss,PayloadBox/html5sec,c7649ece53de22b4dba9e0d3187dd4421c8b5f5750296bed674572a8e48e246b,false
XSS-6086,xss,PayloadBox/html5sec,a1c8c739a16ee1234fff84648e6fb423753835bc28679b16b521ad2e10875b33,false
XSS-6087,xss,PayloadBox/html5sec,ee703e76f7386159b273ad9960bb4ef2593f73912a9acc07621db43de1953783,false
XSS-6088,xss,PayloadBox/html5sec,9a416e024ce34be515c8480baee235dbcb22d9bfa0f49e2c2a2d25c5bcf859d9,false
XSS-6089,xss,PayloadBox/html5sec,242b69b11e93316a9b71fd1ab14763518e013e71ee6fa022e36f5adfb91ed386,false
XSS-6090,xss,PayloadBox/html5sec,fbef05eebcfbf3ca3445efd7121e7a00751437735159d3ae636a71ac6590bed5,false
XSS-6091,xss,PayloadBox/html5sec,e63f4c6f7bd8c21305e5d0f8dddb7bb803d4b5c2def3833376cca9d5d901a1c4,false
XSS-6092,xss,PayloadBox/html5sec,bb33380ae7892d8399c35ab376412d578da5fb3e7887749df64df9cc76d5a4fa,false
XSS-6093,xss,PayloadBox/html5sec,8f5b24199489a09572a17eff833b55c0e32d4763f706e5a872a1ede2f7d54cbd,false
XSS-6094,xss,PayloadBox/html5sec,a3890ef8cbe1c8abaeaa6b94a30fcd5c65c1d5a9b61dda01aa4d274764712779,false
XSS-6095,xss,PayloadBox/html5sec,041811cd3003be135396151ba2f28e6b2979d3478ef212d15e2653182150d7f4,false
XSS-6096,xss,PayloadBox/html5sec,cf775ddbf3a42cdc9a1ae84f8cdccbfbfbef5f704cfbf3be2127cf4997c87e7f,false
XSS-6097,xss,PayloadBox/html5sec,0fe197db1482e2fc823b6eb83c6b143aa0b6e4d5b685fb508d4d2aa8ef69a896,false
XSS-6098,xss,PayloadBox/html5sec,3ebbeec54b5cbc50459a17e541cea49f0f8e46b19894f5ab21a190d35855369a,false
XSS-6099,xss,PayloadBox/html5sec,ab1efe2c31b30c7f2d34d2b5e7b311149b70f2330ac6ecce32e4c6c61bc7adb1,false
XSS-6100,xss,PayloadBox/html5sec,e5e8fe0e90b46a287a6315e0c7f37702df0568c3d11152a9a3be1e41f997c8d3,false
XSS-6101,xss,PayloadBox/html5sec,e095209946ab8cdf52ec78636e85ff135e5882890427cb5525eee5c37ec6e93b,false
XSS-6102,xss,PayloadBox/html5sec,dd96f66bd024a0aeed3a9eb58aae57aad237adb5e8e925cc47f58c4c4c7323f0,false
XSS-6103,xss,PayloadBox/html5sec,c864a9c27727c812506370c93b6ceba8168b9e04f71fde157a2c8933b6374218,false
XSS-6104,xss,PayloadBox/html5sec,c1bf60a7eb026c593c16dab20fa930e7cf4a6646655e9f450e9123c8ed45cd93,false
XSS-6105,xss,PayloadBox/html5sec,2cf3b56cd670f7c4bd45a3b9c8496c8c75238e18c6892809f6edad6c5bf16cdf,false
XSS-6106,xss,PayloadBox/html5sec,b7cdaa71a14a33a38c217bb5f71354d635747fa5cbd647939068c87cd59446e1,false
XSS-6107,xss,PayloadBox/html5sec,57304c4b0a1554b61169f0b496f73ddf9ff4a8cf4790c85a96636c0300d6cfe1,false
XSS-6108,xss,PayloadBox/html5sec,d67dfb332036d3bc202d8baf5e317615c2cb8780699e6cf8457186360321a3d6,false
XSS-6109,xss,PayloadBox/html5sec,a06571590099beb60ac5441a07fe36bb72da99f2d05954c3efe6e1ca944d3d3b,false
XSS-6110,xss,PayloadBox/html5sec,c455e35b3d297dd517b9f2bdd6b3edca6feb34c395b274c300fb003079a8bb73,false
XSS-6111,xss,PayloadBox/html5sec,f425f6527c57d92d73715b10fe8141e581325c9624fe7237355dee5bb061b934,false
XSS-6112,xss,PayloadBox/html5sec,377075c9a89ddf662503f6f8fa8a23c61a178e4b6fc028b9bd3321affc3a44db,false
XSS-6113,xss,PayloadBox/html5sec,d2f1dd4646612f0e227b9d80a745e62061dcb860b22aa1c33f27048986c62019,false
XSS-6114,xss,PayloadBox/html5sec,824656b556daf354e56476c9e2c8216d9f794d21aa95cf7b77a66bcd0261d43b,false
XSS-6115,xss,PayloadBox/html5sec,2d386618a97eac452fd0764fc5dfc3529f3ef238575586f59f0441d0430499e6,false
XSS-6116,xss,PayloadBox/html5sec,639635523a27320c1578dd2002419b04f4ef66a39dad5afd10b17aa8916617c0,false
XSS-6117,xss,PayloadBox/html5sec,600da583636731d9997adc819287c364998ef9101724f966a57ea3be6c90a36f,false
XSS-6118,xss,PayloadBox/html5sec,a799e042160bf0b8afa15b09eed9449ceac8cd9e4ab4576287b7dfffc88a951c,false
XSS-6119,xss,PayloadBox/html5sec,f9f4fad67216b3a0853da561c36ce4297f8d261fbfcb9700226a3b9a6ba23beb,false
XSS-6120,xss,PayloadBox/html5sec,3d556d07a572ff25233e0277846153d6880418e42925178f1b1a33a03a7f43b4,false
XSS-6121,xss,PayloadBox/html5sec,a01245c692bf4888fe5c0eb26c48aae516d60a79c7cf9f05f25c352e3251deba,false
XSS-6122,xss,PayloadBox/html5sec,de928c32f1e1b8b51e6c5a898611e504192e131ad2868dd4134709433c8a1d1a,false
XSS-6123,xss,PayloadBox/html5sec,eba73dae07e8160f351ce80414749a8dd537319cf3149f6dc96dd168d553dab8,false
XSS-6124,xss,PayloadBox/html5sec,1f2fb582d891077e0d11406c563d6e96fe5a0cc2b494af574bffc623d3af5446,false
XSS-6125,xss,PayloadBox/html5sec,e15f318c8be1d391feef42e0f561d23e8684ae91f30dcdcd703a1a32c39db8db,false
XSS-6126,xss,PayloadBox/html5sec,bfcf9742869b89dc46c357f93e5008f333c44fe00e3e15e85529bf0524f472e5,false
XSS-6127,xss,PayloadBox/html5sec,6f3e48c6d5c2d81547ec237cf9b4a8201bd5225307310a43b72cf963a349819b,false
XSS-6128,xss,PayloadBox/html5sec,f8e1392256670c41e1750d7014b2295bdb797a7c5a0f302c00de64e985caab3e,false
XSS-6129,xss,PayloadBox/html5sec,8ebde12743cdc86444ee9e5ec6aea23c08826afa0e7f6bc152e1137b59f4badd,false
XSS-6130,xss,PayloadBox/html5sec,5b27db69a36a91d99834496cf15e560bd38358f7fa26e731b8fea408225e35f5,false
XSS-6131,xss,PayloadBox/html5sec,61c48e4da5f58d3830169b6023f7ddd57b7c7bc9e55395d305029de146b4a9c2,false
XSS-6132,xss,PayloadBox/html5sec,f00514070d90833171118ee0068b3f7e277493de27eb6e1e636a205799fbfa0b,false
XSS-6133,xss,PayloadBox/html5sec,fd37a525940622144d46e9cc5ed2d0e4de36698f4d1cebb36941c7f9eae68852,false
XSS-6134,xss,PayloadBox/html5sec,fea160d09e7d7c0c7b1330fc8b2854c570d1ed46d957f31a23ed47fa4eeea0cb,false
XSS-6135,xss,PayloadBox/html5sec,b8317a9933536a885b0e461e2f4e479ad153cb153d887a90ed3c94c016311030,false
XSS-6136,xss,PayloadBox/html5sec,97cebe70e2dc90c48a3976719099625b7fc340dd1f1f4988c82f5871803c9b3d,false
XSS-6137,xss,PayloadBox/html5sec,3ac4d1a7486bab3eb817b2d21836854ad7be97193c5ad42b0acd461cf5623d55,false
XSS-6138,xss,PayloadBox/html5sec,dac7698fdef012f805506c1247fe99d53dd711f047df5fb5b54a7834721bb350,false
XSS-6139,xss,PayloadBox/html5sec,a771ae4619c18cdedcc80ec7f51782bb0d4f198a2b49ac4d393c31639a76da47,false
XSS-6140,xss,PayloadBox/html5sec,ec64a74060ce729f7b2ac5e70fbdfabbdeeeb695764678f2e72a62b408966a5b,false
XSS-6141,xss,PayloadBox/html5sec,20ee131ed03dcacee2a3fea520943a3cdc0988f6a1427b6b5f55f3a26728f510,false
XSS-6142,xss,PayloadBox/html5sec,972468196a67349223687dd362755959bbee13f3f21154a3c3c0e2b50b60b0c3,false
XSS-6143,xss,PayloadBox/html5sec,9c65157320c5f22c25c212e64fc5dc9e8b1a5d74bc3824b5fe0a3b8830845209,false
XSS-6144,xss,PayloadBox/html5sec,592bafa06534bffb0a634c63d2e3708d5a0f29906886c140c04ddcf12c8d1174,false
XSS-6145,xss,PayloadBox/html5sec,bb8e8dec829f30bd5f220dd812324e7abb58a20e141bf0ef55e413d5f3c46a1a,false
XSS-6146,xss,PayloadBox/html5sec,cc21307e8ab0041e670a416c401fbfb073a0cb8a5230a85fe2dd794fc415c182,false
XSS-6147,xss,PayloadBox/html5sec,cdb75acdde638919bd6e87975dd5ed5ce8769d16f514865165a87cc922a682a1,false
XSS-6148,xss,PayloadBox/html5sec,24654553a5583c44c85e7e8c2ad5ca5b529763bd79a9a99e803d9a5a4a0ac7c4,false
XSS-6149,xss,PayloadBox/html5sec,31e8232ac7c065b9c8eaaf9dbb1721b405f5c3c4066d786235a7375b5d52bccc,false
XSS-6150,xss,PayloadBox/html5sec,61486f22d63534171867ce2cb8a4fa8d9731ecaf7bb4523d621831a0ef893d30,false
XSS-6151,xss,PayloadBox/html5sec,e43ef2b3adfaa25477d896f3ff7905369653811ad9764c2b62f857fdb024099e,false
XSS-6152,xss,PayloadBox/html5sec,f1e50b112ef46a20a67e947289b9a64968f86229d80d06e71fbf79102ab8d67c,false
XSS-6153,xss,PayloadBox/html5sec,0c9ec79bd82830ff37de07ed7491a5b7d479f6bd2fbb3e33516739beea3f625c,false
XSS-6154,xss,PayloadBox/html5sec,95ce57aaccd80439fbc8e9c6cb09efb950a6ed1a9a58bba0bd532dc81ee929b0,false
XSS-6155,xss,PayloadBox/html5sec,937b07919d2bf6c858b341498407a3d7dbd51d614da46ca30d6701df3262238f,false
XSS-6156,xss,PayloadBox/html5sec,3842c0440a9882e1380609b1f0886425a2c9d6a1c513abf0ce39180fe53833b1,false
XSS-6157,xss,PayloadBox/html5sec,439b13cbab6c3c204fe8ffae2d24a5daa8daa9f04d5546e2efd5745209fef5b1,false
XSS-6158,xss,PayloadBox/html5sec,9a170fa7072014a068d4bace29c1863f0c5d9fe029080bee9d0158e0788c2dd3,false
XSS-6159,xss,PayloadBox/html5sec,f4fcc525dc3d593f1b153cd3cbfadae81326940a7e7104a6f6e2a25900e1629e,false
XSS-6160,xss,PayloadBox/html5sec,85941ea42d50f27d2130dfeff8b0ad6d4db0611cd3723e259a508b2a6083ebb5,false
XSS-6161,xss,PayloadBox/html5sec,9d0d57060d6bec1c1ddd86cc046d765a8fb8ea5f0a08ccc83324ee04f08190f9,false
XSS-6162,xss,PayloadBox/html5sec,706cfa5b447fb08acee9cb62bae53da8e4c3c2e83cb346d1572d26509355c151,false
XSS-6163,xss,PayloadBox/html5sec,d6fa35358585e073919fcddc0ae47302bd169d42d9773cf8f88937a0f4e5ed15,false
XSS-6164,xss,PayloadBox/html5sec,2427db27fac794756f2ba3bf627a99545c8afe1874f8ff39f831d9292707c819,false
XSS-6165,xss,PayloadBox/html5sec,7b58cb3ba7e158a365b87c96f409dfe853c015df33852750a920378779873f05,false
XSS-6166,xss,PayloadBox/html5sec,8b4583696cb1644ec63a6d439d77b4ab8e25a03d609389ec6748ac4f84828f87,false
XSS-6167,xss,PayloadBox/html5sec,df4b05514f44bd42cb45aa016105ab73e062e2e0cffebe76a06ffcef33754766,false
XSS-6168,xss,PayloadBox/html5sec,5be29752f07bea73a44305817de54f2140ef88236b82f2058f86db7691ad0895,false
XSS-6169,xss,PayloadBox/html5sec,9a26c368cd73551ef4e36f5027154806da7c13456415df580ed072b41165575b,false
XSS-6170,xss,PayloadBox/html5sec,d7e9b66da353e8e4cb2e619c2c30caf85a3ed84896260b29656d0e95873f2dda,false
XSS-6171,xss,PayloadBox/html5sec,0c80a2a5375727403f28aff6787c862b79f83b451e65dde8bf7d96fef4401877,false
XSS-6172,xss,PayloadBox/html5sec,ed930b33dfd2763863641be408e6909dd34056d667bac9cea388af68ca59ff3c,false
XSS-6173,xss,PayloadBox/html5sec,a095b2b4d66aac6d30461f94a23acd89a7f0ea08083eea554770466345701053,false
XSS-6174,xss,PayloadBox/html5sec,1dd72f546a79501dd47b128a988425104661adcb2ebee12e47cbc47cc213beb1,false
XSS-6175,xss,PayloadBox/html5sec,d5f91057ea0c83607a442ea3a71460fefca2f80dc2b8f95844d77c20b53e1cc9,false
XSS-6176,xss,PayloadBox/html5sec,498301304b2c338569bc527a33240259d1af56a2e2ae44942c201da492fa295b,false
XSS-6177,xss,PayloadBox/html5sec,e447a432e712c64e9a850168ca9451551494665f5e2b93d2fb1dfc2900ef80a7,false
XSS-6178,xss,PayloadBox/html5sec,84676cc8ba2fe1de45322cfdb10df8a8ca7da1e4c4044c07b44a65cd752ce2d8,false
XSS-6179,xss,PayloadBox/html5sec,3dd8952cb6bcc64abb10374be3ec1d620c59d9047b8f29f886f418f2cacd4d43,false
XSS-6180,xss,PayloadBox/html5sec,e03c9b48f5964b21a0bf303c4701885c43bc50fb7b30a19ee91d6140e58ee28f,false
XSS-6181,xss,PayloadBox/html5sec,ec6724412385266dee348aa5eab20c19d3d7b2b9d093c818d12078e0bc9c9ed8,false
XSS-6182,xss,PayloadBox/html5sec,68e778336199c1a92dfb5cbede99153ceece18111228a9f78cb71d94244922c8,false
XSS-6183,xss,PayloadBox/html5sec,a8e9c1105bd2665296701718f6ed0e65aebc05c24b28dc6d31ff4e7d36574ce2,false
XSS-6184,xss,PayloadBox/html5sec,e3a039b7dcdb8ccc41bc871ecbce590d1a8abc5765937c4b1fbaa8803f0f332c,false
XSS-6185,xss,PayloadBox/html5sec,6916fb9f98c3d4a01c4944c82d9aecfc4887265784dbf65f4108ce20b87f8e0c,false
XSS-6186,xss,PayloadBox/html5sec,2e9c1ba42f9a6cede3f74a4435b8365d388f6d602d5ef467bbddccd36e2f0e8f,false
XSS-6187,xss,PayloadBox/html5sec,a04141fedcef08d30cdfdb4b572bafe8af009aa81a91fad0c5c2f75e207234a0,false
XSS-6188,xss,PayloadBox/html5sec,75339e5d0902dd8b2c42d230670880dd6e844a567c7e67a9476e6ef29cb89a77,false
XSS-6189,xss,PayloadBox/html5sec,89295a640f943f419fe447cc5ac18e7c9bb99dc10c0527b19b0c852471af0f3e,false
XSS-6190,xss,PayloadBox/html5sec,0485caf005f474f3b3e035c72b042df3b5dc4c95932bde16fe6e61b6868b7679,false
XSS-6191,xss,PayloadBox/html5sec,fb340cb1151b0f1d9861e454713a9f61acbc18d81dbd4b7e9976309bbdbb816e,false
XSS-6192,xss,PayloadBox/html5sec,abd01b6fa57570aef153ecf49009ee0c5ef7d0b1c125b61e0f9336f6c1d07a1f,false
XSS-6193,xss,PayloadBox/html5sec,2147f749929b1faec2c718b4fef28a540b22a5d7306209f14bfac13ee51f497d,true
XSS-6194,xss,PayloadBox/html5sec,5111cec52dde8145cd1c93a330a8aefc38de237a5ebba19f5cf16f8752393e91,false
XSS-6195,xss,PayloadBox/html5sec,c6096309d2d6de8d52c29d5d8b872c7fe49d242e10244dc284a54190f527201f,true
XSS-6196,xss,PayloadBox/html5sec,002ab3b122529ebc930b3b6185b541ff8b828e1f5b4a7d712708ef953745681c,false
XSS-6197,xss,PayloadBox/html5sec,76fe08d7cbe3df4732bfc400ba46b80a609f94f0cf34dbfbec38e733061511e2,true
XSS-6198,xss,PayloadBox/html5sec,e84b5d9534357cc97af59122f273bf108213537c153d912b80da7f7727fd24be,false
XSS-6199,xss,PayloadBox/html5sec,779e9d857084fd72aff50fedd36065a783b65e795e762709e99cc362c04cad30,true
XSS-6200,xss,PayloadBox/html5sec,0f57e3591a9925e64eff738554188f9d9eacc896aa5fae802cf1d353d1917d81,true
XSS-6201,xss,PayloadBox/html5sec,06a17185fbb190ee80c071eb319667c46665154a0df30f65727f5199ba5b5742,false
XSS-6202,xss,PayloadBox/html5sec,00ec5f451b109bd0971c367a221bd8a2a4ae4ad07b3bc734469c597844a0f33e,false
XSS-6203,xss,PayloadBox/html5sec,4282fb2d6ab2d4ba30057fd0ebff241c9e3ef23ea7addfbc1163beabd54b91d3,true
XSS-6204,xss,PayloadBox/html5sec,cce1c8fc127cec5ebda646f341228975f7e7c032a478544bff78e7f0f3ab3058,false
XSS-6205,xss,PayloadBox/html5sec,6732a8f586cc78d820804f596b2813e680bc0ff7fd627c8cce79d9f3cd6ae2fd,true
XSS-6206,xss,PayloadBox/html5sec,f57bf957ee814e5a37108cf28cd5bbe9b89417b4707724db9eea78ba1001ecd4,true
XSS-6207,xss,PayloadBox/html5sec,45d566796213dfb14ad9a95cd93b536654e17078a2f81e588ecda294f4651723,true
XSS-6208,xss,PayloadBox/html5sec,9233da45de7b6f4f366dda0a93c3288e5797e6e0a9b84ee9daff63137e489688,true
XSS-6209,xss,PayloadBox/html5sec,d2a4c2ccdf83b7411c04c92b67efa35963b3052e2404a91cdc82185064395176,true
XSS-6210,xss,PayloadBox/html5sec,447972c3f0d845fb3a691deed0f1e3ba61184937ad3c5742e49f3b2dbd6d0aa7,true
XSS-6211,xss,PayloadBox/html5sec,2af8b984b2f80e8692b19232ea6c54872d1b299f37dd5e1f026a2e41df548282,false
XSS-6212,xss,PayloadBox/html5sec,7b1ec38d603c79ebc42fe8ff817c6ef84df1d1ffab8a4a667b04537c89f25bb2,false
XSS-6213,xss,PayloadBox/html5sec,4f5385d756100a81bd66745a5347f5ba5b338e9fb762c254df87d15ada5465df,false
XSS-6214,xss,PayloadBox/html5sec,01444c48fabaeb9ff286e98ae42c20390260fb9ac57e7a072af558004f64a66d,false
XSS-6215,xss,PayloadBox/html5sec,6972fd235b74a13984d3fe0d08af5e849fd92fd05a70977e938393418dc5a0ea,true
XSS-6216,xss,PayloadBox/html5sec,f546791aef601f2ae885516e48e1759c12d92af5ec1cbfb287c3290395bd07b3,true
XSS-6217,xss,PayloadBox/html5sec,9fd464e36832ca35bae2ae0948edfb5693bd48a45a304bc266f0ceab32126ea6,true
XSS-6218,xss,PayloadBox/html5sec,6811247904b4f539fe78ecca1ecb1449e9e3ae0e211c7e148f419409942d6fa8,true
XSS-6219,xss,PayloadBox/html5sec,db73d8f939acf75ef0b4a37082d52c04e2aad0935d8ce3991e1e744558dd35a8,true
XSS-6220,xss,PayloadBox/html5sec,e2f6a7e978794c7e5356dbd0a05858161b5eb0ae0a687c28ad5ca2c2c5701abc,true
XSS-6221,xss,PayloadBox/html5sec,ad5775d22c2e2717993ab01c344bea0f68df4902e7c42f0839a9b00485e5f4bd,true
XSS-6222,xss,PayloadBox/html5sec,47b2bb891f0839cd2f7fc2998c343762752d4a0aceb30f8685f5d8531682f336,false
XSS-6223,xss,PayloadBox/html5sec,f63d0c10b0a202d94fc1af43b89305d2da593f633edf581684eb52138ce4c3f9,false
XSS-6224,xss,PayloadBox/html5sec,e040dfc7783c138b9ce2faf626db5cba2116e5a605e348323cf697dac7174c10,false
XSS-6225,xss,PayloadBox/html5sec,79ebe4cba5515dab3289464e1761c460caf8b7876807644bf6609252a1d2fa8e,true
XSS-6226,xss,PayloadBox/html5sec,4fcfab58241aa8d82d2f7607d5ba923e16feccf9b0410a3d96023599b0b633bb,true
XSS-6227,xss,PayloadBox/html5sec,1d17f2fee75cfef911405311d9e4f5977e35f2d2a67e3a1787e038389d6e5e21,true
XSS-6228,xss,PayloadBox/html5sec,17884a0164fb5aab0d6c5591ab2c23df93997ac540eef65784788b0869d14e4b,false
XSS-6229,xss,PayloadBox/html5sec,29f11c6881f21b33325480ff510e7260f2a45bdf84c7541b6ab1d914f9e5eca2,false
XSS-6230,xss,PayloadBox/html5sec,bc58c2d5adaec8bbc11264f77c71fd98e4f726a869d2ed2e07f4eec49baa2aa8,false
XSS-6231,xss,PayloadBox/html5sec,9ad8e8d91d1be1ca5a2e220d4cb71e3084ac5c4ddb490d72e986ee4ba51326b1,true
XSS-6232,xss,PayloadBox/html5sec,e02b70d9bd2927d05dcd1449ee4a2ed6ed946c99eb9c462819637539d4026296,true
XSS-6233,xss,PayloadBox/html5sec,280867267d0c3d5221755b9f1411a1bccc08bc02f6c381b87d289b62bcebd2d0,true
XSS-6234,xss,PayloadBox/html5sec,91121022c149c1dc6e0d94c0fc3140f9a2466b54b0c45f62f249558ab35507e9,true
XSS-6235,xss,PayloadBox/html5sec,cf914a905bd4da4c30ca393c455f1e569d22968480ddde407d3687e51debe48c,false
XSS-6236,xss,PayloadBox/html5sec,708ec5367e2edd4ebebd69fc0a1108e2076532e09f848e6a048f37bd339b4398,true
XSS-6237,xss,PayloadBox/html5sec,5479a8bb61eb6fa9c9ea044ed2884d695402bc552bcefb6c38f9f4ae662d3ba0,false
XSS-6238,xss,PayloadBox/html5sec,4f74ea88b3996c97ee27e45d28e4c2197cd03abc7e4dbaa7ef369d591b012602,true
XSS-6239,xss,PayloadBox/html5sec,708ec5367e2edd4ebebd69fc0a1108e2076532e09f848e6a048f37bd339b4398,true
XSS-6240,xss,PayloadBox/html5sec,5479a8bb61eb6fa9c9ea044ed2884d695402bc552bcefb6c38f9f4ae662d3ba0,false
XSS-6241,xss,PayloadBox/html5sec,0a775fc04351f867f03036c68104ed0b391846255029d45ac9ff80538164d9eb,true
XSS-6242,xss,PayloadBox/html5sec,aeec45627fc2617e6ee28084a224d39725d0d8f8e67210c98c75904a8b5ffb38,true
XSS-6243,xss,PayloadBox/html5sec,6d25a813a377de8856241205e80e497d992304b31a906473eb0e00e6873c735b,true
XSS-6244,xss,PayloadBox/html5sec,518551281856f41f2ae2dc9d871f8dd85cf6dd37d094f6c8132a6f9284e2f56c,true
XSS-6245,xss,PayloadBox/html5sec,d8ec0a8c361270baa5f1136a1597899cd13dc0c34086aead2254ac9ca0ad82e2,true
XSS-6246,xss,PayloadBox/html5sec,d8d21386770fb8da3bbbe5316d305d87d4a5a74872eecc81b9bc0c954ae3aad0,true
XSS-6247,xss,PayloadBox/html5sec,3dbad072d8e620b009a52097171d5dec1ff8600d27d72b3c0c37faa372e0c8eb,true
XSS-6248,xss,PayloadBox/html5sec,b6cd73d58cba3ccd14ea9e3c2d81c94fc92ffa05f8985bcf6f946f6b61ad8568,true
XSS-6249,xss,PayloadBox/html5sec,697bdab688d231a58a040f7f1f5fc58eb2a3494f8fd3d6c8a4b1cca45a4c1691,false
XSS-6250,xss,PayloadBox/html5sec,91ae5785e8c0bfe6399d384b97f056780b7d70f8ff548612692f66ab854dfcc0,true
XSS-6251,xss,PayloadBox/html5sec,2e55b038db63bb45a871e8be0cb4312f56d9401a5298a7ebc10dcefe377c6829,false
XSS-6252,xss,PayloadBox/html5sec,6a5e99aa49c4dc239a338740595cee31e5e71cc930cd7247961867f71184de5c,true
XSS-6253,xss,PayloadBox/html5sec,14e5698222c47a88cd077c59aaecf6347f5bc7984981801981a7e87ddc2d7370,false
XSS-6254,xss,PayloadBox/html5sec,0919cb18493785fc05567b5c28354fbc5e060a032439f96560b6e1d098638327,false
XSS-6255,xss,PayloadBox/html5sec,4bda087cf1d926fea2ea6adc1aefe5884385bfd8061f5e39ebc1acf22045c137,false
XSS-6256,xss,PayloadBox/html5sec,2d16d96c9b149091b181399372853c77f31bcfba133288a9cca7c626d6dec1d2,false
XSS-6257,xss,PayloadBox/html5sec,30956da0120fbceeab6d6f90b18533467251e4f89615850bb278eadacca03f18,false
XSS-6258,xss,PayloadBox/html5sec,1667a1260e50994ccab9879dc6ba61f5a02860b5cd996c2c87cee6611386c88f,false
XSS-6259,xss,PayloadBox/html5sec,f9c57e382a04aad4c615dfa62dadad402eaafd4783a1a4d3c67315403943e784,false
XSS-6260,xss,PayloadBox/html5sec,287fa2272bb1d14b55a670dc235b017e8c72850978536e12a51e708152396484,false
XSS-6261,xss,PayloadBox/html5sec,72d96aab387e0a1a6d32c9c738cabf38cf00c39b09c9276abf1cf2753446156c,false
XSS-6262,xss,PayloadBox/html5sec,2fd321b1f0e4556236211223534544de2ee0be488fc824dbd6c902bcaf723319,false
XSS-6263,xss,PayloadBox/html5sec,62a33feb6a9c9a61a7f287187c624a0c1b28e11af5495e25a633db3a7c533dc1,false
XSS-6264,xss,PayloadBox/html5sec,8c5683e0c80a706d15d8aaa56360ed13634d89a046f69a66b61e244f2324b21d,false
XSS-6265,xss,PayloadBox/html5sec,6d706123c41b1adbf283df20c6c33623c8af980096b72ef5f1970ed9a3b37293,false
XSS-6266,xss,PayloadBox/html5sec,de7f10655b2cf7a7a61a29d54abda1560e4f630b0dd7bb8becb5a9e5df8b0308,false
XSS-6267,xss,PayloadBox/html5sec,935e7c2650accd7c83b3769f09805dac6d390ef9bb8cd22bc430cbc7f44fecb4,false
XSS-6268,xss,PayloadBox/html5sec,8d062488b7fa70e7fc63d944d6bea006fcd375d66d1b4610fdac8ee77a0a0d55,false
XSS-6269,xss,PayloadBox/html5sec,c7b615a91117d256f78a33885f4ff39d2eebc7d34aeddf274ce987e7dacb380f,true
XSS-6270,xss,PayloadBox/html5sec,eb79f2859a546e733b366aa758d1eb1a9d54ce9fcd3535e6b07c853b61cd5610,false
XSS-6271,xss,PayloadBox/html5sec,2ea62f2e01adcc43c6efdb2335b6fb49d91b3ed750c53ec3f6a1353eb6e4f14b,true
XSS-6272,xss,PayloadBox/html5sec,518dc27a98c9b774d63c33a96ff33a2b8d47921c45d7dec1a3612cedcb2528ea,false
XSS-6273,xss,PayloadBox/html5sec,cc71994c2931acf286d51de2ef0ba2dc68aa9c7093d2a5a3894116bb4b9e7be1,false
XSS-6274,xss,PayloadBox/html5sec,ff0e74d593d0e19ecb79648dededfc83fea1ad08928cc6e73ffab8e9671c4512,false
XSS-6275,xss,PayloadBox/html5sec,d2a6f3ccca91120f5bc2ac88e356e7e08f2f565c7d404605ba3d9e7ec293a231,false
XSS-6276,xss,PayloadBox/html5sec,570fc78835ea9f8aa5dc9531289f483572a9359bcf59709dbb231fde6ea7f6b7,false
XSS-6277,xss,PayloadBox/html5sec,4d33e3e6f7938f2b1014c817defcaaa44da1f39744bcff8b9daed443685d4976,false
XSS-6278,xss,PayloadBox/html5sec,34ca02c799aea51717d6da2c51573866e3e2524ad592a30fb9132ca42406680e,true
XSS-6279,xss,PayloadBox/html5sec,6859a240263e74f4466333d2777e3e663e4fb6026557fadf5282749b0ad0b962,false
XSS-6280,xss,PayloadBox/html5sec,8e4a11296a0a32fffa93135ab78ef0c27170c276cacc114ea486d328bd7bcc4d,false
XSS-6281,xss,PayloadBox/html5sec,9b60cbc628c9f54f8f40f8be544f7ecd90e45475282202ba6e72869ec0bdc788,true
XSS-6282,xss,PayloadBox/html5sec,14cf5de3d0b348942103091f0d527148aee745d77a09e7cdf32843a3a3fac54c,true
XSS-6283,xss,PayloadBox/html5sec,01c90d0ee535c14be3b05863765975eb6ad2cc19dbb4a19faeae28968c5b23c3,true
XSS-6284,xss,PayloadBox/html5sec,742101f1b22f3892cda803d399b6a58a33443b990559a7e7ac45fa25f5a7282d,false
XSS-6285,xss,PayloadBox/html5sec,155f674fa0db8db9d726a2074b4d574ddaef66035b5ac48c1f5134264a311f55,false
XSS-6286,xss,PayloadBox/html5sec,407f3ea1c809512470519eecc909f2f912370e6ac41f62fea3dcc554081ec9ef,false
XSS-6287,xss,PayloadBox/html5sec,2f78080abf806ce9ab5cdfc9b8bf36e15508baf817f668dd60a0b171778485e2,false
XSS-6288,xss,PayloadBox/html5sec,497ff629ebf4ac3b2a656fd4b69adc24a62d0053390968c2e5fd8ea35d73bb63,false
XSS-6289,xss,PayloadBox/html5sec,9bfc87f4c130fce5d020143070ceb30ba54ae917cd8e5d14a818b5a5a8497c4a,false
XSS-6290,xss,PayloadBox/html5sec,b387cc29a6fdb43ef8f03c672ca24acc528f16e91a9d77dd893dbd542ee819f8,false
XSS-6291,xss,PayloadBox/html5sec,12e3fe170703898643e9c69f3e830a4537168e355da2c335d90deeba8dae9e11,false
XSS-6292,xss,PayloadBox/html5sec,271fb9164dd20e8a3e721468db81881e0f6571959c3611010b3458416bb37fd3,false
XSS-6293,xss,PayloadBox/html5sec,dd586c8229261163d8df24ab32b6be9615ae8820ce102345ecbdb0c3527cbfe9,false
XSS-6294,xss,PayloadBox/html5sec,0837ced9eac7bde78633481e9e30b84ae80a299c13616e275b3b4cc158da6637,false
XSS-6295,xss,PayloadBox/html5sec,0c713663cebf42583b7a2a2c9ee011a91bf81c28803f6c31c694cebdad392fc8,false
XSS-6296,xss,PayloadBox/html5sec,0cc510031846663f9ed003b12fc30b1d06aa89ebe0eb210abd5bc313c71e4aa8,false
XSS-6297,xss,PayloadBox/html5sec,458f1324db13f03697132a258cb2d1ac63d7c4d654656da1b28b8d37135aa710,false
XSS-6298,xss,PayloadBox/html5sec,d2a6f3ccca91120f5bc2ac88e356e7e08f2f565c7d404605ba3d9e7ec293a231,false
XSS-6299,xss,PayloadBox/html5sec,0909281557c09f711724c0eb9046103ca4382de3222aab2cd5731bfa5a129899,false
XSS-6300,xss,PayloadBox/html5sec,87c801f9dba36758f226400ccd732df773494ec98449ee39d46ff14bea13f7bc,true
XSS-6301,xss,PayloadBox/html5sec,3714f974c84d4afe98f198e78cd8bedb1d536d12e6fb093f540a5bbed2c427ab,false
XSS-6302,xss,PayloadBox/html5sec,5cf4f98867edc7ea2929ce8cbb007fdfc3bcc77e9ae7f4b609e5b0ae6d13fe2e,false
XSS-6303,xss,PayloadBox/html5sec,874af4186ee8e7c61b5341cd9e0372457f05cc1af4a1405bcb8ee893b51499cc,false
XSS-6304,xss,PayloadBox/html5sec,5bc0e38b6e0fb5f899ede80d3dbfe3b66138e94105e5d248b3e0294be9fdbe86,false
XSS-6305,xss,PayloadBox/html5sec,f8309af69c78a62d759b0a59eb4ca00a266773898bd48ef12c2531d24e27cdfd,false
XSS-6306,xss,PayloadBox/html5sec,c8cf63b89814582fdb40156fdf921732086d11ab56881b61e421c523496e8765,false
XSS-6307,xss,PayloadBox/html5sec,e3310183ed574837e56247dbcf7ca70d849ae79cdfd2b9f0206283ad805a79ce,false
XSS-6308,xss,PayloadBox/html5sec,a0d4d7c906effb599cd6d45e4b1d1a3338285e3eb0533408fd6e408a8eea0bab,false
XSS-6309,xss,PayloadBox/html5sec,778967414032016a7b23c78fba4ff3ba06ba347e1cd403eef4efec5f6f44bbeb,false
XSS-6310,xss,PayloadBox/html5sec,dee134c056e77fecdd4fe145669998a533d3fc93c07f07aaf6d1da96992aaac1,false
XSS-6311,xss,PayloadBox/html5sec,2dbb3ccdc30f57429c6a0c0af2462a52a4ccbdc794ed21e3cdbd49994066f504,false
XSS-6312,xss,PayloadBox/html5sec,d9dbc11a48429a4d838af7ae46f2b8b5e90b7ead43909b9126a86e06d248b798,false
XSS-6313,xss,PayloadBox/html5sec,036d2ebd75da29c423d72a155669a940d5fa86041d8b4caf678632395d58711a,false
XSS-6314,xss,PayloadBox/html5sec,fce453d4acd8b57956cae59c4b879573a3bdd215259bf2cc81732c88df5555ef,false
XSS-6315,xss,PayloadBox/html5sec,c0a3935c4609ec46f6a287fa8fca5fe367232d6952cd6a6a9cdc7264c65c2928,false
XSS-6316,xss,PayloadBox/html5sec,51dbc364d4f1916572a468652527ef6522fdde5f11c297fb7c50f672ea68327f,false
XSS-6317,xss,PayloadBox/html5sec,76310d7f95bd7fc96d88074096744cca90520c71fdf04513ae70be17687a03ad,false
XSS-6318,xss,PayloadBox/html5sec,c3a028505953e27559742a47473a9d979144d7c78475b9d957f32297fff08f37,false
XSS-6319,xss,PayloadBox/html5sec,986fd5f058c6c339501a43d711207d019178a7fa9287f9f7d14176cf2eebd86f,false
XSS-6320,xss,PayloadBox/html5sec,64e964ce57ddfdbb4e71e84ac7e4aca8b25b20aec73daddd45d012c16cf29221,false
XSS-6321,xss,PayloadBox/html5sec,291feaf83ea4025275df90bd2cd1fbab50df74d56a1fad25702fd0ffae4b3e98,false
XSS-6322,xss,PayloadBox/html5sec,fd9efecba82f0f96d4c90bf48146fb44aeb29ee8802a2fabfea320ac7a1a28d9,false
XSS-6323,xss,PayloadBox/html5sec,2289f434e258434b37d21a209feda5e46962316235c329ad0e8c7c678e99da9b,false
XSS-6324,xss,PayloadBox/html5sec,e09209139bfca903654a1c230b02aa2e217c1383d007fb84e120664f92f25026,false
XSS-6325,xss,PayloadBox/html5sec,840e4d05fdfcc44f2d4d6cc0a73db37e76a97ad5b4ff095cb03f5655b2860bce,false
XSS-6326,xss,PayloadBox/html5sec,0287e5a12db1f9b45413d0e08a373e4cf64253484a2aa9438fea020f6cf0c492,false
XSS-6327,xss,PayloadBox/html5sec,31d06201b3aa94af8889815664ca87348c931b8b4af02c61e5e11f83250a9956,false
XSS-6328,xss,PayloadBox/html5sec,3209b3a2e70c6eb59642087af72893aee558ccb5f97451c0697584539b7ceab2,false
XSS-6329,xss,PayloadBox/html5sec,426754703630794546a55faaacbd77cc52ae983247a3133265958c5ad2d19388,false
XSS-6330,xss,PayloadBox/html5sec,2ef6415f541c0bcc79337227a5232f76c7e6aabae21b6c85c5f088d26bc9c311,false
XSS-6331,xss,PayloadBox/html5sec,2c10da9f69e0b2b2d50485cb475f2098ebe8e435adf8ee978402b742a4227ba6,false
XSS-6332,xss,PayloadBox/html5sec,a6c7ecf6e2365d804b8b75e8e174caf985e768a22c79bf90bacce691398c1c42,false
XSS-6333,xss,PayloadBox/html5sec,d3c95b2b6bd16522e536c0b4b478bd2adaff13bc912da5cce8329de79b7634c5,false
XSS-6334,xss,PayloadBox/html5sec,3e9839f0fdcd495a19d7329c0456eaf940cebade7d59f009c6316a4d48b341b5,false
XSS-6335,xss,PayloadBox/html5sec,4db5717a3ceb78c6e252a4569500c7952aa4f8fe0dfd054367cd0b7d553b425c,false
XSS-6336,xss,PayloadBox/html5sec,6da6d49b10524be4ebfb8543fe214fda450a8831cc447cc9c5a4d16b25919d21,false
XSS-6337,xss,PayloadBox/html5sec,e4b7abb97861f647539ec21ca0531da4f2c056d88d9ac30858511e5080c88cd2,false
XSS-6338,xss,PayloadBox/html5sec,ee61d8f6740ba796d0dfd4a5f5b753885718078cee9ce20659947c4d1b057a86,false
XSS-6339,xss,PayloadBox/html5sec,531a57d1a74534adb13519a18a7c827b91d851d47c2f224bc7dec88b6702e901,false
XSS-6340,xss,PayloadBox/html5sec,2a7198b410df76485a05b01c1725543c08f29c310ac9b1724ae9340e6cdddb24,false
XSS-6341,xss,PayloadBox/html5sec,3369ff90a27c29c8f8ad15563e8757d92dc0cb2dbded30dab0fe0f3939b69439,false
XSS-6342,xss,PayloadBox/html5sec,f028895f0554297b5b379e8621308bf9a31a58ea0e5f9189045f12c97bb1bfd4,false
XSS-6343,xss,PayloadBox/html5sec,f2d195888eb08b801dc39ededb90d973d8f3269f558078d3adc8d2c8d3489894,false
XSS-6344,xss,PayloadBox/html5sec,25fda0ccd96615d7724fe6b0710c306b1a04f7f3b5cf0b7f682bc407db2d8fff,false
XSS-6345,xss,PayloadBox/html5sec,e13d075d0309a8124aa946aa7714390db0ef9459553b5c7daa828666c4504e7c,false
XSS-6346,xss,PayloadBox/html5sec,98fecd24225a7018144a87c5ad39a0b757be14ca17d2f649ba6938a94ad8fae8,false
XSS-6347,xss,PayloadBox/html5sec,2a2d4d8d17494cfe009a941295fa86110631c4cb0b087ae30ea085b21c943fd7,false
XSS-6348,xss,PayloadBox/html5sec,a41a54df730c3192d0a2d77db4a802e23a46185f6dd6b6fdddb3028fe60dbc45,false
XSS-6349,xss,PayloadBox/html5sec,6a53f9c8f20ac0a3543328e87439b5652976ee88060094be2d136db816c65845,false
XSS-6350,xss,PayloadBox/html5sec,25256467528ea9e678eeec195c6984db73d7c6cddc67a31b3d545b84830fb6f1,false
XSS-6351,xss,PayloadBox/html5sec,661203f63b1e591d5808a2aff2adb0aabec45c1db8501eb8733d47ed50352f82,false
XSS-6352,xss,PayloadBox/html5sec,110b17f4bf1bab0bec1ff2f30dfedf2fae8f69d08aa6060e6e1b29588917310f,false
XSS-6353,xss,PayloadBox/html5sec,7bda2475bc5fd0f199976855a11931abd6a6f4c59b1e68f4632f98435400f073,false
XSS-6354,xss,PayloadBox/html5sec,ed5d7b9b10928a44b7cb046edf68e3c0627e89d6508c66a36dd3cbf384e1719d,false
XSS-6355,xss,PayloadBox/html5sec,69ff580fabd4254edc4836fa69d6a05bf962be229d7b677cb696353c760c5951,false
XSS-6356,xss,PayloadBox/html5sec,54c1d411a4106baa741bd9780a2a91c4b7ba9fd371cca42ccd15c5ad315c3fa1,false
XSS-6357,xss,PayloadBox/html5sec,a6ef6e95d640a68ad43c9ae21e75805950710319fef1ab6ecc38b987fd26e216,false
XSS-6358,xss,PayloadBox/html5sec,4bd96cf06d0b44aee2cfaf3ac910735998d604d8e4a2e914ca85fc616814f0fe,false
XSS-6359,xss,PayloadBox/html5sec,f73b437f72c03b446d98af1d7fdb2e4333b055a4411c783935146cceb564924d,false
XSS-6360,xss,PayloadBox/html5sec,92de9a0fffe7ca928ec26b987ebe190a9e9a610e998fda3bec8dd9d1f08ad844,false
XSS-6361,xss,PayloadBox/html5sec,17d32bb189477d08426ae097b1d8af27b00745bdb1d960b974c9f98dd75e07ff,false
XSS-6362,xss,PayloadBox/html5sec,9d8f14bd4805daa89c818d2104a7dde24f1ff30dbb421d7a370b4c8ba480168a,false
XSS-6363,xss,PayloadBox/html5sec,afc1a0d5647c3bab94f29e6364e0073358aedf014aaf97817d80913011cf0e15,false
XSS-6364,xss,PayloadBox/html5sec,8bf694c4317c030dd14af82191a08d9be4964c4b4029e0b881a66673a501198b,false
XSS-6365,xss,PayloadBox/html5sec,eee354f78df9d78a61cbcd2742c3f9fde28cc5fdd26d9fa3597698eef2eb48b5,false
XSS-6366,xss,PayloadBox/html5sec,7e8d775a8ae1bbfd71604c351fdea1bbbaa46a34d32e004cd7aeb2fb6a6bba22,false
XSS-6367,xss,PayloadBox/html5sec,4c1d21eb23118b6d6ad2a83d06a4c3667de090b3785c2f560b231701e22ca0bc,false
XSS-6368,xss,PayloadBox/html5sec,f1585d06fd77ca89fcaabb317b10671dabe41a6a5f194060df02d1bfcea567ba,false
XSS-6369,xss,PayloadBox/html5sec,92c74057f2bd1c2b43c68a7848c7390e5e35c99e6fa82bd6bf8450cefd9252d7,false
XSS-6370,xss,PayloadBox/html5sec,fa3f37c3d3391014c29c829b5e1ec8348f524cc7d059a316d337702ec480613d,false
XSS-6371,xss,PayloadBox/html5sec,c6f6295b417a6170907135b367145479fea217c1d4406422bea5859b8e69f209,false
XSS-6372,xss,PayloadBox/html5sec,eed8de09a90ac1205e8b1fdc8e328d4b76f2662972259af042d94f3a92828dd1,false
XSS-6373,xss,PayloadBox/html5sec,5bbaf1dc9c45320ac7ef8ddc62dcc6b6641c4bc7154fd0bc56491c41eabd3047,false
XSS-6374,xss,PayloadBox/html5sec,555574d51c356822a48ad68f83d2dbe8be197e3e0e5128d0a5334011c4071203,false
XSS-6375,xss,PayloadBox/html5sec,8d64b2fc3dca8d769d92cc26d584e626495ac2da16e6ff71f2b6025425b11fd2,false
XSS-6376,xss,PayloadBox/html5sec,a5ae6861179d407213d5d0d2537fbb9f64add274fab4005b8f08cdc6ce4fc694,true
XSS-6377,xss,PayloadBox/html5sec,d834dd02e878b61d6999373f010fdbd9e649962546e37792a7862113475efc3f,false
XSS-6378,xss,PayloadBox/html5sec,701d9a0ca0b83d1f57453dcc8714448cbe94f1b3fc94b4256a0600b7005d1df2,false
XSS-6379,xss,PayloadBox/html5sec,151292f6bc578193fca85c58d8a9f43eff5242ae4b1c96128dea70c8bb672764,false
XSS-6380,xss,PayloadBox/html5sec,98c33d604ad8258c13b6c7dd7f2a0abe8b621ad0a8fc2b57ad18d31ff3c94870,false
XSS-6381,xss,PayloadBox/html5sec,46ec89c3246226d2944995c62d3f3864872fdd2a46c8bcde822e1f752a6f317f,true
XSS-6382,xss,PayloadBox/html5sec,17db8983526ae83ce83a587eac36c01f6b5ed5c39604f51e73bc34ec01016f73,false
XSS-6383,xss,PayloadBox/html5sec,b0abc4f2274c073996a8af3a4ea4fcac172f2425be26c1c47eae0170943c53c2,true
XSS-6384,xss,PayloadBox/html5sec,34a1ded6b8d885a2440d2de368b7aedd0dfe7a928a4640e2b8119963dd68e323,false
XSS-6385,xss,PayloadBox/html5sec,4ddd1438c87dcdcae621c56812446f20a00eb1f3bf19ac97f152907cae1f8e7a,false
XSS-6386,xss,PayloadBox/html5sec,2174121e7898be96c2f262cfcbd20887f7a2ca5d10bdc6e5900dfa7d19d15995,false
XSS-6387,xss,PayloadBox/html5sec,b03e57a7a94945c73f6483bae95ab69224cd911db3c6b12a2cba027939d43f91,false
XSS-6388,xss,PayloadBox/html5sec,b121af11c8d8a426b4cddbce9924d3711a5f8b66b0fa90fba94944a12c29bafc,false
XSS-6389,xss,PayloadBox/html5sec,318f98b538b2dc29cd7218aaaac0b12e77c9a9c1931529ff39c8128985865ce8,false
XSS-6390,xss,PayloadBox/html5sec,9b064c1f5abc72c16df6b34c08675ec83c19f07a08d4abc928f5dd27d782c2d2,false
XSS-6391,xss,PayloadBox/html5sec,76ffaed5426df6619c7fcc22ce770546959f731bb8e2e1cd20c4a2ded0238495,false
XSS-6392,xss,PayloadBox/html5sec,a56033947b743dd04b981975ccc3087294b52fb7c5b119f04748fbe6cd1964f3,false
XSS-6393,xss,PayloadBox/html5sec,003e5b42674d1b1eedb305727f2564cd71912060622caa88a921ba72fe5a961c,false
XSS-6394,xss,PayloadBox/html5sec,e8e40f9fe422b15856aecefc43117db1f215b4ece2d0443c028c2fcbab88370a,false
XSS-6395,xss,PayloadBox/html5sec,9ce0a9f37c2cf3fba88b8336123e5d5bdc3a7b67ca1ff45a39f894dfc5b751c9,false
XSS-6396,xss,PayloadBox/html5sec,6445246222cc06fdc6632d767657cfa6c619a1731587d5d16a2165467151bc20,false
XSS-6397,xss,PayloadBox/html5sec,e8016db0db770200840c7e3f23c7e6363a87d1a0285b497280614097d0b93b5c,true
XSS-6398,xss,PayloadBox/html5sec,86f37ffc86d5184494c101a43320d6ca2fd1925883b11eab171770ad2310745c,false
XSS-6399,xss,PayloadBox/html5sec,3e20eda13aca92f0f309114693231d3837419425b4aee2c3e1e09adae7f02001,false
XSS-6400,xss,PayloadBox/html5sec,0d365e61c3bff5bc43977a743ff6a46c50338ee991d2cd7d343968184d518f3e,false
XSS-6401,xss,PayloadBox/html5sec,fb2e3eb57cff1d84fba8510c6989ddc7723e1ccd135ed349934dd2950dff31bd,true
XSS-6402,xss,PayloadBox/html5sec,75074f2cb4815825a425be136e7352f6bd036f6d7c07bcd7706f1b28811c1db0,false
XSS-6403,xss,PayloadBox/html5sec,cfd2be125efda9bca9fd31523bf102b87c5da57a0b0960aca99e4a4d2cefffbc,false
XSS-6404,xss,PayloadBox/html5sec,f8fd9663e360cea650e05e65a594c2077f1485172cfc8ad6670ccae332785ccf,false
XSS-6405,xss,PayloadBox/html5sec,dae28aed862aeb6f34d75ed7da7b3f237d8d2ab0d7d7ce6fc2faf7a243749f03,false
XSS-6406,xss,PayloadBox/html5sec,1cf74cc87496abed311d53402ecd7db09fcf3533e4f0c0ee76191e3f60337095,false
XSS-6407,xss,PayloadBox/html5sec,10c1d169db6256be29aaf8b521380b4b5396386f4d79d429d51289945cf109e9,false
XSS-6408,xss,PayloadBox/html5sec,6dffe6b048a5b45417c301c6a20c2a9650843694c842dd96a87cf281a57d13db,true
XSS-6409,xss,PayloadBox/html5sec,84d38b22fc1e8d4dcaae31216e4d2136f99c79e32842abc890315bb0ac493b30,false
XSS-6410,xss,PayloadBox/html5sec,a6c2f9c9343fd00bfdf22efae0126f258782857da627c58cdc305751d8bdfa76,false
XSS-6411,xss,PayloadBox/html5sec,cb71cf062b89105ae3251c7cb40be95445ebe5474432462f35ff6d7b77236004,false
XSS-6412,xss,PayloadBox/html5sec,c5252283cee30736c07a0e59a60959104c7d70f749015295fd0062e1ca7cb860,false
XSS-6413,xss,PayloadBox/html5sec,dc4b88db02f9f03e29b34a86c203f6cbe15a20a140d70598d2574b27fd3c67cb,false
XSS-6414,xss,PayloadBox/html5sec,83cfb01b314e600ff8a805232002e1328f7b110fa8cc01e03b21f02593af3c55,false
XSS-6415,xss,PayloadBox/html5sec,bdb26aae8d5356b5c97adad92b31ba23552ad273c8a5760819bfe747ae9ec2ea,false
XSS-6416,xss,PayloadBox/html5sec,98f084e39ba3d279a610264e71435c4228f3df1651850581333c4b7584c57097,false
XSS-6417,xss,PayloadBox/html5sec,6b295d1ae3b11a36c1ed4871c464d4805b540c11bbc9e80d0805c645bd0bbfeb,false
XSS-6418,xss,PayloadBox/html5sec,0bf306dc712fb23158fbde3b711cadbd79eeaef90025996a52c389755675b8b2,false
XSS-6419,xss,PayloadBox/html5sec,071cd638f86861fccd58d74a30f399fe6dbcdb2796aa5f4f18fde9a4b3d46836,false
XSS-6420,xss,PayloadBox/html5sec,b88115eb421166c734584f404bfcd74fe60db57c8f38da4f5aa2d55473e903fd,false
XSS-6421,xss,PayloadBox/html5sec,9f0343adfebdabcfdad1dc2aa240cdc5a86e0464390a3fe211f46429376c6be2,false
XSS-6422,xss,PayloadBox/html5sec,e5e6ef874b19ef5838e8c082a8668128311180d427c896da5c8dca403c044ff6,false
XSS-6423,xss,PayloadBox/html5sec,6c29d759a367fa61bc66691626b4d1130264c8aefda974e080cb24fa683d328f,false
XSS-6424,xss,PayloadBox/html5sec,61018a59bee03b8497c522a7caa36800c9fd32ed4795ea6d523e1a8e17b1149f,false
XSS-6425,xss,PayloadBox/html5sec,818860796f936742ed39f22fa4a6d9bf474c11c15a3da94a847ffc97e141b365,false
XSS-6426,xss,PayloadBox/html5sec,84ec5ccfc9d27e1c89e2ffd743d1f1fc23a9253dfd0c23da1a840e5230e9cf70,false
XSS-6427,xss,PayloadBox/html5sec,24ba994580ba00d81437ea60b67c961ac694bd429ce9b3051d7a27fd8c13c2d3,false
XSS-6428,xss,PayloadBox/html5sec,953cc43d9a7911b82ba7dd3157cafec618639f78cc58c72dfe7dbf0cc1b49d99,false
XSS-6429,xss,PayloadBox/html5sec,fcfb614db6b0a2ea1bc9f0699fc07abe0cd1df2a10be7a0187ebf7070e8643db,false
XSS-6430,xss,PayloadBox/html5sec,4456d84c295fa13833fb690d1bf5f8eab581a7b0825dd6c9ad101610aa9593e0,false
XSS-6431,xss,PayloadBox/html5sec,6438554e36a3d3657e4f38a189af15cc64398e72c4a2ea489de4588548f5461a,true
XSS-6432,xss,PayloadBox/html5sec,df0e844da55fc479c86a0f36eccf0e655476da19edeccfbe7d8fa9e068ea6b29,false
XSS-6433,xss,PayloadBox/html5sec,86ba58bd5cf9cabd61c9576ddf7c4c384d0eaddee3e15a85bbfc1751d4fe3f2e,false
XSS-6434,xss,PayloadBox/html5sec,34f15d98e4ea8115a00c05dc676dbf089dd4f72a0ae71330cbee647b59235525,false
XSS-6435,xss,PayloadBox/html5sec,49b78a99c23cbcb2552bfc2b826371e4894760ab314cc7f5d6ce78f955baeeac,true
XSS-6436,xss,PayloadBox/html5sec,aed02382431213a2fee6fb83834f3de05a60725de1ee980b5a5373f4db6a1e5e,false
XSS-6437,xss,PayloadBox/html5sec,90b7079c76d06feb41710ef9513f70772e234a55933070e8ac42821ad3beb54e,false
XSS-6438,xss,PayloadBox/html5sec,728dbde8d9c6f4fe2795ae3f0b80c45396674388f4110408eb86e8cddb0f56c0,false
XSS-6439,xss,PayloadBox/html5sec,132bd07676dc05dcea665f302d65da2bab7d10676bb00d78946701c94320b570,false
XSS-6440,xss,PayloadBox/html5sec,39cfae44842fd176bd8591f082869e45b57e937175b5a66c0ad8898364649bea,false
XSS-6441,xss,PayloadBox/html5sec,0a2700f9ce6d9c6a55852b1c53ba0beb33e57350f0515f0a278b36c8752d0b74,false
XSS-6442,xss,PayloadBox/html5sec,6704b3cd8f468179093ba1977c9041bb797450d50863a699e585438c80ca80dd,false
XSS-6443,xss,PayloadBox/html5sec,2d29c486293daf335ab731f39434035849503cab89980993df642b53d641ff77,true
XSS-6444,xss,PayloadBox/html5sec,d4e3030976c36e63a9e114db3b7e96a8ed94394d44c04b214d04a0380bcd16eb,true
XSS-6445,xss,PayloadBox/html5sec,ada5bb4a11a85d0b242ab8e2af96c9bcada28c21a81bef0bef851d9869fa87ef,false
XSS-6446,xss,PayloadBox/html5sec,7728703be9673c396ce11094b79d1519bbbd1fff5d7224b49357c2b6594d0b5e,true
XSS-6447,xss,PayloadBox/html5sec,39cfae44842fd176bd8591f082869e45b57e937175b5a66c0ad8898364649bea,false
XSS-6448,xss,PayloadBox/html5sec,233f063ef31335522795e8bd2dc4815a94970da332014d30e9cf7653912de96e,false
XSS-6449,xss,PayloadBox/html5sec,e7cc44bf5a51da309ca34f8dad5e9b76b664fca7ee1ee95e05d2a0014dc25af0,false
XSS-6450,xss,PayloadBox/html5sec,5eb87ad20e04f42b59877e108121a28e091c6b3d9909c7e7dbd0dca186e28cfd,false
XSS-6451,xss,PayloadBox/html5sec,39cfae44842fd176bd8591f082869e45b57e937175b5a66c0ad8898364649bea,false
XSS-6452,xss,PayloadBox/html5sec,b78930f00c4a00768f6ab1f67d1012d1700628482f717c95759b176efa740fbd,false
XSS-6453,xss,PayloadBox/html5sec,bf5fc74296c2e4ecca504cd46da231ba33e3e95f79fd8d0d29d28e2f7a9c6624,false
XSS-6454,xss,PayloadBox/html5sec,bab096292de39362e6828f38663bf2624b468947eddf310a0145bf0ed26ebc5e,false
XSS-6455,xss,PayloadBox/html5sec,bde2fcbb20fa7778f4819b64a752eda61b77928235ca332ba1f32d4886120d4a,false
XSS-6456,xss,PayloadBox/html5sec,c88f6cb80da02ac0001f4934679dc2ca62b6051877bf957c4f27b6a49d7db17a,false
XSS-6457,xss,PayloadBox/html5sec,62cf7fd423e2fc71c72742e9d3c1840864e1c21d6e9e28cd8b830e074971f2b8,false
XSS-6458,xss,PayloadBox/html5sec,94f1b96413eb6aa2c0c155d70a999137867ddccc6a52083ef7cc6600dfba7da8,false
XSS-6459,xss,PayloadBox/html5sec,f6064c2336f89505871f35ea37143581073c333b5a2b6524f678fca0764a96e0,false
XSS-6460,xss,PayloadBox/html5sec,514e2773684c6cf073e231e388b8c5400721b99330328021e1a86e1b9eb68ad1,false
XSS-6461,xss,PayloadBox/html5sec,56fc04664ca2a1a5ba692a25e692151f473a9f07cc94665254b46f0bb528bf52,false
XSS-6462,xss,PayloadBox/html5sec,e37e422216914eef792f6d83a4b4e839932de704ac57ffd1447b2e394d6a6fb8,false
XSS-6463,xss,PayloadBox/html5sec,125cbd8b7da573e773a1fc99ee2f3c231dd8297d246156cdad43c12217206e37,false
XSS-6464,xss,PayloadBox/html5sec,6e7fde0596449927f7f8895eaf4a475a802f6dbff2155808d4e2fda96a9f5c74,false
XSS-6465,xss,PayloadBox/html5sec,3749b540080298f1112742320cac403f55bff72fab5b39c9d8fb04e4b8660154,false
XSS-6466,xss,PayloadBox/html5sec,20a724d09067f43401d1d1902e5684850f9cbfacbbc5c13c6efff5a5da8e842a,false
XSS-6467,xss,PayloadBox/html5sec,39cfae44842fd176bd8591f082869e45b57e937175b5a66c0ad8898364649bea,false
XSS-6468,xss,PayloadBox/html5sec,f1345cdbbf21f589ab7e22e7f2b30c6ad17bd9891ffc4c450d9bb8725e7dccdd,false
XSS-6469,xss,PayloadBox/html5sec,81ea2c26bed9e94d1e222a186232bf785be0d4e9b55cc7d475a21ceeb051ed6d,true
XSS-6470,xss,PayloadBox/html5sec,39cfae44842fd176bd8591f082869e45b57e937175b5a66c0ad8898364649bea,false
XSS-6471,xss,PayloadBox/html5sec,f7109941ef1f4541e9083152439b065a0a321bee0ea3eae70a6e5863fa79d6cb,false
XSS-6472,xss,PayloadBox/html5sec,5e3a6468bb50c37d8d767ba44e6b6661cf59b57ef41d3bd4bee6a8ab79d6fb12,false
XSS-6473,xss,PayloadBox/html5sec,d86dda4e866542c6a425b86895a2b5569479a8778cd13bf77a6c155c8201ad67,false
XSS-6474,xss,PayloadBox/html5sec,09ed128517b446d8b370bacd72ee7da3803fad3af6edf2f7ac087725e746a115,false
XSS-6475,xss,PayloadBox/html5sec,7f726f5554af3b62e6809cc80df603232643e9710b44ba584f163546f2b64389,false
XSS-6476,xss,PayloadBox/html5sec,ecd38b242f990dcebd963df316c9136cb24e275f360ce4de96a95eb9a12b57a7,false
XSS-6477,xss,PayloadBox/html5sec,1e1ee537cf37f23f918cff7c9cc46fa6c36802ff3efdd0fec5ca670f179b329e,false
XSS-6478,xss,PayloadBox/html5sec,ebcdb2403daff19258471d2cac9c5c54fb8faa1fbdbc7973498c5c37adf6a838,false
XSS-6479,xss,PayloadBox/html5sec,fe1373055b46f24c8cb435ac2da29804b1578ee2535927cb8e4ac71e85df1c25,false
XSS-6480,xss,PayloadBox/html5sec,e26bcd70a07b07d28413f10367865f1db0af83775f550d51cadffa6ef0ef1400,false
XSS-6481,xss,PayloadBox/html5sec,92271d33f3cbe83649cf654eaeaa91b19e6681fbddf1abb5566a3ec1de2d209b,false
XSS-6482,xss,PayloadBox/html5sec,0db12a4f65d93ab1a47cf00455ec8447bde2aaee76dadb26fcf2883e1f627c0b,false
XSS-6483,xss,PayloadBox/html5sec,d3ac25ddc7ba9779c0556d543e4994d158e16a5a359347a1321dd236f1af0b67,false
XSS-6484,xss,PayloadBox/html5sec,33f2c200749eaee11b7f39b4ed4a3816e583c311d7027e0bbdc76baccebe52b9,false
XSS-6485,xss,PayloadBox/html5sec,5e70cb949d84d7daefe283a9913e05ae03c8f2320276d21f740fd21c8bab52a2,false
XSS-6486,xss,PayloadBox/html5sec,de44cacc5893b33a4f28e36ecbca2e1133f3d8485841d7dc9ed8546672581185,false
XSS-6487,xss,PayloadBox/html5sec,ef0aa38a9abdf872b76c6b3480dd7d57620ee8374b03dcdaacf502363d52d562,false
XSS-6488,xss,PayloadBox/html5sec,dd7678c7cf6c924e6c81d44c7512b8594db3485ea77d30b7692579e97ea31edf,false
XSS-6489,xss,PayloadBox/html5sec,893db9d02f0c35d3ebe1747d1eeb9d5a3bde897573176848cebf6265d7302f34,true
XSS-6490,xss,PayloadBox/html5sec,39cfae44842fd176bd8591f082869e45b57e937175b5a66c0ad8898364649bea,false
XSS-6491,xss,PayloadBox/html5sec,fcb0133cf835c0a8b8cf528c5961566c4f95e8b3a6e18ee1e88a557bc3d49035,true
XSS-6492,xss,PayloadBox/html5sec,ff1017428ee21c4f23c95d9e401197fdc9dc9f431f8608fb63309d7dcee7f558,false
XSS-6493,xss,PayloadBox/html5sec,a5b6a640003ac291652c67bce06abec4566dfb2da4fbaa50153f0bb148ee4b04,false
XSS-6494,xss,PayloadBox/html5sec,08c5424e983d38ac9722d53ab7b0547c8f9e33b333bf20305b84d5290cf02156,false
XSS-6495,xss,PayloadBox/html5sec,3895473418370c7b0c3c3a05776e5cff605396edb6e1e2ad9e5ee18087bc7e92,false
XSS-6496,xss,PayloadBox/html5sec,484a657789515ba6f80eca06ca38295a6924c743978dd56e0ec7184d2e6c94d2,false
XSS-6497,xss,PayloadBox/html5sec,c1ba60d91aae05daa8ffae3e0a040a5c701698983b92ee4665ebce11773ebaaf,false
XSS-6498,xss,PayloadBox/html5sec,75164f6fa75541bdc8fb4fd24bb6d2c3e3fb67f556c218abf70620d5c795571b,false
XSS-6499,xss,PayloadBox/html5sec,65a36932700ad2132832522dafa1057b9829cfd47af15868e0998d8df93ea7ae,false
XSS-6500,xss,PayloadBox/html5sec,39cfae44842fd176bd8591f082869e45b57e937175b5a66c0ad8898364649bea,false
XSS-6501,xss,PayloadBox/html5sec,7c44d27127cd29a86c08eabe6092a05e2524e7225e3efbc985b6474291b3a2b3,false
XSS-6502,xss,PayloadBox/html5sec,71f7afe290fea83f67a8b42fb8313a60698fa947a02d7111fd0e5fc0734aaf8a,false
XSS-6503,xss,PayloadBox/html5sec,39cfae44842fd176bd8591f082869e45b57e937175b5a66c0ad8898364649bea,false
XSS-6504,xss,PayloadBox/html5sec,871e2a8647bf1a50de7c571162f9b517ac3c134deca027e833914e5ea1cd4346,false
XSS-6505,xss,PayloadBox/html5sec,35b5e23d9fc3e4765abee13992597c33ce76286f8153174eb65216c498e423c3,false
XSS-6506,xss,PayloadBox/html5sec,ae230804b7690e4b85190ba3fa6cf2a38a1aa2b4c31f164bf612b1acd1d7dd9f,false
XSS-6507,xss,PayloadBox/html5sec,b2213e8a2d200894c93b84985038cfc8746a7805aa47046111afc72346b9ad70,false
XSS-6508,xss,PayloadBox/html5sec,109cf2f1ff6f5617c994c2b125fae36caa7f03f0a732b3b5a571553545b986d5,false
XSS-6509,xss,PayloadBox/html5sec,355060398399eca943f8a0315002a0959cfa7a4cfa42c7de3c78e343f4521284,false
XSS-6510,xss,PayloadBox/html5sec,70115832e8017a8a09c6118c42173ede90846e59d9c1c8effe4d38c06c3be5a2,false
XSS-6511,xss,PayloadBox/html5sec,6ad94f894d52ec8e7387ac9b033cbd632c4fc92b4539856e952f67ac65e66c6e,false
XSS-6512,xss,PayloadBox/html5sec,1fe069f96f2789a275b6bd183b655ea180413a3cab963146b1c72d0b27bd146e,false
XSS-6513,xss,PayloadBox/html5sec,b2b378460024e682dd6da92aba5a1595bf74b90112d7bd8698afba23faeefbbb,false
XSS-6514,xss,PayloadBox/html5sec,d07d6e1f73d5b37007925cbebc9733703349fe7b4ba46a46f3204ad80a91145e,false
XSS-6515,xss,PayloadBox/html5sec,a20cb0cd8c1a0cafbf8e47718c2fa0b2b9f1b88d4c899e15683fbaf8ff9a2b23,false
XSS-6516,xss,PayloadBox/html5sec,3920809a1f8355a0c74d477be3cc9ac61438e866678dfeaed4f7276b1ee4fe23,false
XSS-6517,xss,PayloadBox/html5sec,0a9f4bae97f932ff7bcc0d3d84d36768c6cd1c52ee94577eb009b09ca82fc12e,false
XSS-6518,xss,PayloadBox/html5sec,80bbbb34ce7f77a9c4ca479dcab475bbcc533cb8b4904e285179967b6f2e7ca2,false
XSS-6519,xss,PayloadBox/html5sec,89254c17968dbf87c1fd07f3f6aa17452f80bc79fc8cb56c8c1cd7d4ba04cb8a,false
XSS-6520,xss,PayloadBox/html5sec,cbe3a08de0e82651fd689db2250448dc8361a8b4f73bc17afee8fff8832584bd,false
XSS-6521,xss,PayloadBox/html5sec,3e537cbd6966adbe957a524b89c880ca3f5443249ea8a44c350808c214fdd16e,false
XSS-6522,xss,PayloadBox/html5sec,fe42710a49307449c14d395a302ebf8fbe5742bdf1ee534ed685ba2bf467ab10,false
XSS-6523,xss,PayloadBox/html5sec,9aaa383faeb26b0b5ca172dcde613b203a072e6e988efe1e206138993906abd5,false
XSS-6524,xss,PayloadBox/html5sec,06229db7d7cd592e13cc86cb14e708763c48b40b2d0d48f96a693a721930e0d0,false
XSS-6525,xss,PayloadBox/html5sec,a1c2926dbd17d3f01e4cdd7853254f19f0e3f28632399ebe532fd0e975ec22fb,false
XSS-6526,xss,PayloadBox/html5sec,43df559f14f768b3bed64c5fa98bff5082e717bc7c2b25c701bfc5d8fb1a6738,false
XSS-6527,xss,PayloadBox/html5sec,311d46a7ef57b9b0b101abf14965fe386ae0da4535f43c4c757221c97ebf4c75,false
XSS-6528,xss,PayloadBox/html5sec,83cfb01b314e600ff8a805232002e1328f7b110fa8cc01e03b21f02593af3c55,false
XSS-6529,xss,PayloadBox/html5sec,7cfaf218407bea044098c91f1b519860b3c13174ce7c4ef32245bbc620030bd6,false
XSS-6530,xss,PayloadBox/html5sec,89250a864c696390fbe4e3edebc39be2ed458c6bc403861374fa074649f8856a,false
XSS-6531,xss,PayloadBox/html5sec,fcae18e5d27d0e71d517e86ffb36498eeaf66d51797584612f6057f4f442a2a0,false
XSS-6532,xss,PayloadBox/html5sec,6a8cec2a8094bd87a852e5c1020272a9c2fd1c091043c2f7b81b095d3c4cce0e,false
XSS-6533,xss,PayloadBox/html5sec,efcc5e30515b7931a7146f01ccf019bd6b0ea399dca026aaf96af23b7facb93c,false
XSS-6534,xss,PayloadBox/html5sec,a6f9cf5feaf9c829976c9e6406770a38e38ad50d1dd6e128a174c48c6293917a,false
XSS-6535,xss,PayloadBox/html5sec,e2fa24b232fee7a55baf297efc687b8ff5c2a27c4003bb8fc486be7333979fe0,false
XSS-6536,xss,PayloadBox/html5sec,36daed6420956968d0f265dce0eefe7bd239b0e16aaa339f87f3f78b0a604500,false
XSS-6537,xss,PayloadBox/html5sec,1c3ad72bc65cac9f1a40d562eba9ca6a0ff88614fc9ca74fae925447d3183594,false
XSS-6538,xss,PayloadBox/html5sec,f91ea4bdd4ff6a5426499a3db2a97542fccad8dbf8afe2fedb909143bc93865e,false
XSS-6539,xss,PayloadBox/html5sec,a4e82389c7b3ba1aa063270d9428fb548e4ee445c88f6b10d5d626b2a3c0bb52,false
XSS-6540,xss,PayloadBox/html5sec,d7e361a57a4159803619bf9d739f0288257632e246f33692e8a1bedcabcf23bd,false
XSS-6541,xss,PayloadBox/html5sec,e6c0659c6fa0f75219849dd6ffedcd9d6a965156e799dc066063f858eb2e1959,false
XSS-6542,xss,PayloadBox/html5sec,0c3e9390ae377ef51319530a29235c45055b927370a155ee631b079d03092c4c,false
XSS-6543,xss,PayloadBox/html5sec,85fc8dae48ea8301dd8c9c994bd1213e723a78c1e7d0da461667da2674c53c0b,false
XSS-6544,xss,PayloadBox/html5sec,f6ff6f395e3b81242e12f8777c534409a5156ce86bb67b14a153bf57e4913f8b,false
XSS-6545,xss,PayloadBox/html5sec,ed2d606c8b4da7ff70421cde6b2f4d3c743f8d72f0c226dc965bd2c02b1429e1,false
XSS-6546,xss,PayloadBox/html5sec,07433656241267a7d0a0f3b81ea8bae29c37a6821af11dd9b71eef3ed41bab2f,false
XSS-6547,xss,PayloadBox/html5sec,39cfae44842fd176bd8591f082869e45b57e937175b5a66c0ad8898364649bea,false
XSS-6548,xss,PayloadBox/html5sec,3994f94591d03dc9d9524fb10fee082e4da99fba4b7b37247cd53f2a51c5872f,false
XSS-6549,xss,PayloadBox/html5sec,a1e7fe9137ed45449841f0818300ea980540a10ffd11205528fc73ef2d1e401f,false
XSS-6550,xss,PayloadBox/html5sec,c65c718779041716a0e1424badd206a1c06a1ef148e09d5da9dc9fce1de53abe,true
XSS-6551,xss,PayloadBox/html5sec,39cfae44842fd176bd8591f082869e45b57e937175b5a66c0ad8898364649bea,false
XSS-6552,xss,PayloadBox/html5sec,7c134262d5e7d71974e4c55bd76bfd8b53cbeb5bf0c66fdb336176cc10756dd7,false
XSS-6553,xss,PayloadBox/html5sec,1ecc3ce59286b651e3eac1bed30a8d688b8bc234f7ce814033f9e841c7951bd0,false
XSS-6554,xss,PayloadBox/html5sec,875c894f805153518a5fe7b9ed1f0a5dac131b8b12aa5f982a32054f7c733fbe,false
XSS-6555,xss,PayloadBox/html5sec,47089419985f612b6575a60b20f3e304bfd63a1c1b69e523968eff7b4862fcd0,false
XSS-6556,xss,PayloadBox/html5sec,1c9c5dc573f73b6fad056094d8579a93d75d53b521def4d18b58f0901b4fa0ee,false
XSS-6557,xss,PayloadBox/html5sec,4b36fb87ea8b22e93a596601073d79a29d8f64b7fc60d1ea6ab0703f6807eb07,false
XSS-6558,xss,PayloadBox/html5sec,60ac9332e09ea3c992f83c1e24c258ece57c8ac80acfb37fb7aad25d377914eb,false
XSS-6559,xss,PayloadBox/html5sec,8bfec67fbb04f2a7ba7ab1c842948734adc28a42b38548d6ee31ce5a54eb1e7c,false
XSS-6560,xss,PayloadBox/html5sec,5abcbb2fc0cc02c3377a43ecb9dc4356a2500a50c336c96a2edc990683ee31bc,false
XSS-6561,xss,PayloadBox/html5sec,9ba79bba0812a8e73496df0e517606de2d4f385e68f3819b2aee9f554851bf15,false
XSS-6562,xss,PayloadBox/html5sec,d034258b334007c65ed450d89f4e055e97f8fe45c53377d2c4403f44089a85c0,false
XSS-6563,xss,PayloadBox/html5sec,be7fdf5cbf8b17cb41a84c2bf8529cfe3945c73188d14454f2204b19865ccad3,false
XSS-6564,xss,PayloadBox/html5sec,0316e1e67a5430e723fe3653f07e5a335e6e66e9bcf46344e73ac02bcadbf613,false
XSS-6565,xss,PayloadBox/html5sec,afe882d353014353e9126431b0b4d744cff307cf358c9ce8c4351be6e21f309e,false
XSS-6566,xss,PayloadBox/html5sec,65aef1adba8672a5fe7932d9f9f0dc35c2435893f65112acac628d2dc17a0bcf,false
XSS-6567,xss,PayloadBox/html5sec,9786bafc8e8d2e9fbd5d477c75cc550384f0ac380e59b525853974ce580e9afb,false
XSS-6568,xss,PayloadBox/html5sec,e0c7bb7b72eeecfc07340f6bce5874176ae2e9d13551d2d6a6f3409e66c2f8c9,false
XSS-6569,xss,PayloadBox/html5sec,b251a713539912780299237a70df888faba6053bd3d47a85689edcd7c744a216,false
XSS-6570,xss,PayloadBox/html5sec,0151e4206994ecf39932b434fb55b51e68dd04d8f6fc043b093cb98b14befaba,false
XSS-6571,xss,PayloadBox/html5sec,b662bd858a4744bcbc20e24090c895566174a988bab58a84e61e9dab5fb7f171,false
XSS-6572,xss,PayloadBox/html5sec,7885414f8738a1692d4757d8db34acd67c17b2945cda211a9f050bc7bed46b5a,false
XSS-6573,xss,PayloadBox/html5sec,181bd18aecb31caf7f7815291eb87dcfe89f1b73bcda828eefe2e8db23c4cb13,false
XSS-6574,xss,PayloadBox/html5sec,9ca239d8029d4c38930b9b73c7c7d66e980fed0cde759d3c2e5146dc7150b8cf,false
XSS-6575,xss,PayloadBox/html5sec,74dc9557ab981926699a7670ad1610533cbe2ee728b3d6599281f799e3ed7f0b,false
XSS-6576,xss,PayloadBox/html5sec,39cfae44842fd176bd8591f082869e45b57e937175b5a66c0ad8898364649bea,false
XSS-6577,xss,PayloadBox/html5sec,a1f36729ecf2143fb0677053e75cfc46ab03e39414572f563d66c0042c62dd8d,false
XSS-6578,xss,PayloadBox/html5sec,a9ff23203e161ef5f5949f451ef97b7ab0e2b39d2c6de91436564144c3530788,false
XSS-6579,xss,PayloadBox/html5sec,6a76adeb777b6e60f02dd2b668e909c849f03546a85620feeb487b83d6979c8d,false
XSS-6580,xss,PayloadBox/html5sec,7123d1701e1e0f6fa73d4a98254d11a1189083d845612b46e91a23481474fd2f,false
XSS-6581,xss,PayloadBox/html5sec,cf4df1b6f8f3b1a8b2ff99fa67887d0595a9b091c0ff7637a2faf8eb63705965,false
XSS-6582,xss,PayloadBox/html5sec,7b2203f3306d62c91932a59e29e2a42dcda43f8b3fc6cc4dbf73636d7fa41b9b,false
XSS-6583,xss,PayloadBox/html5sec,a33ef4afb45d15bccfbc5c0daec3bc8d795164cdfbadeb4fbf67a247905e039e,false
XSS-6584,xss,PayloadBox/html5sec,08e653f07fbfac533f9f4120ebff52d4910b9fb1a14e07d1a5eed578d80f9789,false
XSS-6585,xss,PayloadBox/html5sec,2e8205008fa811954f927f5f333d2391270282b0a8a967eedd46d94ae2b07e05,false
XSS-6586,xss,PayloadBox/html5sec,506e93bef120caf8dde34977266464b46f2a41873ccc6b0e24ebc483c40b3a6d,false
XSS-6587,xss,PayloadBox/html5sec,9c8107419afb0f3df08ee3459ac62775af29606f0d64289e2587653dee9d21c2,false
XSS-6588,xss,PayloadBox/html5sec,8000c87c0adffb4008f54bccbacaba9fe01322f5632913ca68cc2f079c73d7b7,false
XSS-6589,xss,PayloadBox/html5sec,9103aaf70f11617ef43ba952799a8a2c1e7d698d020cbdadd43e67c54c2e86c4,false
XSS-6590,xss,PayloadBox/html5sec,29135036d0e525defa1b2626eaec0c4b12d3534eb7369e8523fdec1c6c872b81,false
XSS-6591,xss,PayloadBox/html5sec,3a68408a309ccaa75aedcb95f438facd01bfbb7ed05694858351aa5dab5913a4,false
XSS-6592,xss,PayloadBox/html5sec,982d8d175d5546c1729378fb0b06b58336df1d1c40aef5d2d5c0652deff89ede,false
XSS-6593,xss,PayloadBox/html5sec,37acac6e30198b5902c88fab8fc7d89ff9e96fbd0291e80cbdfee0fdbde61a6a,false
XSS-6594,xss,PayloadBox/html5sec,99710d33addc343c700563443a683c8af71835254c42074f687becfc50170a77,false
XSS-6595,xss,PayloadBox/html5sec,5b652ceb2864d6ff1a3af78e90f39c2e37b14c62986852d22a2525a61ea387b2,false
XSS-6596,xss,PayloadBox/html5sec,be79325ac1f3647e8290ec8debd53afb75bffcd934e4dfb50193a617c396c9c2,false
XSS-6597,xss,PayloadBox/html5sec,2292f4b469dc1584ebda82c489ebef4eaf84a317e58afb7467eded4c6954b5ac,false
XSS-6598,xss,PayloadBox/html5sec,fef69e562625624598a5876f143008d6cbb0105eaaea6c22fc128ce4a81cdc93,false
XSS-6599,xss,PayloadBox/html5sec,a2563a75a80a51a7c34e0e0140348e58bdcc721a7d26bbe5b16c1c104a10c8bc,false
XSS-6600,xss,PayloadBox/html5sec,3920809a1f8355a0c74d477be3cc9ac61438e866678dfeaed4f7276b1ee4fe23,false
XSS-6601,xss,PayloadBox/html5sec,521ad9b6afb42c0be092affb83ecf85fdd9593cda11f58c4df15d8000a8ea0fe,false
XSS-6602,xss,PayloadBox/html5sec,5b61a59809d1be6d7b695cfe84feb91f434af7e10ebfafa8f24494ca388f6159,false
XSS-6603,xss,PayloadBox/html5sec,3456ae0503d150715c0211e9c9e4dede22524ea583b9d0c4d981b064e4cf846f,false
XSS-6604,xss,PayloadBox/html5sec,8c903389a4754d0a7428a249c7a4b0f2b1669d267b4897b0e736d2a3eb8f3040,false
XSS-6605,xss,PayloadBox/html5sec,43f7a618629a2ef36c93ce9451cbb8a531a89bcfe86eed245402c214af538fb5,false
XSS-6606,xss,PayloadBox/html5sec,98c2ceb296eef4e629cd67e2c1dc67501009fe25af2795c2cfd7e1bf9178abf2,false
XSS-6607,xss,PayloadBox/html5sec,56703b6d380e323a9ba5eb7d0c8e0edeed14e7d44e0c1836369e022338227952,false
XSS-6608,xss,PayloadBox/html5sec,38c3e9076908bc3f644eae5fe3ce2e6b9bababe4ecbe6ad00483b42483776603,false
XSS-6609,xss,PayloadBox/html5sec,889e52da038dc2d9ba6456412c0bb031291fd51548c055b03f9f2970cf289585,false
XSS-6610,xss,PayloadBox/html5sec,d44fc654153d045f360e431252b8e5e1bc264d3580419c12109cbfd4fd8265e0,false
XSS-6611,xss,PayloadBox/html5sec,7616de019214be84f506ca7e8b3893639754701ad7c5f1c1bd9d2ae86e0c00f7,false
XSS-6612,xss,PayloadBox/html5sec,889e52da038dc2d9ba6456412c0bb031291fd51548c055b03f9f2970cf289585,false
XSS-6613,xss,PayloadBox/html5sec,65f841d4f38c7114088795c579539bf15ae4e2ea90c96c5e13ee4b1c238e82a7,false
PT-0001,path_traversal,SecLists,3754d6cb3a38e1185e5b382d5f3ef3f118af75bf4bf0254d1fdb8437f51423e0,false
PT-0002,path_traversal,SecLists,56bfa7338a2dfd1d7159f20c3894607032e46d6567984cdc4c9c38cf7c1b1a97,false
PT-0003,path_traversal,SecLists,a032902ca26bf0d1efe11ab45b0ef4c7a22da69bc4f77ae5fd79ce8354c50e7e,false
PT-0004,path_traversal,SecLists,7383528876e4f41de63068f3ae17e8af6d71d36c9a26df7c61908dc41c0ce35c,false
PT-0005,path_traversal,SecLists,394e64a9def5643158af9d06df73bb4221f4243ffa161b92393ab5df7833bf6e,false
PT-0006,path_traversal,SecLists,51d178f6c8a220e7086c636c0d9f9a2d22f127bb80974c5ad58f89ca307000d8,false
PT-0007,path_traversal,SecLists,ddd3477022ecd4bdb39eb9e8a9c0c83195abdce7e47fb25aeced2354988ad4aa,false
PT-0008,path_traversal,SecLists,930892285bc5bd2d813f1750ae59d13608834427637b01c8aaa81e849e320a89,false
PT-0009,path_traversal,SecLists,b9682bb7eb65ca2aeced5b0c29878b6a0e59b62201da316b5af53c8095ffb740,false
PT-0010,path_traversal,SecLists,bb95d88a7c88169d7d8adcf0e827a1740a4726cfe6000da02f79e7f87675c36c,false
PT-0011,path_traversal,SecLists,4b918b5c81c6737946fdbdf62735e8cf9c06a4135e6387efcf7949b8b7fa82b2,false
PT-0012,path_traversal,SecLists,517fa1a5b8be9e25fe85ecae5f06c735555cc7345f9852557a0c9164ad81ffe1,false
PT-0013,path_traversal,SecLists,36e6877437f423fea4f3cbcf28c8656ecd05248e920810a6f45bcf3ed53e42d5,false
PT-0014,path_traversal,SecLists,7602a1c1325d3133911202bd5d5bbd46d154e9d53521b880cc969992b4f3550d,false
PT-0015,path_traversal,SecLists,d414ce207604b91e38b218e900bd6702c4da62c712f3547af516c4727046b332,false
PT-0016,path_traversal,SecLists,3dd13e2ef800ccd7167bbd5cf8aecc700f4339a9121c71aac526982b507d0396,false
PT-0017,path_traversal,SecLists,6cbff442c996b4a256f0fa24153d4716fd3c97a47dac9bf3d7899851b30155d0,false
PT-0018,path_traversal,SecLists,8200dc5169cb34529e387b7af42f494f9166c1e2f33ce6a024d437adeba487ec,false
PT-0019,path_traversal,SecLists,e525716eafad9ea87f895f7ad05a33fe75d27ed408553a925380f0ba89cec257,false
PT-0020,path_traversal,SecLists,f0c2b38e204a996af84f183a1528ba9b0ce7569e7675f3c780e8772534eb5825,false
PT-0021,path_traversal,SecLists,b41f0b21ff7864da81ab862714418486331067c3cafda4285311a1894a092f80,false
PT-0022,path_traversal,SecLists,5b94b9a87eaa5a4bfc67a41e2b4ba79bde1b469ca9d8d1dc1df41f8c71dc0f4c,true
PT-0023,path_traversal,SecLists,c0c9400f1b71a3bcdd15c4f045c8d27bb78cd20a445d0386c5b39dd5f8feaae2,true
PT-0024,path_traversal,SecLists,75aa111253cfe6436ae102080666fb4196c8b49133bdf9683a00a0921103b8dd,true
PT-0025,path_traversal,SecLists,d38ddcf66f5c35079491c7cc7742eda8f71f0f58b2ea0ce811cb9f6d849d96d9,true
PT-0026,path_traversal,SecLists,5ba485de32fb7cae8b96ece1be7ac3ab381753fe170e30ff8f72cfb1d8759667,true
PT-0027,path_traversal,SecLists,d3437be518a141ded55e17a7c423fbc2b9d895a84ba23c01ead05572e1877f43,true
PT-0028,path_traversal,SecLists,806eaf3d0bbfc9d9224b27691cf407cb457d0300c6896aaa4c2d9619d1c1b5d1,true
PT-0029,path_traversal,SecLists,4b1dd29c48b438e14452d35f3025d2d3d69d366390f5c181a89393d66be51015,true
PT-0030,path_traversal,SecLists,0f2cf7672261bb80809a5541eeaeebb1c6333b32a67e47083d12a130aa051f62,true
PT-0031,path_traversal,SecLists,021e3323b19704faaf17478bc306a59c6ab0257bc6bd33688dabfd811857472a,true
PT-0032,path_traversal,SecLists,b7a1fe89c24775ffe49a4bba4753c523e5a9a5850f5789c306990d7f49577598,true
PT-0033,path_traversal,SecLists,e122b7913467f44ca352b0594c377fbff3b352a436a1fc004fe07cc5872bdc38,true
PT-0034,path_traversal,SecLists,711d2c9e1d87a710d65038b49a9b2be4476e2bf8ca0b81ae6412c5dcb4136851,true
PT-0035,path_traversal,SecLists,d09d3a7e09d834453144be7ef455f3e2bd69b4fd159b2d70916bc67a215c354e,true
PT-0036,path_traversal,SecLists,9de4c6dbfcd2e24f970a47fe94b1621cd6118a43ed63e31973b3b9b1ebcf9110,true
PT-0037,path_traversal,SecLists,458775f3fedd8e3fa8dee12c92ec8380aff40ffbdb4628eb5d0bb03ca4e891db,true
PT-0038,path_traversal,SecLists,b0b1b22b724ba256ee18bdd77666ac13395d8447f450c7fa8bb7434e228f7b73,true
PT-0039,path_traversal,SecLists,b9368cffc31d15136e11c404e77e15f684d9f01e41f37cfbc291bafbf119f2bb,true
PT-0040,path_traversal,SecLists,9b615cc6a74a4d5d0df3be6cd8a431204543edab50ca337a4e0194749b7a7418,true
PT-0041,path_traversal,SecLists,91d844ba3cdf0b3604eb2ea828013c271974e4ff61fb8ae0a007fc43c7cc5d0d,true
PT-0042,path_traversal,SecLists,06e8641a6d0d4573cc662594ed32d9156a9ef5814085624bfb7bd90349eaa390,true
PT-0043,path_traversal,SecLists,3a1303e30b7c470519e397b928def265ba20868d0841da621115edcf9ada35d8,true
PT-0044,path_traversal,SecLists,dc704920a23d66942dc07d7b845e5081d31a45f22592da1cdb5a33adc38b0ffb,true
PT-0045,path_traversal,SecLists,59d825d907303395df6a1978a3944c15bf82985a73bc30ee16d297af90d82a3c,true
PT-0046,path_traversal,SecLists,b5826cc9f5f357e41e103c7f3f6cfae4958951545b61844af7e7430e77c8474f,true
PT-0047,path_traversal,SecLists,0e2ba6d14c99a89924d92ceda69e8f2ef4b2aa8e80e1dcae99c0c9ad71bb4b7e,true
PT-0048,path_traversal,SecLists,9cc470c06848a31095bef7790c1a36d3385e97aaeb906c622bdb2983fdbb4635,true
PT-0049,path_traversal,SecLists,0b70ca8986b3ecd0feb95f08ad3554ef9f95caf90f536ec779197108b572051a,true
PT-0050,path_traversal,SecLists,cb450eaeb2282f233b9a67e4c66e1ef1af0479cb87d1a52dfb66f88827906768,true
PT-0051,path_traversal,SecLists,d1225abacd7bcfaee80026c762a00bb27dee1a3a552dc1e42cc40fa19fdf921d,true
PT-0052,path_traversal,SecLists,8d321c402f5c3be5c68e822228b3ccce8a632eec3ede8c19eb46664915dca69b,true
PT-0053,path_traversal,SecLists,beb13f780a49cc15141810f0ee7d88fb0be1a87ead0a518c57de9948100f29ab,true
PT-0054,path_traversal,SecLists,b5b91059115a11fb856de595bad5fbe74a07406c3cebf0a31f6de935aac26ce8,true
PT-0055,path_traversal,SecLists,e005df0d7a7e341f80fdc7fdf03b749862b75d1502528670612fa06321f96ac3,true
PT-0056,path_traversal,SecLists,8f5108cf7ff91417c8156d3e8af12f89ea8cd1b967d003e554fb5c5780991b42,true
PT-0057,path_traversal,SecLists,50e50d0a1812210a829f07088863c4b0e4b552983945cd580b57cea9f6bad6fa,true
PT-0058,path_traversal,SecLists,64516dea36a4df95bcd172f492760fbd5c465f26f65943be71e937488ae53121,true
PT-0059,path_traversal,SecLists,71d9b8eb4d32465df3168e18ae634fb6affac95548ab25ef7703ff2059d6ca47,true
PT-0060,path_traversal,SecLists,f34fab514747e3720edad5dfa69a83089b730ac1e5d0ecd19384dafbf3f9b205,true
PT-0061,path_traversal,SecLists,225bd438d7b8aec42aaeb22776a963291233e4b7ae8b13e46171d02051915e59,true
PT-0062,path_traversal,SecLists,cae765a459aee936e639eb4994efb157e8ceca99ba340938511c009a11ac6759,true
PT-0063,path_traversal,SecLists,e46aac8b3473b412a5e6808dc1d9c95b3aff3a2535a837a6e5daf97a7039966b,true
PT-0064,path_traversal,SecLists,03d58527850b8239c6989f7d8218fe11d290347455ad2451dca9b8cb54dddd7d,true
PT-0065,path_traversal,SecLists,6f318019b069b217da89e974b77e4adc3548cb20967ca7fbf507a306eb769c34,true
PT-0066,path_traversal,SecLists,ef99dead4e688b1116ade5ffdfc6fc2cf00cae8bee8e27d4104d63bcbe0ba8f2,true
PT-0067,path_traversal,SecLists,556f41531f458a9069e5eb67456dee3a577ae97eb2fdebbb545824dc467126e3,true
PT-0068,path_traversal,SecLists,0000be260b91de316b718d41db57433a77a5034c534f46aab3cb7fb85f8029ff,false
PT-0069,path_traversal,SecLists,331612a1790b4307d676c41da54b2895de3b495627ace3a6011fd5ab853b69e6,false
PT-0070,path_traversal,SecLists,748d4e460a87082ae65c379bc5ff24104fa385530084c37efff43c326cfdfc67,false
PT-0071,path_traversal,SecLists,c4cf0a70e4fc055b75cb4de719a860768063647640394f8577ccbc7030b49f2d,false
PT-0072,path_traversal,SecLists,a28175aff3580b4421aa11c6ff06375292bc56bfa719c471e7b466fc97f2bacd,false
PT-0073,path_traversal,SecLists,52773206a32ffe8258e93fadd18d6c076c905bbe0aa438b18fdb27d290375e63,false
PT-0074,path_traversal,SecLists,65a9eff13a6c97e90664138ac942afe2ff49a69bcdcb73d6966e3d7358151879,false
PT-0075,path_traversal,SecLists,0cc19181ae0d3e09ea35d89dd0cd4a9b468b97b4b11e23855659785bc935fa37,false
PT-0076,path_traversal,SecLists,e5b56f876501d20b36b11a695f4f86c13ea3cd797839f207de6532b7b8e6cc67,false
PT-0077,path_traversal,SecLists,f47709c978bdd84fdc4b05d5400411d653c87d7c4df4b453e604297f8d0b72f5,false
PT-0078,path_traversal,SecLists,92d932f566107ad986ed3f7014870922b6cb5b61612bf91c6298117e408587ee,false
PT-0079,path_traversal,SecLists,8145b2d7706f70fbde2c8d4a95236ffc5677ef827b71a9aad4ef33263461ec33,false
PT-0080,path_traversal,SecLists,7bf3f6d4f8b5677f75f94e2af740456071219b4c98fdf21be8ac73d02c42d0d2,false
PT-0081,path_traversal,SecLists,94f8583061f863189b9b9a7f8ba78abb5166a01851dabb2eb8b6075e1409d850,false
PT-0082,path_traversal,SecLists,bef40110391e991cf5c36db223b9f42e8025b9c48fa64965a231c59763517b8b,false
PT-0083,path_traversal,SecLists,8b0cceae3458ac467aa5146821497e04372cc142058785483f77e133ece1faee,false
PT-0084,path_traversal,SecLists,4aee7b6adee02e6ecb1fe28ad2166bc86d32923aee4f59082e4431de32194f93,false
PT-0085,path_traversal,SecLists,38fa33c16c3b30e7a8acd89b12f484f5a0737eb7f5cf639cc3d6dc1d478a6e29,false
PT-0086,path_traversal,SecLists,ad8daabaedbdd421b723a2a070069407da2090684022ab8b27e48a3f11286a8a,false
PT-0087,path_traversal,SecLists,9e380b1fc5270e55edfa3cde384a2d743a82fa9ab5805ee31a3f3c1bc55a5713,false
PT-0088,path_traversal,SecLists,adb69f5af70f7e65b424842bdb4762fe5c06985a4dafda2f5d6f799cc8e3e4ef,false
PT-0089,path_traversal,SecLists,1c5a4f4c3e232c4fef6e0b2805f675537ff432d8361072df5047672d7b1da645,false
PT-0090,path_traversal,SecLists,1646fc13c75db55ac4d1379bc4b6212cba4ba17a61a90b362478c33cd78ef77f,false
PT-0091,path_traversal,SecLists,dc5deed15c02f5b5315419a1c6c93929de358a85d62989a8a1101a31af49ed99,false
PT-0092,path_traversal,SecLists,4340d6a83abaed754b20d33aa016ef9a4832c02583323fa46b450b26b869c716,false
PT-0093,path_traversal,SecLists,0283ad3959998e016df5460ce46f66c8454e7153c6ad700067526e2276f7acbb,false
PT-0094,path_traversal,SecLists,0c7c6ca31f08fed7c28bed8cb0ad3c72872a68d013c22cdad541ce7797f93380,false
PT-0095,path_traversal,SecLists,b16fe95fa3deaffeb2640dc3e17c2586369417e76f171c134a222a64e6fb1cd3,false
PT-0096,path_traversal,SecLists,de0d71d1f80dbc72e19d40dd8d197bb42313ca47bd214caa829453c6553ac293,false
PT-0097,path_traversal,SecLists,bd627697f3bc5c21a9a371d44d07461e8c3d25ffe46e5ac7f58fce01d128eaf8,false
PT-0098,path_traversal,SecLists,01bd736873d8b9067834899062fe6f47b0235197b07439360bddc9e3d1d6d03e,false
PT-0099,path_traversal,SecLists,ca12845c03e169084a8a3401ddaf6189b4ea05d86522529fe0a178216335ea66,false
PT-0100,path_traversal,SecLists,24e80c1c70f8b545761a018f3eaad037758b6953b4d8a158e80001545c964a06,false
PT-0101,path_traversal,SecLists,9f9eb05df4b137a9bf78829d8692e489e37fac5a8cba94c396a7d9dfffc56bf6,false
PT-0102,path_traversal,SecLists,22f56da240888ec04e321e8de496981155002b595c7f8ff130e5101e75040509,false
PT-0103,path_traversal,SecLists,e2ed7553e1685cee0eb7ad5f65a430434ae778f18320b1767fd77c93565a6a74,false
PT-0104,path_traversal,SecLists,d29853d4644f32d4476be59b6b7ab938b1c16b6e286a1d681b9a754764a13d4f,false
PT-0105,path_traversal,SecLists,e66131ef3e7e81bf8a04869007d68500182d1afe7b7bcc7f6834ce78baf026f9,false
PT-0106,path_traversal,SecLists,456863528ef267a084415c6135f17c8d1da3317761c55e485879598f6283d42c,false
PT-0107,path_traversal,SecLists,e5625b9e158b39ba3feb3aa158baf989011a4ec48bba80e35a6e1506c984ca37,false
PT-0108,path_traversal,SecLists,c6dc33b9431d4d51e713749b25de5c7e1107ea123ba657e18aa10e156cc3fc4a,false
PT-0109,path_traversal,SecLists,e550f6845b8252569cccd646c2c3f0b37b2f7628995d0d1de0c0b2b26f7d17c3,true
PT-0110,path_traversal,SecLists,ca8db1da474a83a66245ae2b79456378b6075910371c82a0a7800b249817410b,true
PT-0111,path_traversal,SecLists,f7796a1dacf0f9b5a92b230364b1f15ead8e25277a379165c0ca196b53432217,true
PT-0112,path_traversal,SecLists,bc54f0eea7cad22697c80efefde67dd865bfb5ef04e8fa81f791d8f61bde3b87,true
PT-0113,path_traversal,SecLists,e4a9fa00bc79bdb36f4ce5ced7a7301c9ccb4617299c3f14fc8557340164293f,true
PT-0114,path_traversal,SecLists,fea38c2f05df2a65416ea6f0412fb2449de0cae1f85fc0d3ead19b1d828d4472,true
PT-0115,path_traversal,SecLists,78cd047bd670ba0ffe01add7808a0878454888df607d8f2f6077858111f30bfd,true
PT-0116,path_traversal,SecLists,c4ba8bc912736fedef7049efcf92d6ef3c9b8df50c84026e372dce65eca57fb4,true
PT-0117,path_traversal,SecLists,2a7a9349d1cccff70799feef00c4fc429ff4a148ad0f3470413e39cda9139405,true
PT-0118,path_traversal,SecLists,37c654a2bd584da9dbbb710caecc81228a90de36342a63694a9d1b3597a591fc,true
PT-0119,path_traversal,SecLists,c5d05251237403141fbd8bae60438fb3864315e6b48e2daf544f2fcac94029ca,true
PT-0120,path_traversal,SecLists,94706f997946e8b74db6cb66fdaa2424fea9bfb552cddab45a445cbe00f511ac,true
PT-0121,path_traversal,SecLists,8082887eb61471c38a822675b2094bcd13127f0b575a35f87443a59b53aab70c,true
PT-0122,path_traversal,SecLists,34c682f12a6f6c4ed3109d29eefb53462e75a11fd4632e31d5d310267f9dd60c,true
PT-0123,path_traversal,SecLists,bde7eb9daf477d87923817179c2905e80c3a64796a32dcc6f3e23f26bcb33628,true
PT-0124,path_traversal,SecLists,660d790663eac7fc1d8ac148f24cee4263cb9b9f45c02a05f01a849fde424ddf,true
PT-0125,path_traversal,SecLists,bf9a101b91a85ee854552af9d6472d0d4d30475e6fc2478381021f28c92cfa05,true
PT-0126,path_traversal,SecLists,03edcd1ae95666b78b639a3badd3fd1ad04e8f80c1d9472d8f25c1888ece1973,true
PT-0127,path_traversal,SecLists,047c246c06227cc2d835303117d92487f2b268eae210797e5f33b73cb428b837,true
PT-0128,path_traversal,SecLists,2ec1d73241fe630e63c97ae5092ecb5f732ede479f0aa4b81ce1306c1d744467,true
PT-0129,path_traversal,SecLists,bdea0be28c85aef0e1e00da2fa3a0066eeba490cfc0756ed0ba004054bdc3305,true
PT-0130,path_traversal,SecLists,d9f2be6dfc4110f30aa159f03905a11bbcb006a820abfb24e0f72ecdfb60f11d,true
PT-0131,path_traversal,SecLists,3c7b659957f8a8980f6d355a3717e9203c73dddfd454c530de8821fe49289a0a,true
PT-0132,path_traversal,SecLists,b3390d181cd536315eb2c5864ca990df1cd42f25354bbf8c3da7842d0275ecf8,true
PT-0133,path_traversal,SecLists,74acf31844532670be412c65b8251ee55d072549080b1cffdbea6b1a192230a0,false
PT-0134,path_traversal,SecLists,7b5ddf499844cf05866927513cf62fee9af8c281812def040b964146b0ea87d6,false
PT-0135,path_traversal,SecLists,ed448de483a77a745f150b021c026ae468a0d3374c0b5fe4cb40b94e9b5e4ca5,false
PT-0136,path_traversal,SecLists,4a666ea3a3b04a24f574974df10592d51bd191614ee41b02d09f6d13c0c2f52a,false
PT-0137,path_traversal,SecLists,7b7e873d82462e4ede4cfa5ce873291b077ec45277cf9bd3d2750179c8397475,false
PT-0138,path_traversal,SecLists,a64630b10e7acb406c6f33e33bedd6477d8bb820a458f41756ef8fceec1f9860,false
PT-0139,path_traversal,SecLists,a5017c23a9f6ed2d1b4e08408fedf24e39aab24bacd1d1597c1432e80497614b,false
PT-0140,path_traversal,SecLists,f2c76233cdcd084920511103282874c6db42800c71ef547f0b1db0ff823e098c,false
PT-0141,path_traversal,SecLists,83ca950c7adaf0f96800e5a6b2157f72b14a68a476292fcca2c8fd3d7284be96,false
PT-0142,path_traversal,SecLists,75cb1b73573ef48c2ee20ce24afa2b10633a8f56f4e8e74247afa01435ae20b9,false
PT-0143,path_traversal,SecLists,08cdfcae237f26e40849389a2dee772439eff20c8b5ee8b3f5aa22d60b0a38bb,false
PT-0144,path_traversal,SecLists,915db09685f7a87f293e0b20df27c82254748b712ff006be77ea7c92fe22cef2,false
PT-0145,path_traversal,SecLists,1c051db5e905e45a88f3936af5a5139f1a67146d38f75d51c0bc5d1a464a68d4,false
PT-0146,path_traversal,SecLists,a33f30c282da10a1b6061429414ac0ba27da1f0f628194b90ad08d09e059d95c,false
PT-0147,path_traversal,SecLists,f83320a2c015bd229dd07101a85036bed38b9ec7a3f3388ca7f6e05bbaaadb5f,false
PT-0148,path_traversal,SecLists,752b3769951709daadebfdbd27ad664299f86661469169152c6d2cedeb903755,false
PT-0149,path_traversal,SecLists,959e9823d6ea7b842a0d2a35608dd24dae827471c42456824782e6f6cd9f9848,false
PT-0150,path_traversal,SecLists,3081f45fd8b92e66ad6078808839a1d1942622b42958b6c0845ee5fcbdadb247,false
PT-0151,path_traversal,SecLists,54bdb9b2f43a895c92c4c34435f76d2e50de3b630c9d8f9489ab03c107e42d99,false
PT-0152,path_traversal,SecLists,9faeb11ecc7a8fe31d6467ff3a039dc32f580dca6ffc46eec828f2e28fd00a36,false
PT-0153,path_traversal,SecLists,aacf7cfa622369f373b17139bbaa0cde48625f5e227522beaa5160255ab30238,false
PT-0154,path_traversal,SecLists,88b225fb7fee9b10517e332d67cf1635a2320c2840e07eca088e83596dd1811f,false
PT-0155,path_traversal,SecLists,ad21dd1df146f784ac4f78a78af35cb896df14a53109bd2dbc8a1ebe67f6f8cf,false
PT-0156,path_traversal,SecLists,d3b9483074a4c2c9716440e9dc331d0d7d97e9c13c96933c6ccb26136e16996a,false
PT-0157,path_traversal,SecLists,74dae992a7dddb4ce3f2643a7316b784b6b46214d15f2d4a3e9ea5301a6a478b,false
PT-0158,path_traversal,SecLists,8f9bcd1250f4c9fbe2eb0de0e4f9f2d4702ba9b7d168c54a35496ca5e51d7665,false
PT-0159,path_traversal,SecLists,854d2e2da1c209c9542f079bd5fd9d8387ef3434078f57c89a759e504eb5cd7e,false
PT-0160,path_traversal,SecLists,0e7a5a5c10cbe88ac2d4e8f32981f0b9271944b9db74bc7cd502b9f72c04f880,false
PT-0161,path_traversal,SecLists,18dd80ed3d55f05e929a420c26ed8fffdbc2a6441eaeb50a98289202bd55e27d,false
PT-0162,path_traversal,SecLists,da8966bbb13db506fef399ec84e76364bfcdccfcc2c64c3bbf82fe39ab1be44a,false
PT-0163,path_traversal,SecLists,17217207fd48ce5bd2cf4ca5d272a42a01139d173ffd57f699008c5eb9ba171c,false
PT-0164,path_traversal,SecLists,dc32534148cdd13cf8d7b9811313a05871c3bf0c65194767dc502156b9f5aaa9,false
PT-0165,path_traversal,SecLists,cbfbbfb7ec2843fe3f675d6bc9197bab1dd9f0b0b2c6ed1a24f7e3a997c4e170,false
PT-0166,path_traversal,SecLists,2280fd71ed4bdb19f9acaf70214f73356dfca5c1c2e6752bdc6f14b26a69fe11,false
PT-0167,path_traversal,SecLists,34569d7d18e15bc767145d3bb03ccd7b8966babde80160a4d3897024bc70fc1a,false
PT-0168,path_traversal,SecLists,a74fbc79c6b08048e9edfe2e1fec82b6340bce16d1d36871bd3d766dfbc5633f,false
PT-0169,path_traversal,SecLists,ce1d8217fa12e4fb4623686d69298bb09baa5c23b062b1324d67b6a3f33a8231,false
PT-0170,path_traversal,SecLists,d626917006c7aa3fd62b6b4e3b554ca7bfbf36ddcff1a0d163c42667bb35c004,false
PT-0171,path_traversal,SecLists,42d30666cb71dd254d25ca29394c6278ae90c706d1f0b61230f7809fa76988c2,false
PT-0172,path_traversal,SecLists,2c2b93c6a7d1ea1595382d889f7a3ece5d3d1af5f3c21f1273dc903d89a2f72f,false
PT-0173,path_traversal,SecLists,e333afb5d7ced0ea16ad69369852a890c9fcf26d6efdb2e91539e719f7c15cf6,false
PT-0174,path_traversal,SecLists,9f04b13961347cd79754e801cbdcf374ed6a905eee8558d0bf6385f1b37690ff,false
PT-0175,path_traversal,SecLists,7ef9fc7dc00d8a90ba234367a915f2cbdbaf11fbb46a30ab38e8fcea86dee645,false
PT-0176,path_traversal,SecLists,5f66c6dec04cee6781484ae41aa972ee2c970486f4dbe7a48d7f133afca0ee33,false
PT-0177,path_traversal,SecLists,910fcf18bf32e5613de0f1131ebca0a315868290dde8a4a563fcb81be8bc1bd2,false
PT-0178,path_traversal,SecLists,4c6dcbabc7e638762b02b3f621167b780443e7d5982e01ffda613415c2424c3a,false
PT-0179,path_traversal,SecLists,c121f5a8ebb2332ba5ab4eea1f353949f4086a0287868ba5ef8c99cb3b7a9327,false
PT-0180,path_traversal,SecLists,4600b4e5a2d63f8ab08cb050f0995cebbfc8acae7b2b04433cd2be3bdda1aec3,false
PT-0181,path_traversal,SecLists,cdaa9b0fd311bdfb9e1379d1c4df16ba82194223d6312c73a3cc6da04a96e2a0,false
PT-0182,path_traversal,SecLists,3e7b2e153d0157cf2dd12cdb689b2fd98828c42c4ab687030c1b66ca3103b103,false
PT-0183,path_traversal,SecLists,03fa8776a6877ca945d89d23c7addc64b442d0d60b9e12d331317b1acdb091a6,false
PT-0184,path_traversal,SecLists,93bfc26eaf3c4abe7725c0fb174f4f26473ef81d60e21fb8924632dd0c31f032,false
PT-0185,path_traversal,SecLists,af9050883e405004836f0d50830daa6ffc3953ec3c38da2ed0c366e22bc94e07,false
PT-0186,path_traversal,SecLists,779c0cdc1e00880f5e34e1ac8a791271e698ec38b89788ef7ee9ba1a79c731ef,false
PT-0187,path_traversal,SecLists,d3e10cbb86d3f069bd62a208bca23874fd8d39abe92bbef436bda701c4346189,false
PT-0188,path_traversal,SecLists,486f9b102f479d5ef5d735fd430dd4df4cb3fb11f56a31a7698d130ae120a18b,false
PT-0189,path_traversal,SecLists,cff09e119d84a04a415367ed9aab4b38bb845f58728c355a1c9a41ae9ea4529b,false
PT-0190,path_traversal,SecLists,75070ad42362c58cbc80ece6e951af44f8031ead233df85b5fe70a775e003d78,false
PT-0191,path_traversal,SecLists,92862e0dd2224ea5c004a56b1423c421e84ab1423ed23ff71ae7cb6cf86915c3,true
PT-0192,path_traversal,SecLists,42ad0f9545bff3e33bc66119167a3237f4595d84b838b6e249d4439ae1c979df,true
PT-0193,path_traversal,SecLists,03f0dd7ffaf0d52e05330a5bd99e2419221809a2a0a4868af5df8beff4dfe9f6,true
PT-0194,path_traversal,SecLists,b15774d5d7c2890171f41b66ede39ccdaa1c711a396d75dbd24c613931828ad7,true
PT-0195,path_traversal,SecLists,ed99fad46509ade470c46a6273fd81ec17c84e72383b69dfc39d26d72a12d795,true
PT-0196,path_traversal,SecLists,d348718e142c23903e1bd77ca47cb0967b475225e4cf25fadac280875609dc23,false
PT-0197,path_traversal,SecLists,df68ca3de1d1e18a80d6017678f439d95c161dad5493067fb6b89a56b0ca5399,false
PT-0198,path_traversal,SecLists,6cec85d90cfcc4a307becc4d8c4723adb1a2358631bfd1681217b0892c2ccd14,false
PT-0199,path_traversal,SecLists,6c75e3777e73463ad967fdae4d82ca3a2c150fa56e83fc6ad9178ea5f77203ae,false
PT-0200,path_traversal,SecLists,ba062f1825028a6a1364beecba1f5dd1b3efbf64968e833b610b610ad8030bd6,false
PT-0201,path_traversal,SecLists,d68343f6a40779039a8569ce9e0ca4a4f8dbbc14aa37d1abc21f6faa2794e9c1,false
PT-0202,path_traversal,SecLists,c5bff28b1133c9b42ae87e7b8f14a2cff3d6dda249431d79ea7336650dc98c6a,false
PT-0203,path_traversal,SecLists,89b6724da90a9db8d36e5444ebb70d1fc416b0e89fe5ca38397f73be498b34e9,false
PT-0204,path_traversal,SecLists,83acd758f40703eff6ac3706604c2d43ef95131a5f4629ae0f3b4ab87e54d4e9,false
PT-0205,path_traversal,SecLists,2ec060375fc669246c1df39d72c7c76ce3cf4677738c3ea9b8810373866ddba5,false
PT-0206,path_traversal,SecLists,a623be2784f5478519e4c2c91ec61e71d81fa6f35bfd9d4833d1d61ec1107450,false
PT-0207,path_traversal,SecLists,22b4a4fcf9a54506bcafbc0e535ea607190e59179f0befd68e704772d7ebf30c,true
PT-0208,path_traversal,SecLists,f26f17e5e60ae2ac506b59ecaf47f38c00d77a7318f5a10e9c4452e8c1c1dd93,true
PT-0209,path_traversal,SecLists,6e4a63c80e449555089eeef0e4f980e7fbe7ac7403d11619b76fe4465b7f1207,true
PT-0210,path_traversal,SecLists,0a13d138c2a3f16ec9d75218333fbf3c97c21b40399e4913fd413ca5436a25cc,true
PT-0211,path_traversal,SecLists,e9976da4f220330669bf03c9ed38424364c9479412abaad967813b5d1a6b7385,true
PT-0212,path_traversal,SecLists,c31a0f4be42843fd23fefa50abc32f2930c6ec790e4e72a795c2b57660905d1b,true
PT-0213,path_traversal,SecLists,9f8a8d19e0e984ce7d3ccf69b4d38d8493eaebc61bf99f22490aaa0317e07d2e,false
PT-0214,path_traversal,SecLists,e4a5542ea2b1ad0e898156a11d8300cc810e5058d9c86fbfcf1015aebd827874,false
PT-0215,path_traversal,SecLists,b435d00aab0226c0daa64fdfee730e6b63210c485a9845942dfacc794b20ceb7,false
PT-0216,path_traversal,SecLists,7c4f6a73c4bf11c1ce2ad70c6beed8d22c687e5cec0aa0fadd10fe0b8e132fa4,false
PT-0217,path_traversal,SecLists,49457fc9779f5e1259dec7260d4bad3298917616a297f1572d975661f00c5114,false
PT-0218,path_traversal,SecLists,919d3088714c739363d81d71ce159a0853f65f763d5f823361655db0a84d1a8f,false
PT-0219,path_traversal,SecLists,fa2a69f08b210c849aa03180171300eadc5d045e4068573ed9a564e240f89af0,false
PT-0220,path_traversal,SecLists,edaec2fac3eb91ef4abb46686c5228ca81bf5ed4334746daeb52a1ff5a449522,true
PT-0221,path_traversal,SecLists,5816cdab0bdffd25fd339584be066f691868d69fe9010a9443ef5eb20426e2b6,true
PT-0222,path_traversal,SecLists,ecebb8a26b13c606016b1d900143f70fd8bbba62c2ea4f0c999de0f1fe54eb3b,true
PT-0223,path_traversal,SecLists,85eb69a3217d6137b0df195f3b4e768225ec9607725a7edd12b14035251d4496,true
PT-0224,path_traversal,SecLists,cc4fe689659a5826f9633572ee3b93ffd2c115b8389a1564c7a888e5ef8fda53,true
PT-0225,path_traversal,SecLists,ae52d3c07473b90974ed71b3b5bf35357312704aa56ab021cee1c3e7986b7e6b,false
PT-0226,path_traversal,SecLists,de5e4f0f30c9a31ff1c82da31a02233abc317bc52e37dda1097c4886e1a40122,false
PT-0227,path_traversal,SecLists,8e6a2fcaac8922daaeb73d5170abb7609ce0fd89b6a1e9854b555392a0dfe63a,false
PT-0228,path_traversal,SecLists,f916e716c9b69932cfc60b0b8882acdaaa9fa2d294019aa25f06cd1112e71fc0,false
PT-0229,path_traversal,SecLists,c4329b8556fba8175fd2d99bf8b34386b20e71a4236e028b6d427997cfc11d32,false
PT-0230,path_traversal,SecLists,620d25f43572e108fbc94898d80446b2342fa2235c1f18cd0cdc183910a4f030,false
PT-0231,path_traversal,SecLists,fe3af36ef0a0543d17c0aa9a9483b29df9968567e5051fffa90458781e766c3d,false
PT-0232,path_traversal,SecLists,cc3d52ac5f7d67a1c7da6a5e72212d109628a7814f1618226b2bfc1b9596bf58,false
PT-0233,path_traversal,SecLists,2d8f74b6efdadee8459de9c06bb33dbd17bfd2b434cd991a7b8fb4a1ef04a179,false
PT-0234,path_traversal,SecLists,2ae2b9994be73c19c4f3932815f702169d6d7cbc8490781ac01e48954e120d6d,false
PT-0235,path_traversal,SecLists,b0b6fc4bc54c3ed4eb349e413810ed1d43d5d5fc0adb757577b6ba3b4781afdc,false
PT-0236,path_traversal,SecLists,490554ce42e199ae7f56599bb059e4755839c63aa148c92b059e2d027d3f6a7e,false
PT-0237,path_traversal,SecLists,fa577e703ca6d9c5a7fb78b97b4c0e1f8f5d368986a37552c9944fcaa6a517fd,false
PT-0238,path_traversal,SecLists,a2aa02064b948b209f66ae6ac0c9342444c9b299c517e0746a88c6892869dfaf,false
PT-0239,path_traversal,SecLists,5e0c854b9f2346b4f64516d20877ba78dba33af51c6c15c50ff31ab18a0d9dc9,false
PT-0240,path_traversal,SecLists,371c513e9098874d8a24ed174c0a824dfcd1a008794ab7079d40103a4c28f239,false
PT-0241,path_traversal,SecLists,b443eb776925d025f76ad88b0a1885eaaac4cbc089a207d4deb04c5f48477f61,false
PT-0242,path_traversal,SecLists,f8439ffcd3a3fa29d320295fd5c6c4f982bcba563f617aefbc6b5091f0f0b4f2,false
PT-0243,path_traversal,SecLists,62c7965737b99006893531517688542df8000c2fa11e8b6e5b5d942d52a65869,false
PT-0244,path_traversal,SecLists,e818d5d4809928d70555a6d15ef67565cdeab075b0960cbac53d89fd87baf485,false
PT-0245,path_traversal,SecLists,415194265fd38f7c0d685f544b6f8a2fb8ce35ab1d7b16d6edaf81afd75d4fd9,false
PT-0246,path_traversal,SecLists,211ad644282d799f38c220e2bb18d5eb65127d4b4ddd731470860360700b7e51,false
PT-0247,path_traversal,SecLists,573b3d57f6ae958f2fae68d368344502cc5610fb3cd68c72ee061a7f77b93369,false
PT-0248,path_traversal,SecLists,4a2d3e5278174968bb029f1eb1d93344c294c661989c26c44d200b32baf71be1,false
PT-0249,path_traversal,SecLists,7958378e4d6d6be8ae4633d1364a05c881e993ab6cdccba6b58992ed8bc99db7,false
PT-0250,path_traversal,SecLists,2949abf15bf4dcf3196dd1f2e9bb1004685d8d63c7f217891e70063cc13aa4ed,false
PT-0251,path_traversal,SecLists,f158510a9cd07bfdd44eb45b9c52a031d138ff11a1e25c8dbe68ee6933d14e4a,false
PT-0252,path_traversal,SecLists,0980e016d255b47245c5553b2e9037e91d15f85306c3ce1d61491114000ceb4e,false
PT-0253,path_traversal,SecLists,781ea2e98939cf2bc43eb34010a5c622676bb76be6c8a7c500a4caecc425e469,false
PT-0254,path_traversal,SecLists,a0c28d855ec716bdcaab059bbaabce7af49a67056cfd1a31a8a050f90b75011f,false
PT-0255,path_traversal,SecLists,302cb98c729dfdcf7e30c96cf7ab5325067a5c54bc8a30f8aa9a70a36994d509,false
PT-0256,path_traversal,SecLists,f5862a8264fc55d46712419f6381596c4ed2087d8f653b4b17264994b70f0c59,false
PT-0257,path_traversal,SecLists,a34a7d3c1c3ca032a1c7249a1cba70a45c120925690f74fe34d9d9bb75800c14,false
PT-0258,path_traversal,SecLists,650e3d681ace06ef8798cb81bcd022c3ba51e7181cefd977ddea34f4576b8099,false
PT-0259,path_traversal,SecLists,0d518b9e91b592fdb6f5e250880afe1fb68e05729780321c4440928c0b713452,false
PT-0260,path_traversal,SecLists,d798cf52dcb524d5347a989747c61dcf04d042bb3ec87e2849d16eeb591640d4,false
PT-0261,path_traversal,SecLists,acfc0f5bdbbaca3226c0dd58b316cff03bbb17b027071d5614ab77c55456f728,false
PT-0262,path_traversal,SecLists,a880c72044a465b9c52aa5854ebeceb2f9b38b3046527063252dfeb1b50d264f,false
PT-0263,path_traversal,SecLists,bfc1cb46019b6baf8d4d5b972de7760ecbc2533417b57b5d50091cbbcd9e2738,false
PT-0264,path_traversal,SecLists,5c3dcb5181159d0c50d2c776756ee55b8d7c20982c410ba6516ea46feb2fc518,false
PT-0265,path_traversal,SecLists,52550c2544821ec997be33d6d2d609d8a083c8413e4b4d6f31448fe11fe029cc,false
PT-0266,path_traversal,SecLists,bf39daa77736094bf420fdeda887d3bbdfd42fbd2f80a34f64da40357b952c74,false
PT-0267,path_traversal,SecLists,58854d863d371fcaf0219654d2ae34c7435f831c3c1c96281c7769fee0d34343,false
PT-0268,path_traversal,SecLists,3e72de5144df3cae29b705e684dcf289f2a66650a4b8c757822bbb2db3ad9245,false
PT-0269,path_traversal,SecLists,fd403a80d48a76ed613eebad01368b786e477f38dd8f2ea40ec95ccd5a2bb75c,false
PT-0270,path_traversal,SecLists,fbb883a0064f3a3e6263f215ed780a5a567cff0c1227d167c200143e979ed997,false
PT-0271,path_traversal,SecLists,6eeb89f276990e41a91f4f936ab7fa59a6bfd6834295358ffcd2478d9cf2399f,false
PT-0272,path_traversal,SecLists,059db78c8a9d876e266854549b0c160b86ab8d2b242c65b32ae0e318d910733c,false
PT-0273,path_traversal,SecLists,37857cfcd682245184a1efd7de8125308d0e39fa6fd03e6e83324488034b2947,false
PT-0274,path_traversal,SecLists,5ecf1a06036301c1a5bd694f9e0a76e795a450aaa1f9e6b86b7a78e1d72e63c4,false
PT-0275,path_traversal,SecLists,1fc7a62e921ede1e47011c1ee902971866a081e31cdd63f9f837b62d9a01a757,false
PT-0276,path_traversal,SecLists,95cab2b2e2281d06814b6b424193025c9b450995a69018b2a6e03b4366e26c52,false
PT-0277,path_traversal,SecLists,22ebb19e69ddd367fae5e60ac101db57c1271329d5e480e2fcf652e2632514b4,false
PT-0278,path_traversal,SecLists,9e614c8ce7ffeefc02313d36758f50f98a13f3c0ec1ff09f5ae8e7550b7075bc,false
PT-0279,path_traversal,SecLists,146caa4c9208974d95bfb589196fa18041ca5149ab49274a8ca2e8691a445a35,false
PT-0280,path_traversal,SecLists,daf717b630115abca65e335be858b3ed4f5d6199bec0f72e1b731d2e0d519bea,false
PT-0281,path_traversal,SecLists,076f0ace55f8676641e03344c9b19cfbc89a5b6f8f407222c71f972bc04eb792,false
PT-0282,path_traversal,SecLists,f433926489f204f1f1ba40bc550482d90c7715112611dc1b0316afaa2db23e7a,false
PT-0283,path_traversal,SecLists,41502a93b7e290f658698c77e5b959518eb918c29cf20453f110d87b4bc3567d,false
PT-0284,path_traversal,SecLists,634ef894b7b4975ec9d21d277683e7cda7592f497bae3d602daecde5a5797196,false
PT-0285,path_traversal,SecLists,f3d99f2f846ded6f78d39dd0655e0c3f19bd8b67ce6059bbf74699342f03829b,false
PT-0286,path_traversal,SecLists,7d98437d006747d734c5d16817dabe19687a98b7de87e6179255381004eb9497,false
PT-0287,path_traversal,SecLists,b5d4dc29b88e44c4e8fcc062fd4526d55a1358fe01d543798e20ade6bdcaacd0,false
PT-0288,path_traversal,SecLists,2d450ef9c1f38530c78b32fbd469c28f8ce34fcd859c5fa16ba00b9ab5836387,false
PT-0289,path_traversal,SecLists,5f54e3fad77ea2fd2a7cda21429758047d72655c6a9d75f9e2fb2c066bfe61b1,false
PT-0290,path_traversal,SecLists,b1840dcacb6b7c136d1f1a4f827956f08e7583e1250b54fd431dc9cb7ec352ad,false
PT-0291,path_traversal,SecLists,58c68b0677d79aaf0f34db61d76dcb85ce60f71148662f5ac3f64682633a621e,false
PT-0292,path_traversal,SecLists,fdb9dbc3bbebed7d61c46041cf45430492f56aedf02a4e8a2705f5717d6e3a7f,false
PT-0293,path_traversal,SecLists,c988ad955dbe4d6aa0729d495c3db298f4ee1044cd52a961c31b1dac8476db97,false
PT-0294,path_traversal,SecLists,f1d9c8ef1195b935aa15ed13c84b564e25e92a9440bb182229608a4a99378a95,false
PT-0295,path_traversal,SecLists,b4536326f58679616f722ec48c1f545b034f66f74b87d33144afd336fdd2e563,false
PT-0296,path_traversal,SecLists,19fb10a5a047260cf61094ca7746a149e19d64be26cb2c2bec1f2865c7bba365,false
PT-0297,path_traversal,SecLists,0783c4ba59a28ccf16d8d4d0eba8a48ea6abf53fe12a866f95514a6ac3c1de10,false
PT-0298,path_traversal,SecLists,ce5efa976ddf2b1de85611b936f9291d8896f1cf995c786de23ff024daaa9377,false
PT-0299,path_traversal,SecLists,b355180bbf6e41cd2d62f6e738af7cd39308e231119736e54f5b50781a16c796,false
PT-0300,path_traversal,SecLists,056c6092a9ecd35e4cc794a313376b20364884061440c73ad2bb038f70c9ef1e,false
PT-0301,path_traversal,SecLists,5b3c1eed88aba79a597c59c4f8c9d5a6a41a3527b86c6100c0e0371b0d387ba2,false
PT-0302,path_traversal,SecLists,cd049e2aa94ed9522cb78ce2e5bac572b2aaa5f1450dd51e8432bccd7bbc0d5e,false
PT-0303,path_traversal,SecLists,ad9107d82d732b2fb462d0df68e0ca53bdcad0291cb49fd2e65fe907bdd0f41c,false
PT-0304,path_traversal,SecLists,8dfa2f231f2236770aec419d4e22e2bfefcd92d7853a98492bc06b1f499118bb,false
PT-0305,path_traversal,SecLists,b89a6c6243b651217b2d26c4b7546296939fb1132afdf17635213e70f9ffef45,false
PT-0306,path_traversal,SecLists,efee324e0ffd6d34d0b109f579c49063b3f1f4afb3ebf730f460dc816155918b,false
PT-0307,path_traversal,SecLists,dd20bf07f50fb82c3128169ec3edb2948ab6ec57a73129f4df78240a5d841949,false
PT-0308,path_traversal,SecLists,109fc09e24c8aac4981a573c1ac39a72eedca36758a6776e7a79e1091a15fb7e,false
PT-0309,path_traversal,SecLists,36fc0b2a9ff34beb4689266367612483398cde0a71eac63c201c4b8c67d6115f,false
PT-0310,path_traversal,SecLists,43cb955b8ef576e332bb347cb9d11fa16ed86876d74238ce35178c6621dca099,false
PT-0311,path_traversal,SecLists,2438242a0c0a3e52b5a23d159f0ca1051faac732c836399062d9ecb85114a683,false
PT-0312,path_traversal,SecLists,089594e03ef6646c379f3b7b0b6cab34afe8acc2d6a8e947940cede1984ba19c,false
PT-0313,path_traversal,SecLists,e02ce4286582ff0eeed89120ff557a7041c1c413d6dfab12084c4fc6d8e56a99,false
PT-0314,path_traversal,SecLists,649cb4322ebc73e88b013ac2e250d189f3f9ed9953f6eacdd4dae085e0569e60,false
PT-0315,path_traversal,SecLists,0431b7bd93343abb3b6ab9824932bf352f37574f23a9babbc0e78501c4bbd0e6,false
PT-0316,path_traversal,SecLists,f60b5cb82b6c863ef667a12e726796878b88d40bed5d9ad773d4d4e73972fdea,false
PT-0317,path_traversal,SecLists,d3437be518a141ded55e17a7c423fbc2b9d895a84ba23c01ead05572e1877f43,true
PT-0318,path_traversal,SecLists,806eaf3d0bbfc9d9224b27691cf407cb457d0300c6896aaa4c2d9619d1c1b5d1,true
PT-0319,path_traversal,SecLists,2b50db08121ab5b6a04e62a38a219935cacefb8ff74fa81d509ffde285a6131e,true
PT-0320,path_traversal,SecLists,1fac4c6c58d9d279cc4939d6d0635bc7a7f1366490e420a8b2eab965a38623d6,true
PT-0321,path_traversal,SecLists,d012bf70f10ec6f1aee798d49e26d81e1851ae213f65a3b6c83ec0e49bdfb601,true
PT-0322,path_traversal,SecLists,98363d1d6dc7f7a6a2c0c505963f6f393edf222789d5db608587d708eec7b457,true
PT-0323,path_traversal,SecLists,3d9e5642d6b7ed112ff775f992f8b123b94daf43e92e97f5c646027ed1996dbd,true
PT-0324,path_traversal,SecLists,041d085a568d4f3083e34f215b2a6fe207fb0ba087c79b4c29bc60ab232a6a67,true
PT-0325,path_traversal,SecLists,6f318019b069b217da89e974b77e4adc3548cb20967ca7fbf507a306eb769c34,true
PT-0326,path_traversal,SecLists,556f41531f458a9069e5eb67456dee3a577ae97eb2fdebbb545824dc467126e3,true
PT-0327,path_traversal,SecLists,9616a2e33ff6fedf2211d9070df24d579dd0471fb3c7af1be5cde6bcb4993b2f,true
PT-0328,path_traversal,SecLists,2b8f12c193295d36770b93b6771705b05915594333081a50029b565ba12a14c4,true
PT-0329,path_traversal,SecLists,0671dc32833aa8e3af64d51c7ff2f12381d99abe2d22352eae13eda8dfe60740,true
PT-0330,path_traversal,SecLists,f222393b0331e0ae5a362d9dad3df43a799b081cd55d8fa04b603f4f00048a89,true
PT-0331,path_traversal,SecLists,d1935fbf03afa8c2c2a1cf191b8ffb301736b7242bc54102205ff4deaebbdfcf,true
PT-0332,path_traversal,SecLists,b84756974d8f34c6e0d00309c6905b149791ee977b52125d92f226ea53137f5d,true
PT-0333,path_traversal,SecLists,653397c3a7525b241e18c8cfaecb062936cdbd6f4a04da1f9a3699383b39d984,true
PT-0334,path_traversal,SecLists,475de9a24f4643ea4ffe02845bb94073552649cc9d4222f0467e70680006e03a,true
PT-0335,path_traversal,SecLists,66881c7eb0a717cdc5cf15896b874756a39a22f85ba0c9557191145b8dfb7295,true
PT-0336,path_traversal,SecLists,7b71d16389f79200a01560b9280f3a6214af1c226e49e2666ca97674146f7724,true
PT-0337,path_traversal,SecLists,480d39768dc29fb3a80f2ece064d4a6da890fe60f11c08b127f1fc5012f3a237,true
PT-0338,path_traversal,SecLists,e8b9122818b43a39692a7ffee656f558f443064db2c1b25c7a55c0c16ee750d7,true
PT-0339,path_traversal,SecLists,4f8c6cd2aa5c57b73a0c1ff56211307cfc7a8dd1eb8e4d9c01797cfc6a0f0538,true
PT-0340,path_traversal,SecLists,9642f713441e5b95e39fd841c347c0aef44f2399838663d63a28e335d673d4fe,false
PT-0341,path_traversal,SecLists,ff1d19b588f8d4c63f558144d80fe1dc1964b9de79c46d03b3dd370e3624bdae,false
PT-0342,path_traversal,SecLists,82c0d82969f81e79fea8219173c1191af3779e402ada0549a43ff94c1f77f30f,false
PT-0343,path_traversal,SecLists,21edc36f601b45bdaa35c8aaa382704a021de84229146c23f579a12e8878594f,true
PT-0344,path_traversal,SecLists,aaa595315ac2d746c03136f65adc25b80db98e9db272234db943c7477a34e811,true
PT-0345,path_traversal,SecLists,ba0e5ef21845b5ab967e85e4038af953b2956079ac21d691b29c51ae75dfdb19,false
PT-0346,path_traversal,SecLists,88c1e3c71e0ff1ffcf6dc54b588e23fc3e2d3a6e766e55a15725ac2765473db8,false
PT-0347,path_traversal,SecLists,cef5769ab415de94d20391e030732422feaba7cb88a5648ba9556ef84e5cf3f3,false
PT-0348,path_traversal,SecLists,42e3276a5bcf0d3ece69be2f1ae68a53ce6527a441e4365471d9a606724cc5c0,false
PT-0349,path_traversal,SecLists,b3c8c033cfc826e345bd864f93d2b3994a4f31276b6afbd4cce8e08c56f564e4,false
PT-0350,path_traversal,SecLists,451c073835db0de1802fedccbe4c046f8543ecd7b91083b356000d672079dfa2,false
PT-0351,path_traversal,SecLists,d459f5d68dbe391c07e1f1b1321cae08885005fffafb10bfe201e9604b1aca54,false
PT-0352,path_traversal,SecLists,709b1b36e3a699cc65e8fde622b2ff47ca0cb2b42cc2de35d3a464ab16467950,false
PT-0353,path_traversal,SecLists,f8bead634e0259544771a7f6d0331333134445140519636a1d82e5d83afc4814,false
PT-0354,path_traversal,SecLists,00d447f734819c7b9e4c00b57204040c59deaf5d52d6fee2adba9dc61e2ff041,false
PT-0355,path_traversal,SecLists,47b9419db8699521a8a7967cd644f12d7a6d0b877a6dec9a372d3af325ae9308,true
PT-0356,path_traversal,SecLists,7ef91be53aee2ea738096e21d8a986accd679aff0aff8146da387e22a5a85ddc,true
PT-0357,path_traversal,SecLists,a4d773692be059078943ea6ec46d1bc921ce34b78869db54fec652e0fc164de8,true
PT-0358,path_traversal,SecLists,7a3560b7b8ae98da8d9ad7e812a302427f7d3bca5b254a446b1c9109276ab5fd,true
PT-0359,path_traversal,SecLists,56ba563b0087a40b98187ca41100137445d966f3076b0b8fee393fdea4edc156,true
PT-0360,path_traversal,SecLists,167ea1c10f16bebd3f1bc60a30490c242d5fb81329940ff5e55e1421a7e7c6ef,true
PT-0361,path_traversal,SecLists,03455c909236222817e7a0c26f4b052f3869104b94476b29a5f00c8ffb6c0b54,true
PT-0362,path_traversal,SecLists,603473f8c787a27d95c537234de04704a00022c7f8949fd46ade9b092dc320bc,true
PT-0363,path_traversal,SecLists,6810ac4a57a0ff82f141ec60c2be0ebee1407025f580695354e31925e59afecc,true
PT-0364,path_traversal,SecLists,5f170d5c168635080ece56ca6749850519ede919671a90a36f20ddec602ba6b3,true
PT-0365,path_traversal,SecLists,71daa16403bbf35aa39f4b0928c8246c7624f38a4f05e09945b89af677058aab,true
PT-0366,path_traversal,SecLists,475de9a24f4643ea4ffe02845bb94073552649cc9d4222f0467e70680006e03a,true
PT-0367,path_traversal,SecLists,9278f181627c53289404407987432a90ee014cbdd71651f11a258d9eeaf9443e,true
PT-0368,path_traversal,SecLists,648f88460ffbbcbd7e13d509159256e8180ba48747cc57e80ddefb84dac290be,true
PT-0369,path_traversal,SecLists,50003c2e67d4b0fe6f25c7f43809552448d4f851cd802a9031e2dfafabda6545,true
PT-0370,path_traversal,SecLists,5b4a4479ce271a26c8aa2483071b1c476cce55d8c3258f99fdcfeab96d8ae1fb,true
PT-0371,path_traversal,SecLists,3984d79fd91d370db3b9bba82bc6e7b573fa5463974f373dc2cc8ea94383cefe,true
PT-0372,path_traversal,SecLists,c56fb12ede6bf67c45063287fa668bb4b2ad3339248f8f416dbe2a140ac2bc2b,false
PT-0373,path_traversal,SecLists,299f1da069cfd47905aee6cb8e6ca5f1279f432268370ddbccc49fb3cc33c9e5,false
PT-0374,path_traversal,SecLists,774cb921955e9d5a15f26df01fff98536ca126da6bf489febffb7a5f42a60840,false
PT-0375,path_traversal,SecLists,b19ae1107cbd282f18dae809fffca2efed7f6d9250856021fcbf19cf45adcc73,false
PT-0376,path_traversal,SecLists,2d38beedf5a91cc419670613b64e813e4c2fd83dc786aef4b808229c4dd723f1,false
PT-0377,path_traversal,SecLists,40fc1418f6c98ac495daa7435e42a4d1084c2ffd36ea97e13db77a177419f62b,false
PT-0378,path_traversal,SecLists,359732a6b0759c7f255d3d0d8ae521a4a9404789f64934f3abd9483463a736b6,false
PT-0379,path_traversal,SecLists,cd2a30a6551bb2afe7393c8ee14bd456e3e5f6811ef5357a7faeb19f7f795500,false
PT-0380,path_traversal,SecLists,02a4e64bdc61754cd917e435171223b69e6d7f515003ad581a83bc58e116a3cf,false
PT-0381,path_traversal,SecLists,c182d26af1ef574f4ea2e9f525e80c570bbe9541942c2325b588636767c65a24,false
PT-0382,path_traversal,SecLists,eafb930fbfe0187b3b01ffacb8b02c3e3adb264474e522d40bd27f92c5ec75e4,true
PT-0383,path_traversal,SecLists,eecc34629b60463e112b180cd519101bc0c09c56295a77426543b4e61009f304,true
PT-0384,path_traversal,SecLists,fa96653935584af0e9abb8550f169575faa149ec0f35812ffc880e966214c4aa,true
PT-0385,path_traversal,SecLists,195d8262ed4dcceeddaa5757fe8f1661711635d726ff16ed209722584585dbd3,true
PT-0386,path_traversal,SecLists,d6e0b9474106f71b03a773eff86241eda3bbd20a3402e50c58dbff873b02642d,true
PT-0387,path_traversal,SecLists,db7859444c78bb522a2b6182c12a96aaa3134cafdcaef40eb7a02d2d92776ef1,true
PT-0388,path_traversal,SecLists,db18b1cf3785b15a9a31c36e40e10ae68f371c1390db0ad03e69ddec329d02a5,true
PT-0389,path_traversal,SecLists,7e1dba47f5aaf696ab965ef3ac0a8e6a155396ed5a25028a2c463c790a3aae6e,false
PT-0390,path_traversal,SecLists,b8db1bc7c8b517056009157335f9ba2ab9327021c18784501fe567a8f4f84414,false
PT-0391,path_traversal,SecLists,a3279a1f2de082d64b11c23b4d42b19a9ca177b15bf69fddecf062b6ae623874,true
PT-0392,path_traversal,SecLists,1c3927532503eec30d8a6accf823afe81d4dbb83cbbbc3aa534ca7bc539e29a4,true
PT-0393,path_traversal,SecLists,0335d24e9e870a712b16a0061e816bd519b5fe3c3af12bda4460ab6cff6585df,true
PT-0394,path_traversal,SecLists,faf298691b79b0735751038343e3f3bb5d401d19717682d09e1841126be4007e,false
PT-0395,path_traversal,SecLists,8cc622b5c589da83f85b3be0f71365221f39a0fd88aeac26ac20ace63e6233e1,false
PT-0396,path_traversal,SecLists,432e2c533bb502e664b96cbf204055fbbd1ce9540de899c77d92d16b5589d645,false
PT-0397,path_traversal,SecLists,c00018ed9c50c8677a420cbbbb0f1d1abc8608918f68cd44616f857da88ae8f9,false
PT-0398,path_traversal,SecLists,b7af80d8697c1d78750b259c8800180fd7ccd0266bbb500ca89f04d4a4a858b9,false
PT-0399,path_traversal,SecLists,0b0f0850f6a21e2cc3eeb9a1e1b4a3843b94615b5f8791d2136f1291de9a4d9e,false
PT-0400,path_traversal,SecLists,9b40571efb216aefc9ec4862289b7a5285e6d518914dec03a404cf2ca8aba34a,false
PT-0401,path_traversal,SecLists,85c71333e63d8c7a647c4810fd0d91aa2354164840b9c67dad5c09ea995c1c44,false
PT-0402,path_traversal,SecLists,ce201f4cc45cf425c55907849fd27fb5b50a2d6da31256e8cfd78aee82f5e8bd,false
PT-0403,path_traversal,SecLists,77a353667e7f2e7073db50d0e65b155370bf293de49347fdaecff0a6399920ce,false
PT-0404,path_traversal,SecLists,7a2b1875f67cb124c15df79c118f1bb50661103cfa79e7b0190f4d45550d0093,false
PT-0405,path_traversal,SecLists,c770286c16a70ef2b96333fc5844453a7aa642e3b21c5ba6b5878dc914c50d04,false
PT-0406,path_traversal,SecLists,ce7b3a14e40a074c724cd2c16f5ce3d749782218b08d8ebf4de3fe22435f143f,false
PT-0407,path_traversal,SecLists,f5efa618f41e7a9d878b2545bc68b891cf0f69abad6d2bb9ac29a71208e77aa2,false
PT-0408,path_traversal,SecLists,a25a3334566abbd9e9dc67b768bdc50b1b826cb288f78174cad3faf7cc240fad,false
PT-0409,path_traversal,SecLists,7061b87e0a443ef94a15785384832c7f4468ed7bf124b9d2c64cf545ef399450,false
PT-0410,path_traversal,SecLists,bdcc2779a79cc5528b1076d92ad532dc66ce13f344f878bbc2384d437387ad0b,false
PT-0411,path_traversal,SecLists,13f9845e7de188fdb7c426fb5dd75e645ae99ef8551fff6a01c16c3a6162eb0d,false
PT-0412,path_traversal,SecLists,c143b3ae0c47720f469eb91f5d688b1d27a1eaba58eb8bef584e55e6d17e9ac7,false
PT-0413,path_traversal,SecLists,73738eed587ad91d27ed749d2880b07e0de0a1f3f270e833f6809dd9b89597f1,false
PT-0414,path_traversal,SecLists,1fe32d3b4b558475874d47cd1982f66e623b9b2117f2e83e3681444e4f1febf2,false
PT-0415,path_traversal,SecLists,37d74d92e5e14d0b2fbbf0cfe9103cbeffe90ce41a97ea66ec2e9f35e455a83d,false
PT-0416,path_traversal,SecLists,5d1478f23f520577205757227837dd44b1d8a60e9241273ca4b62cd606d6179f,false
PT-0417,path_traversal,SecLists,86b2424fcd8136a2915c590444d7f11108f51f5d6584c86ca170df70797f3cb0,false
PT-0418,path_traversal,SecLists,59b2ecda072c09078688d86d68d006fc047a472e22f1a8b8eb51fc1b071ffaac,false
PT-0419,path_traversal,SecLists,60bfdfd5aef297b3c8311c1f49507f3ee9ada1e44c487e88c4c6c7303e80deb9,false
PT-0420,path_traversal,SecLists,504ab15dedf8c6b8d28427a71e098c06b57220ab20220311da94b743ef815592,false
PT-0421,path_traversal,SecLists,e9e4535a02ae31729ecc6b6ed1762e8c2794074836d006948017011e838efc4d,false
PT-0422,path_traversal,SecLists,6486009a24e36ad53c342075d6aed46ddaacf4eaed4e36b337ce769246ba8c90,false
PT-0423,path_traversal,SecLists,6a29284cc298ac581ee253999de2576a1ea56e945702fa4830fd26583872f0df,false
PT-0424,path_traversal,SecLists,0397757f6edefac12e1be31a79317dabe2db3809fb85f5a76d55be972d076267,false
PT-0425,path_traversal,SecLists,7e7ff2b06604f8ace76cd3a6875b5cde152db7eba0b3a69a806e776a15677f9f,false
PT-0426,path_traversal,SecLists,40c4e7195ceea92b14a8bd5fdac2c92cd772fd4a824222a05f3295beef23c6d6,false
PT-0427,path_traversal,SecLists,f67853f243ec34775103d252be7019202c1e034d2b7c864c9e3a35a848802911,false
PT-0428,path_traversal,SecLists,9e50e8624050a329ad0f736266523fb421571bccb7ce17024a4d6f4909d85458,false
PT-0429,path_traversal,SecLists,fe10de26b36c526df37041bdb056fd1cf9690804dccf46e36c99a93cf8db6158,false
PT-0430,path_traversal,SecLists,17e7cf5d2e1cfa658b80e9411ddeadd425fc77d3ceaf9026dc2364bb9af13cee,false
PT-0431,path_traversal,SecLists,740c125f0c62410ddfc47452db6c1ecb47ed7cb9de0f0b7923b4babeb5d88c32,false
PT-0432,path_traversal,SecLists,41148427e746711773ccfc8ce1d8531b8f9c305a97af73c2148c7db6b9770250,false
PT-0433,path_traversal,SecLists,a860daa914a56ebe5f73bc0093ff8ccf241ea30166ffbc572d03691e5d92e58e,false
PT-0434,path_traversal,SecLists,c280c546d454ecc34b217002a87cebe2ba6e6636403fbb62019eedb855be5eb6,false
PT-0435,path_traversal,SecLists,6c1274cf8ce378194a16941f91a259327b2bcf044c450e825a9e801736a7d22b,false
PT-0436,path_traversal,SecLists,1b677fd9bc8394414a60e0caccb569af2bd0a30886f34743049cc16974435e7b,false
PT-0437,path_traversal,SecLists,4ff37dd47973ab66a797115fc09cef99f940da8a019c541506b8778e3cb2cb16,false
PT-0438,path_traversal,SecLists,93788397f5ec7c3840a553ba0a81cec9e26f40443aee4de20a85ee424d683899,false
PT-0439,path_traversal,SecLists,17d821a2ebee2be29a7d6ee0c0a208e29b15061a9ff4eb40c49d62d1e0da59a4,true
PT-0440,path_traversal,SecLists,f625959db026090ac0a48a2437b8cbcd75714159b3d029188e08492579d7ba69,true
PT-0441,path_traversal,SecLists,f7c2c9a082a0ab9ed340005ce269654616f4ba51829d1483f60947263ac27638,false
PT-0442,path_traversal,SecLists,9ede0dd5c7c42ebd5bf48b05f778a63224ff24a7211fec19c8280271aa16e411,false
PT-0443,path_traversal,SecLists,e592c262f658b287e69a6967e2f80639596eed0d7c13c8bb8a38233e625a2741,false
PT-0444,path_traversal,SecLists,e0174dd240de719e17a9bac207283aa0b379a18615d44dcbaa1103aac2633373,false
PT-0445,path_traversal,SecLists,e92a6a410e85ba3014e93154bb5e654542ae6606dda49684aa1b4bd7c4b8f02a,false
PT-0446,path_traversal,SecLists,0a13d138c2a3f16ec9d75218333fbf3c97c21b40399e4913fd413ca5436a25cc,true
PT-0447,path_traversal,SecLists,c93aa2ded41d933393e731a76e54e2c0014a2a95bc972c413d4bbb0f3ba74a44,true
PT-0448,path_traversal,SecLists,c389f2b43ea4f6400fef8d9654f8ac0452e52c768c8b80fa866c6bfc545b63ad,false
PT-0449,path_traversal,SecLists,bfee2bd6d23cd1cfd0ed96720521306e6bff096cef21ac0d91d02a2804bc52ac,false
PT-0450,path_traversal,SecLists,f04e2541e0f888ca227feab1ebb31c49f93b8e97cc71a5ca93883cfe2eb83052,false
PT-0451,path_traversal,SecLists,b1a6b315064b760572b7d11038e900cea0be284d328d3fc3c34408e2acfdcbb1,false
PT-0452,path_traversal,SecLists,6a446e5a41586cdaa25e41c53abf622254a1acb8bd994108bc5d1f09357e4544,false
PT-0453,path_traversal,SecLists,aaba3de785f0a6e5ee6fe06fc23b3fdba1fe6e2d37d175fc27096911744d996f,true
PT-0454,path_traversal,SecLists,2a6d95b453479f959726aff099ce9c816cc951c58b3384c90e1578f1ec3c471d,true
PT-0455,path_traversal,SecLists,8cd78f778b06fab4568bca2c42d4432c03dee09c62d0df09cc8749a4d2131efb,true
PT-0456,path_traversal,SecLists,55f630969465483db2fcc6de2657b270ebf82c938e70c380c8b7e29bc2ef8577,true
PT-0457,path_traversal,SecLists,5ca92c53a427522ffed16c2cf9185fd1fdfeb11ddaa7257f75ab82d09ca07dc7,true
PT-0458,path_traversal,SecLists,225bd438d7b8aec42aaeb22776a963291233e4b7ae8b13e46171d02051915e59,true
PT-0459,path_traversal,SecLists,652f208f1d8afda0bc12fd6b3eed1664605b03d37c4a16f9f8b6ad355c0a71bd,true
PT-0460,path_traversal,SecLists,cfb55ae699b164e1a1097c770974d235e9ac08bd60034d62efd2c12220209252,false
PT-0461,path_traversal,SecLists,5f3560ec4a69dc9b43aea32adc1fe9e8d2a5316c21a9d92a98e2d6f39cc42f49,false
PT-0462,path_traversal,SecLists,8bbee4a037371f78def1f6676fdde3e81a11aaddd7f3147d000683fb0d46ad36,false
PT-0463,path_traversal,SecLists,455bdc57e9c7ef5f4c54f764b975bed448e6dfe5bcdb149c4c207d4e11f5735b,false
PT-0464,path_traversal,SecLists,9e8eac4ecc3ab5ed1b6b1d842d7023f4c471eb0466021841b0af0a4a968ffeaa,false
PT-0465,path_traversal,SecLists,6b1a3d115e1b37ee6eef69c612d34eede30b14b330b09bc3cfe20f5800f40b6f,false
PT-0466,path_traversal,SecLists,470089f7c0ccf2976de56208f01cffdf0765be73c7f681dd31cb94067d22ed37,false
PT-0467,path_traversal,SecLists,602331b8978457c87fb12ea8596e57cbff99056caa577914a7501660059eb750,false
PT-0468,path_traversal,SecLists,f1d8057a5a84b052cf6e0c56f6d70c43c0c02cdf180eff17fd1101fffcc3bcf2,false
PT-0469,path_traversal,SecLists,6601222d5a53d5876ab4d005fd4db887f163f86ace4fff088f8b87cb676b0a5a,false
PT-0470,path_traversal,SecLists,f0bc91b5ee91a73ad9986a71fbeedbed6034554df75d4c92214399a64df676f8,false
PT-0471,path_traversal,SecLists,150f2c91082dfe3959390b0b049939ca9d10345d40f931bfa8545edf88fb98d0,false
PT-0472,path_traversal,SecLists,810a607203034deb160b89454b8a6b87da4ef10265d3f028435a151cc9a77370,false
PT-0473,path_traversal,SecLists,2ba72b8e19a4fe538d1a8676907b484598b4336260dbfe2db89f9fa2442e6a99,false
PT-0474,path_traversal,SecLists,ee51b594257336b2250d2c0ddfc03a1e001eda046da3e2f9d57a43498e2f9559,false
PT-0475,path_traversal,SecLists,2d364b94a01d09e8cd5950c5bc73220b76d3201837f4e4bcf03ac89cd625124b,false
PT-0476,path_traversal,SecLists,4011b2144f78716aec0a11b88c9ce619c2dee528bb5379f9c387d45e669f6220,false
PT-0477,path_traversal,SecLists,476835070f0c2243a0895e60668e37264561604ba9440359bbc41b783e3f3d0b,false
PT-0478,path_traversal,SecLists,bafcce5fa23db621778bcbdae60edc839f6e5363c4d37f8fdd0cceb31312b18d,false
PT-0479,path_traversal,SecLists,c8fcf2aae36c35c3e548ec683cb9ebd229d803e12065d0911601c10272aa16e6,false
PT-0480,path_traversal,SecLists,770fa54c03ff4c8d791dad569ba09ff26a6f015500aa6fcc9a2c800c9405e83a,true
PT-0481,path_traversal,SecLists,1fe52ddb230be7f5204d1543b0a656638b1f691c0c154a34c050ec4c1a3e5cfc,true
PT-0482,path_traversal,SecLists,963302f8f5132b00d3059f3d5bdad0f2b67dc2bc7d9fc10c79fa34b307823447,true
PT-0483,path_traversal,SecLists,d85e6d3215c9f29b33f137dd50f35c53ccc0656db7fa12e198068d422259867c,true
PT-0484,path_traversal,SecLists,5bc7c6b3dcd9a0cf207c84d1b2e08642f6e04abbef33d8720da5305a3b037559,true
PT-0485,path_traversal,SecLists,e96b998f125e38ecfc749ac79524833323592be9e7a90b9b9091157cd509a1b4,true
PT-0486,path_traversal,SecLists,cc4fe689659a5826f9633572ee3b93ffd2c115b8389a1564c7a888e5ef8fda53,true
PT-0487,path_traversal,SecLists,e8c1791416c4a51b704000df627ad6c397682083eae12eb2a586a99ae764a3d9,true
PT-0488,path_traversal,SecLists,ee0cbad2a896616889df5e11134c308a3816ece703cfe1d684f030265b77be04,true
PT-0489,path_traversal,SecLists,68b5b1d56b0c4b7e63205bd0d817455aa07275b6f809f896c38afd7a9bccf06a,false
PT-0490,path_traversal,SecLists,795f4320545eceaccf184525cd30751fe2c074df0fd16251547ba2918414f53b,false
PT-0491,path_traversal,SecLists,feb773a7df35041a47c9de8ff007d25ca7717048e060dda94fbc56078d195704,true
PT-0492,path_traversal,SecLists,df1318715a0f443bfee302bebbaf8ccd02a8b88d355fc951748e28c049b67ca2,true
PT-0493,path_traversal,SecLists,d1935fbf03afa8c2c2a1cf191b8ffb301736b7242bc54102205ff4deaebbdfcf,true
PT-0494,path_traversal,SecLists,fd9f804fcd02c4790d191b0d91abe9b231b75e37fd55a4d630e2692f25a45401,true
PT-0495,path_traversal,SecLists,cf6c4288bc723ca6b8e74959eb9f01f96c4f3b651af98ac55e58c93c63da795b,true
PT-0496,path_traversal,SecLists,dd92e5a9f4bb3d793ba698a498bc5ed965dc920a7ff84bacf70f9236f38f506e,false
PT-0497,path_traversal,SecLists,df6cb02dd001acd20f48ca97cdfb0195c5aeee283d60e6b8cf21f6c70d53cb30,false
PT-0498,path_traversal,SecLists,241a85038b4f27757e3bf65f9a2f6351473a2543b3a57ee845bf45429aeb2cd9,false
PT-0499,path_traversal,SecLists,5dee1d14185c36e282d984999f2bdaac6a939de0f7ae7c17e0b07cdf37717757,false
PT-0500,path_traversal,SecLists,6c52d118083999ee329f365c740317ebb22a0f2e2b4ffd52b2b71678f097f0c7,false
PT-0501,path_traversal,SecLists,4cde5503bf44d07545f7aa3864057e5dee28eb3d030a2e9a13bb9bba1081ed33,false
PT-0502,path_traversal,SecLists,18749c150dc8c24de0d555d90834d8355125226a4f13059285658a5d7acbe7fb,false
PT-0503,path_traversal,SecLists,14e28ddd6736485c27c323ec28b75278deca3757eebfe3cce1342e906806efee,false
PT-0504,path_traversal,SecLists,e56e2ff93d3e5a86363096ae24310d81ff0312a1c23b5f71fd16dc232638a899,false
PT-0505,path_traversal,SecLists,48b2f0705623001106a84d302507810bbe762c3661b2c821960c655759e4be31,false
PT-0506,path_traversal,SecLists,909b0315088d6d5ad7d50c10c6908fc2ddc6b2bc17333617857dce43d005dd25,false
PT-0507,path_traversal,SecLists,93410333f6d4e554cf1ff3f63bffb300017d7ada8e53c00be64d21b3b69c6a9b,false
PT-0508,path_traversal,SecLists,8a7ee6d91261825e256f8f83c8501793248b9dc3814c95455fa21835d74c6a66,false
PT-0509,path_traversal,SecLists,df6403bef9f934e8c200edd1ae93366a44a67fc70935447445e5cc3f2e5eca0c,false
PT-0510,path_traversal,SecLists,cba654f43cc825ba1c1872997e81e106b102ecf93d2c3fd60fe3c4131d96f196,true
PT-0511,path_traversal,SecLists,39f5a120a254fb9b58712698e4580b6213589008b451f673a876e183c3b3f4f1,true
PT-0512,path_traversal,SecLists,f058138ce14e71861e5410b7df9beb4550545b70b789ba511c3f045f355d7842,true
PT-0513,path_traversal,SecLists,077eaa9cde0864be923751478649a8a869a8c7c98cbfc58cfd0fd8a19d3f6acd,false
PT-0514,path_traversal,SecLists,3ec6d5a72f377f765cddde7741a2c9ea41a9cbfa304d38130604fab360406d88,false
PT-0515,path_traversal,SecLists,daf93c7626846a9a43dd9d9b17352e3f7a7575e3bf216a6fbe81e0eae1f678d5,false
PT-0516,path_traversal,SecLists,660fb6dda24b8b5fd2f1510d1551f99af61a6c40313654e6aead820e7c91d2c6,false
PT-0517,path_traversal,SecLists,b50078e378499ccb08fbaaf7ec3d2c6f8e668887b64a16cfad86705fe7e748e2,false
PT-0518,path_traversal,SecLists,44a39f3e6e5c167923ed0507f2cf5aa2cc9bf56cda1ee8815b4db82ecdebdb50,false
PT-0519,path_traversal,SecLists,6799aa870f2769bc125c97c195ef358742acc4ac7c14bd43d1eb520d34694c55,false
PT-0520,path_traversal,SecLists,2e9b971d36d227dc9aeabb03a9c643c3ec9bfb206bdece469782c398dc5b556d,false
PT-0521,path_traversal,SecLists,4a99b872d052d3ef42e536393da2d1af5d3864c99e643af7d38777b07be52689,false
PT-0522,path_traversal,SecLists,6663597abc0848ed20832530dc5bb36b562aa31436483b4bb4b5523a99a00644,false
PT-0523,path_traversal,SecLists,4b298b2df1f8af9b48b202e9317f8268cdd080f3d6696ac9b10569f59dbf128f,false
PT-0524,path_traversal,SecLists,d9ca75df618cc484b9f9938cf47182fb3a943e4ecc24d54c4a5fc6c78eaf6810,false
PT-0525,path_traversal,SecLists,056c6092a9ecd35e4cc794a313376b20364884061440c73ad2bb038f70c9ef1e,false
PT-0526,path_traversal,SecLists,29d672b5bbc1f2489ebb958b9334fbee7c3d61ca8e1189adf60842ea0da05c87,false
PT-0527,path_traversal,SecLists,f8694f7385b69a5f529e143a4e6eb0485fd6d3be3e1d894eba1e4af0ef83d15e,false
PT-0528,path_traversal,SecLists,744e61f9c505cfb19b7e734b48d5a725811faffdf83570b080ce3d3b7335d02e,false
PT-0529,path_traversal,SecLists,b984f9ae24d981b4aba547dc7a3c4069b42b78a6c5125ec6e07aa4afa89941e6,false
PT-0530,path_traversal,SecLists,865fca80c42b7b2bb515eb66299d487078666f135fd5e4227e7368ff360167d6,false
PT-0531,path_traversal,SecLists,520a4e948e10af29fd97d1c6033e7ac4baf9d4ca5c22e8ce07f1cb6b9f1ffb9f,false
PT-0532,path_traversal,SecLists,6768e5461cdf3c340387912e53d5655914d6a728ca953900789e1b7c489628bd,false
PT-0533,path_traversal,SecLists,e7b202746ffa65cc71fde3beb1fa48d454d612b31d0772cbfaeb05ea52b8cf4b,false
PT-0534,path_traversal,SecLists,d09d3a7e09d834453144be7ef455f3e2bd69b4fd159b2d70916bc67a215c354e,true
PT-0535,path_traversal,SecLists,55526e23d64608451ca247ddf0bf8fdcaedbad93365f40644aff33efaa29cebf,true
PT-0536,path_traversal,SecLists,c70e6186043e3d5be401ff68f8e7784846516277998056c1dc8c826b00efbc57,true
PT-0537,path_traversal,SecLists,1c300f540544cc6dd1c8dc81dd3b18110a2fb0ffc964d1f388fb2b9a800e1c8e,true
PT-0538,path_traversal,SecLists,03455c909236222817e7a0c26f4b052f3869104b94476b29a5f00c8ffb6c0b54,true
PT-0539,path_traversal,SecLists,556f41531f458a9069e5eb67456dee3a577ae97eb2fdebbb545824dc467126e3,true
PT-0540,path_traversal,SecLists,bef40110391e991cf5c36db223b9f42e8025b9c48fa64965a231c59763517b8b,false
PT-0541,path_traversal,SecLists,47ee7d320f7e14ec7b03769c4370424302cd0a5c53653c317bea654cb05b017d,false
PT-0542,path_traversal,SecLists,dc5deed15c02f5b5315419a1c6c93929de358a85d62989a8a1101a31af49ed99,false
PT-0543,path_traversal,SecLists,b95447934991e19976df6aac734167ba6debe255a3b513848922ab1ac6d5dbef,false
PT-0544,path_traversal,SecLists,d39da19de1d23c8ec289f4b39e07b20b4e79817251aa5d13877ea9837c3922b9,false
PT-0545,path_traversal,SecLists,91531aab99288cde3f000ce7da95b7e06450841695087e49c786208572b7914a,false
PT-0546,path_traversal,SecLists,d29853d4644f32d4476be59b6b7ab938b1c16b6e286a1d681b9a754764a13d4f,false
PT-0547,path_traversal,SecLists,7ab34f9e2b85a19296106ce7f84cfc92914ed0694dafa69cbeeaaa4b484fd12f,false
PT-0548,path_traversal,SecLists,d074204a0d893d6eec99001ef0cbb92658d4d99ee7c78149133dd3538fc03d65,true
PT-0549,path_traversal,SecLists,d31e93f3ae7c754ba73e6b4287941be00522a6cde2114a3f2e1717975a948718,true
PT-0550,path_traversal,SecLists,a66f73149e9e7fd4a98aa3314f39b82824fd886ffef4ff294fb9344164b82012,true
PT-0551,path_traversal,SecLists,37c654a2bd584da9dbbb710caecc81228a90de36342a63694a9d1b3597a591fc,true
PT-0552,path_traversal,SecLists,c5d05251237403141fbd8bae60438fb3864315e6b48e2daf544f2fcac94029ca,true
PT-0553,path_traversal,SecLists,94706f997946e8b74db6cb66fdaa2424fea9bfb552cddab45a445cbe00f511ac,true
PT-0554,path_traversal,SecLists,8082887eb61471c38a822675b2094bcd13127f0b575a35f87443a59b53aab70c,true
PT-0555,path_traversal,SecLists,0410cb6495c9b97df86e859c3d24a40aa813d5056e01ec5b0fe2b074f5a8c563,true
PT-0556,path_traversal,SecLists,f648ac80bb21f6b78d13f322e186fb7cd22c1097b22fdb779a61794826602510,true
PT-0557,path_traversal,SecLists,d20480a51b709737fa50d483cbcffdcce23ae25d64cca96e433f7bddf82ae811,true
PT-0558,path_traversal,SecLists,e2ed7553e1685cee0eb7ad5f65a430434ae778f18320b1767fd77c93565a6a74,false
PT-0559,path_traversal,SecLists,e66131ef3e7e81bf8a04869007d68500182d1afe7b7bcc7f6834ce78baf026f9,false
PT-0560,path_traversal,SecLists,7ab34f9e2b85a19296106ce7f84cfc92914ed0694dafa69cbeeaaa4b484fd12f,false
PT-0561,path_traversal,SecLists,8a0f42a0ed0d12fa0128c1018ee8dbbf5f07bcba72478af01d0e18221c94c2c9,false
PT-0562,path_traversal,SecLists,36954cda0d900c788ab62bc92f8ee6cb364662ea970be4f08bda1e650d909a54,false
PT-0563,path_traversal,SecLists,02a4e64bdc61754cd917e435171223b69e6d7f515003ad581a83bc58e116a3cf,false
PT-0564,path_traversal,SecLists,241145edecb2d3e846671e701d6c64f6adfcd642278e3ba4f018a68fcb479c1f,false
PT-0565,path_traversal,SecLists,9a4b61fd749c82dcf5cebf9195b2459167a2093bc896b400b7902c2514b46c81,true
PT-0566,path_traversal,SecLists,1c909bd25f6a230e5b794dbe9d0caf2b49ed9c2785f0e694d3c992b41432fa2a,true
PT-0567,path_traversal,SecLists,36e6877437f423fea4f3cbcf28c8656ecd05248e920810a6f45bcf3ed53e42d5,false
PT-0568,path_traversal,SecLists,7602a1c1325d3133911202bd5d5bbd46d154e9d53521b880cc969992b4f3550d,false
PT-0569,path_traversal,SecLists,d414ce207604b91e38b218e900bd6702c4da62c712f3547af516c4727046b332,false
PT-0570,path_traversal,SecLists,3dd13e2ef800ccd7167bbd5cf8aecc700f4339a9121c71aac526982b507d0396,false
PT-0571,path_traversal,SecLists,6cbff442c996b4a256f0fa24153d4716fd3c97a47dac9bf3d7899851b30155d0,false
PT-0572,path_traversal,SecLists,8200dc5169cb34529e387b7af42f494f9166c1e2f33ce6a024d437adeba487ec,false
PT-0573,path_traversal,SecLists,e525716eafad9ea87f895f7ad05a33fe75d27ed408553a925380f0ba89cec257,false
PT-0574,path_traversal,SecLists,f0c2b38e204a996af84f183a1528ba9b0ce7569e7675f3c780e8772534eb5825,false
PT-0575,path_traversal,SecLists,b41f0b21ff7864da81ab862714418486331067c3cafda4285311a1894a092f80,false
PT-0576,path_traversal,SecLists,0f2cf7672261bb80809a5541eeaeebb1c6333b32a67e47083d12a130aa051f62,true
PT-0577,path_traversal,SecLists,a95387e8d89c607ae7e7d260df4cc418ed639a42a06080f0c1eed34f1ec68c37,true
PT-0578,path_traversal,SecLists,683854165ec5c6c35c4c90aeaabd9b4087fbf827b7436602190a419998d57ecc,true
PT-0579,path_traversal,SecLists,3eb74a621169d3e19d0bff168c30a6e207a86c29355bac037610dee21d21b32b,true
PT-0580,path_traversal,SecLists,2f402c5ed9af3460843095c6c281253e4d8e55ea4d99d0346191304842c37aa2,false
PT-0581,path_traversal,SecLists,ee9fd0ea5d7cd74e0299e3ac8a6a3e6ce639f07d92f884c463f81f707690a0d4,false
PT-0582,path_traversal,SecLists,72a8b4beb44372f4b52201e00c9073ea8b1e7605e4d74a73b1932e8fc6001324,false
PT-0583,path_traversal,SecLists,6f84b2e47cef9d7dd2665d2c505cb79703d62bc965a405b9e43827eba984b909,false
PT-0584,path_traversal,SecLists,9b033d6791397e040d8a94bb3c1f5039b3801c34efd5ff4adc468be0140be3ca,false
PT-0585,path_traversal,SecLists,0c209af38832efba136987e2c00d2732f14d992681b7117166f5925f3a214c6e,false
PT-0586,path_traversal,SecLists,39257686c288f0fd98b8fc63ce086901402ae39c2d6a5149ca1c254c2bb18522,false
PT-0587,path_traversal,SecLists,8abfdab484d6ef5f1a0e6c34f6ae2f8b6f42481b1f351a470b41dcf4625dd730,false
PT-0588,path_traversal,SecLists,5469398d4e7bbb3f2759d4419449dd054e21c899ed948a0b172b182f7d8b9be8,false
PT-0589,path_traversal,SecLists,71fa18a087acb049a2fc08f8480ae0ba53a2e50e7370a752ca49304cf2977dec,false
PT-0590,path_traversal,SecLists,f539ed81aff7d954b1330b6d8e3330b71d028d0bf7c3dc7fb5b38ce96d68774c,false
PT-0591,path_traversal,SecLists,cbca941a80631936661c731c729db585fb467290479156fce4cf4db26f36e7d9,false
PT-0592,path_traversal,SecLists,8b6a914d8869ea4ef2fc1514ecdc4774223e160cfd70fa41e5198b80f85b90f4,false
PT-0593,path_traversal,SecLists,133356ea521e842df873a7897150156de7c0720bc0082b652341d320db235092,false
PT-0594,path_traversal,SecLists,5d5c16b316611e3c80986271e09002d4ab3f3a03aecb04f956c9358a78294504,true
PT-0595,path_traversal,SecLists,52d002ae2fa20cb0bae3180639bb9deafcd466398361a43b0ef9054155f32bda,true
PT-0596,path_traversal,SecLists,09444b86c06b097db157c841b50d73c659cbbe7ecb7d94a60aeebcc356fcdd72,true
PT-0597,path_traversal,SecLists,9b1178a35ed2762f774bac0319078b9f46d0e32170ef70159b5ff8e7a3cccabd,false
PT-0598,path_traversal,SecLists,81a9aad32989432a63d6d17cdba09ef38b5a4f1d50586b33e870d256d9ae3627,true
PT-0599,path_traversal,SecLists,c0f18b2810160c2dcc81696cec50fc4cef3b2acf2523b3b790fde8b1d7fb64a0,false
PT-0600,path_traversal,SecLists,7f10f9570db6b5deecf5971465e639c76db6c97056e5880c56fb181473d00b2a,false
PT-0601,path_traversal,SecLists,9a4119eed63f2b60b861efea5624e7359cb54eaf5bda5b9e8f47d2bb2539c829,false
PT-0602,path_traversal,SecLists,f4314cd60b50bb6428d2bd75d5a6e665f61ee368a2eb978529f4aa7d4e4663f8,false
PT-0603,path_traversal,SecLists,f607393ef92f4edb3b333797d4a95c6a319b996ad359f03590378ecf8fc388c9,false
PT-0604,path_traversal,SecLists,60025e61ac4f123791ff2b5399cb0d0077f6e280eb0e659b5cc20296e547bda4,false
PT-0605,path_traversal,SecLists,5e27f3ef2cbdb3822b592feda2b8e01eb2e5562b4575e4a64c23b4c2fbc6f6e1,false
PT-0606,path_traversal,SecLists,5f32a37416e307aedcbff1686d39656acd0f9f7e796cda17af92fee727db67df,false
PT-0607,path_traversal,SecLists,95f63028de8273f92a7e504a74efb89e9ca371ef042b58f3f927536221bb9a23,false
PT-0608,path_traversal,SecLists,dd8026297060ab8453d6a9d8ab2c9376ca1d4f3a964e3b4481423d06809e4510,false
PT-0609,path_traversal,SecLists,abc8562d302fb17a7faf04fa93f4474d0c9c811b4e6a14c862adfe8c23a2650b,false
PT-0610,path_traversal,SecLists,8a4f3ff88a3657d992fdfdc5a6006cfacdcf967eaa055628573a8f7991ffee96,false
PT-0611,path_traversal,SecLists,bf2f11450cd542c158aed5419208ca3c281d934c25845d3278e851c59d497474,false
PT-0612,path_traversal,SecLists,19f040b5574d8877673c12bcc5d866426dc03a413b3eeaacf7b73f50db6def39,false
PT-0613,path_traversal,SecLists,1e66ffc305ae7b70d7db2a89765e3668e044d8303ebfeae423eeed4058ccee00,true
PT-0614,path_traversal,SecLists,949aa2ca9fe058c6093030ac7e5c43d3c063153b2639c8cf54a7804a7bd6de33,true
PT-0615,path_traversal,SecLists,b96c4146f14efe620b34b0bef2fa381a0e5790c6ce5585673b89b302545bb5d1,false
PT-0616,path_traversal,SecLists,d7b83cc37c48dd349a41617a21d89d32780c04db95518e04a992180f82f344c2,false
PT-0617,path_traversal,SecLists,ae53ee41cbb04bf1022c5443528ab4f11148a410f9be7e21064b2625731aa94c,false
PT-0618,path_traversal,SecLists,9d2db5bbaaffbb6cfd65d14452b148faa573e69ed0ca914db6c30a83be0c7e7c,false
PT-0619,path_traversal,SecLists,0851b1429cba025e841b7690ba13beadfcbf6a71f776a80b7130c5b256f25d43,false
PT-0620,path_traversal,SecLists,6315e32acb55452e4ba46cbe8a089bcc3896057e17287021d143b5a909678a48,true
PT-0621,path_traversal,SecLists,67d7955874d06d173fae0246d620b3bd13fc4a26cfe9cecfc6b67f7aa5755424,true
PT-0622,path_traversal,SecLists,7b404f356641a52b2f3d7736e1dc13e0b93263ef406ae4b8411136af4f1dbe6a,true
PT-0623,path_traversal,SecLists,0d828d7cf2180f0c801b887b0e40e424618b8e2f4920e3a92f67cbc4b41a3b85,true
PT-0624,path_traversal,SecLists,e18e207802ffcafae4531f041b6fd18995ce39cdf4358d8568d074bb8ec43336,false
PT-0625,path_traversal,SecLists,ff1adf8d75a7d16247eb05f7097a33b1ede9d433c83d14f3164a2502c6402b0b,false
PT-0626,path_traversal,SecLists,f5ad4611de49920ef8df2488987ecc29fd44671ee07ef26d93fa3f90e9962716,false
PT-0627,path_traversal,SecLists,4f44da28f775e3f19e106ca2fb2fb0467d369139a3ee6aa1d3d31a696770455c,false
PT-0628,path_traversal,SecLists,08200230582d1e243ad0048c2dc8d3412c1ff27c0111481a27309285a2ec34c7,false
PT-0629,path_traversal,SecLists,cd69de23119d86efa0088f6584e9e273077ce7efca2a9085902e318939012a8c,false
PT-0630,path_traversal,SecLists,eb5a031b81903cd905831318972090040ffb70ddf2bc0b66cbc9878aa062500c,false
PT-0631,path_traversal,SecLists,d2ee777dde7f9d94f44e66c7558228593c9ad422bccb04b745a8b395a503e0f2,false
PT-0632,path_traversal,SecLists,0dc08be53828a6b102ef8482128147fedd564336c0e0f59bc28f220cfaa6fc34,false
PT-0633,path_traversal,SecLists,b57ae3cf076e8c9fa962ab0184e9295e825a2cb266c57f19154d34b214148fe8,false
PT-0634,path_traversal,SecLists,0599786212aa6d5e14c8b8c0e18f37905825cff93b3a77b31c5c6025da6454f6,false
PT-0635,path_traversal,SecLists,41502a93b7e290f658698c77e5b959518eb918c29cf20453f110d87b4bc3567d,false
PT-0636,path_traversal,SecLists,b384ddb25d8d442c69c8f4b9b1b44afa946a2214e2ed60bec0a8a44865e66a29,false
PT-0637,path_traversal,SecLists,f433926489f204f1f1ba40bc550482d90c7715112611dc1b0316afaa2db23e7a,false
PT-0638,path_traversal,SecLists,0632493c53265ff7b6d522429ec4816a9cecbd8cb9e4e1b57e3d097e850806e4,false
PT-0639,path_traversal,SecLists,8dfa2f231f2236770aec419d4e22e2bfefcd92d7853a98492bc06b1f499118bb,false
PT-0640,path_traversal,SecLists,0950fccac2469b1cccd4f9adc2481d7d2aa17d351ce6c4a3d113525ec5d239a6,false
PT-0641,path_traversal,SecLists,b89a6c6243b651217b2d26c4b7546296939fb1132afdf17635213e70f9ffef45,false
PT-0642,path_traversal,SecLists,261c651bd0426bd48b4fbf67a92b113e08aba9d252642c32b5de3f4656d728fc,false
PT-0643,path_traversal,SecLists,be49e29286e277f45828bc8c49e2d7b01173578ef11dee1d7f84c7c3ee8b526b,false
PT-0644,path_traversal,SecLists,27c014c76d207807af70f0ed197c8916dfe052a040f39190dbe7e56f81671cdf,false
PT-0645,path_traversal,SecLists,3cc28250ef3bb3fbd46d69abd35c5b8d68b6a9e08045c48f735a1db3d81af070,false
PT-0646,path_traversal,SecLists,01f1b7ebf6bf0906a1e94f01366f82702c416dfc4adea04af97bb7cf2d3409b5,false
PT-0647,path_traversal,SecLists,89fcb0e3a59bd6a9d1e1acaeb82b9f579567dc0b8c193844faa32b49b5ec66d5,true
PT-0648,path_traversal,SecLists,fb49fb69a409378d21fcf551670cb9ba3c4d15a5f225ff54a926723e18805dfd,true
PT-0649,path_traversal,SecLists,43eebc57a22f4bceb69e50a03a110f3eddb4de350b7e168303263f4627b068b3,false
PT-0650,path_traversal,SecLists,78e63e7b92a542a7e21311240dcbcb5eef06d9d2468df46c4855b64b232050c7,false
PT-0651,path_traversal,SecLists,26d68cd93fbf8ce70ea4ff0b1aa4db199537c35f627bcf2c57126f637347e7d5,true
PT-0652,path_traversal,SecLists,1a75b4a078c615a6d432b57450586d82130edb3f7eabe3da5224b094d0ec6609,true
PT-0653,path_traversal,SecLists,8401471eadaa8b5699197d00bfa525ded257e7197ad1d01f21a7bfc945b419af,true
PT-0654,path_traversal,SecLists,f7fd8d9e85ed595fc17dd10727aa0522535c1ad15b0c11282da29f9a5f3c7999,false
PT-0655,path_traversal,SecLists,07e2082b6c3ff5ee3bb4263d639dc377ea4350596a14d0a848d00956ddff8833,false
PT-0656,path_traversal,SecLists,42a5164f5b1842a707a6ed7669f18b631fbac3654c1cd14ee65d85a1fa6aab61,false
PT-0657,path_traversal,SecLists,6cbff442c996b4a256f0fa24153d4716fd3c97a47dac9bf3d7899851b30155d0,false
PT-0658,path_traversal,SecLists,8200dc5169cb34529e387b7af42f494f9166c1e2f33ce6a024d437adeba487ec,false
PT-0659,path_traversal,SecLists,e525716eafad9ea87f895f7ad05a33fe75d27ed408553a925380f0ba89cec257,false
PT-0660,path_traversal,SecLists,b41f0b21ff7864da81ab862714418486331067c3cafda4285311a1894a092f80,false
PT-0661,path_traversal,SecLists,aa4a19b5412d5c875b7305ba2ea91061f1d3cc9f37886bdc0a7f55c0226f8b68,false
PT-0662,path_traversal,SecLists,4d3c9c1b98d17b1475b6468d69e783391e12ba1666f8a996f823b2f0f6b1ad94,true
PT-0663,path_traversal,SecLists,f33b2fdba1859097b19d932072661c9710ddc419a9efc9d4efb834afc2fefe7b,true
PT-0664,path_traversal,SecLists,c4ba8bc912736fedef7049efcf92d6ef3c9b8df50c84026e372dce65eca57fb4,true
PT-0665,path_traversal,SecLists,41f39a4ae3b1fec7a2ac1ae739cb79d0b0b0346ef6651d631017e144ca804325,true
PT-0666,path_traversal,SecLists,008685be3369e02c1e8aba97b7a8977408fe79ab18f9115ed7bd35a8db8b1c2f,true
PT-0667,path_traversal,SecLists,0dacd9b8f87af8f4f00bd66b13fde893cf5d50aec4cb4e2e4f838e7d9c17b90b,false
PT-0668,path_traversal,SecLists,724cfb4df090d964c5e9203cb3d1f9aca65f3447efceb49e42778bbb9017d18c,false
PT-0669,path_traversal,SecLists,ad828ea8c38a9e731db2471e29b989397cb0b973b74a6ceae3bb043f41e398c2,false
PT-0670,path_traversal,SecLists,25e874a39cd89261145214102367bc3c7a51f440b6051375102ba9301e9af220,false
PT-0671,path_traversal,SecLists,0cc1755cf404ff2fa79befa4c79c1f5fc12c2b6e4a88f5097a0ec1edb09bc151,false
PT-0672,path_traversal,SecLists,6ed16140c48479c1f63d1380671389bf6be79ae256a8c434d948f0933c8559de,true
PT-0673,path_traversal,SecLists,b5cefd632ea8ad7f226239c7f55d7da0010fc5b4464763fdbca67b59ab35f9f8,true
PT-0674,path_traversal,SecLists,33dfe56743b883d16e1c4a74a18a810ac74a7deeabd3862627adac2e7f074ca3,true
PT-0675,path_traversal,SecLists,37a5ed792a7e7722676cdf39bc7a02ab1a61473b6356273f2aec4b304877ec3c,true
PT-0676,path_traversal,SecLists,25a80022a0087c015dd5c308eae88547f33aed062c5327bfe5ab521fae04b07f,false
PT-0677,path_traversal,SecLists,ec2dd5e3734bd3633998b5e2d964a138f94ca615a46f599d8653fd7f29e4fa20,false
PT-0678,path_traversal,SecLists,936791c6abd77461e3fa269ebf49934e53252d6bf611b644ba3eed4a40c22f2d,false
PT-0679,path_traversal,SecLists,f3e5cb657e185360cce9c0bbd34facb1f662bfd013b5f82334eaff95ff2bec82,false
PT-0680,path_traversal,SecLists,f20003b2b8b4be0928e178a7ea59d3d9d89b3e2a4c9e48282641a6ae613e15a2,false
PT-0681,path_traversal,SecLists,efa5f3a9b7b646f2bcdfa595d44f3ab0f66384e12d4e6051be324dc1099e6e63,false
PT-0682,path_traversal,SecLists,d920594ec727cbe89e2775c9c08c7642ecfa8e3391c4e79ce2e2d4d6e3808458,false
PT-0683,path_traversal,SecLists,af689ed8157db502673dc129abccf0050f63e9936a9c6427511ffe3235931f64,false
PT-0684,path_traversal,SecLists,346b6953c48b4c3c3ee6d99b8b2aa9867cca1365d8624536790eed91411d866e,false
PT-0685,path_traversal,SecLists,5191b82dc93dd55be216a0ff1c97140019bcbc00601d0734e82876d30e1b751e,false
PT-0686,path_traversal,SecLists,e4e54c7546cb1d00b4a7083710da428f8470f1fd582e31e9b10a976816dbd843,false
PT-0687,path_traversal,SecLists,63daab8ee418d93bda9b6f9355f583ab2404955df484b7bc0941213aa9d3aae9,false
PT-0688,path_traversal,SecLists,9c0dba08557019e584e6b6969858c768a6bf46cd96a2fbc6f167e75363386b98,false
PT-0689,path_traversal,SecLists,74acf31844532670be412c65b8251ee55d072549080b1cffdbea6b1a192230a0,false
PT-0690,path_traversal,SecLists,5d1276766da63bb061ed829863c3f070e9d32d6254e4ca639bbd6a9f13ecbeb0,true
PT-0691,path_traversal,SecLists,464f35a85dfe6f3c7cfb388242bbe1f56d2814763366b9ad79d75ba512cc3ff4,true
PT-0692,path_traversal,SecLists,047c246c06227cc2d835303117d92487f2b268eae210797e5f33b73cb428b837,true
PT-0693,path_traversal,SecLists,34c682f12a6f6c4ed3109d29eefb53462e75a11fd4632e31d5d310267f9dd60c,true
PT-0694,path_traversal,SecLists,199caa0ef1828b82543afc9ec79de4954a7b7b42604e6dcb98d402ddeead9c79,true
PT-0695,path_traversal,SecLists,b95dd6fd453687192b8fe7b752b287bee86e5ae4d4f8b4e0ae8a6434c376e24d,true
PT-0696,path_traversal,SecLists,d414ce207604b91e38b218e900bd6702c4da62c712f3547af516c4727046b332,false
PT-0697,path_traversal,SecLists,a07605e9d6ad667975ce5a8febb1d51d417ad911943f8218a0c953d4afb87563,false
PT-0698,path_traversal,SecLists,ee7f48916c8f332f5347752d5705aa9884da3cfe09d660ae73ac96c43b4b7bee,false
PT-0699,path_traversal,SecLists,06b0321cb72ff302567a2da36571a78608ed712280a66407d6c5e3d30d843ad8,false
PT-0700,path_traversal,SecLists,ef945c2cb7f5fe17385b675b88b5ccaf31e9e44e1cd6a47a5219270818131a35,false
PT-0701,path_traversal,SecLists,cf4dd9399cba1814bf55deaeb64dea53d36f5c8e4df823ad8a9430f4782b3565,false
PT-0702,path_traversal,SecLists,2c9a964cb494e5ded46518bcba8ac8ded1def0cb46f1dfbfbe146b1cc5b13151,false
PT-0703,path_traversal,SecLists,6cb620b73d97cae43cea29c7515d33ef6f0afa742449212ed28ef378990c7be2,false
PT-0704,path_traversal,SecLists,6fa08c291435724b2d9647d4567fa56dd0e076c1fe4933d33f386bbdb048f212,true
PT-0705,path_traversal,SecLists,d04547565d2a049d793915b59329a5e7dfc26cbbd370f87fbfdec4c68f9e9063,false
PT-0706,path_traversal,SecLists,5a03f14f3d853ecc65a2c0c4c8836d3714c7d2ba65e9050b69b8a60521de2311,false
PT-0707,path_traversal,SecLists,d1a1df3eab8f4d3b25dac9147a6eda2ebbe0964fc4080f8b46187c143cd7fcc1,false
PT-0708,path_traversal,SecLists,9f04b13961347cd79754e801cbdcf374ed6a905eee8558d0bf6385f1b37690ff,false
PT-0709,path_traversal,SecLists,7ef9fc7dc00d8a90ba234367a915f2cbdbaf11fbb46a30ab38e8fcea86dee645,false
PT-0710,path_traversal,SecLists,b79dda0f5ad14db7953a47dcbc9ecf0efb021dd3507d5271d27a73b9838feeb4,false
PT-0711,path_traversal,SecLists,9d1bf00c962230ce309cbb7d064202e2bda7ccb300d8d6d887b5358e2d6a53d3,false
PT-0712,path_traversal,SecLists,6bf4934fa16f3eec10a4abb2ec101376bbb4a775bd507ecc0f5fb505062701ab,false
PT-0713,path_traversal,SecLists,1eefe5f8afe6befdd208ed13204fdc6ff43d5f5188df6fa97a6172ab38e2be17,false
PT-0714,path_traversal,SecLists,0fc6368a70ad39504f3dcc7deab9af7217d7d9a776ba7e1db1b924ca5db7f7c1,false
PT-0715,path_traversal,SecLists,79559e83e6d81d46de884ac7aa766f848d42cdc39bf669226777460a7ab30847,true
PT-0716,path_traversal,SecLists,f60ef572732722d889c4fa6b76a71732e215bce59cecce37de6e17d9b5484a71,false
PT-0717,path_traversal,SecLists,4959d9d6e60b200d3db8397caf5eb32f57e60ab64592df87ce8584dfdc5e36fe,false
PT-0718,path_traversal,SecLists,2beb9f1dc4325abad37fb187dbc780d3404a115a5d0f4c8e5c5df49bdaef6e4a,true
PT-0719,path_traversal,SecLists,ea991621fc37aecc29de662377211451f2e5abcb2214f1648f677014891e1501,true
PT-0720,path_traversal,SecLists,bd5553f416f372a6d30656add04f476ef2d4cf78dee342b9524fe451bd1ec14e,true
PT-0721,path_traversal,SecLists,846b2848badb9a0398a1c8eef8447fae84386f5b8e84905dd92c50330244198b,true
PT-0722,path_traversal,SecLists,505eab3279484f33704c17159eb0ecbf582f425513432c13d4d0d1fc19089eea,true
PT-0723,path_traversal,SecLists,4dc6f92af62dc56832fa6f24d392a78056ef33d58507174f6735fe238b95891d,true
PT-0724,path_traversal,SecLists,13a80c5280226d668f1e450682e567cfb0a2cc58b6fba6a7e9bb819a4ee61015,true
PT-0725,path_traversal,SecLists,fecb8fd3c46f383498ad5a4a6217fdad4206173efe94700857ce43e129964efe,true
PT-0726,path_traversal,SecLists,06a4a86c1a5d035cae5abf8f12403933c0209f03183ac1f9661f9a53f2dba39b,false
PT-0727,path_traversal,SecLists,158ebe76833683853b4d358ef6a43954736375a34c129e2e1d908f12b038956e,false
PT-0728,path_traversal,SecLists,15ffaf5d6d32b3b64b6984497348d4c1ac0f4c7711c7588bcb9457b515d2d5c2,false
PT-0729,path_traversal,SecLists,35da22bd869c9dbd279674dd789dc7024e370d370a23479eb449f98e3057eb54,false
PT-0730,path_traversal,SecLists,6db5fbf4ae221957d0229e0c2511ce13d958201d90a8aeff1a70f16f4fe853d9,false
PT-0731,path_traversal,SecLists,46143519fcf6e23d7f18a300ca70ebb4c01396ce8ebea462f794e4b701e10deb,false
PT-0732,path_traversal,SecLists,67d672f41054287a27e1d9e60ab209325b866d180cb92a99361c1e76e8edc01c,false
PT-0733,path_traversal,SecLists,311b50f497520ace0ce9c1877b89741c7762c568ad44aa9f0dc65b966ed3ccbf,false
PT-0734,path_traversal,SecLists,6332f25cdec7b835458643cceb299ef9482bddcd0177c6556748ef1d6133f8db,false
PT-0735,path_traversal,SecLists,de8076c8b4e87cbad9dc6e447faa57c715c11bf6426335f5272e0c8e852b659b,false
PT-0736,path_traversal,SecLists,10520c0c060b341bbb22cdea013f884f738cd9824784a6f72c239af4cb8aa0b4,false
PT-0737,path_traversal,SecLists,0c320b68877fd7a206d6cb9b34b42af5bac3218c9754c7bd5b538a174618f38c,false
PT-0738,path_traversal,SecLists,9d1e98f9bdd138bf3911394ed6bc189a351c499e456f1652ec6efe59d1b992fc,false
PT-0739,path_traversal,SecLists,341c2ff14d12f1680bb604af622a3218b26886d8172f1dd2960d4330787e58b3,false
PT-0740,path_traversal,SecLists,73fba7ac8d8dbc829f0403560f5508043a394f747d9f061070db1690aeb65a5e,false
PT-0741,path_traversal,SecLists,9cbbce96fc9f112be6e8b898ffe9d1a183b56f0ead0032b3bdcfce8da97ebc9e,false
PT-0742,path_traversal,SecLists,feed32f69de702d992ccccd22dce80e444220fe4b711f9b782352ddff17999ca,false
PT-0743,path_traversal,SecLists,8fda897d60498c7aa6c3d3eec0e3fc4a47c5c0b92899ff4096f147f528ce7c96,false
PT-0744,path_traversal,SecLists,5f6d25c0f08aaf2f8c86cc5abe992be89d663d3e2bb3af96c5df8ab67223e2aa,false
PT-0745,path_traversal,SecLists,43d12acbb17d031446dc87bd7d92ad0d1963fdbaf144c5d070f08070f5a105bf,false
PT-0746,path_traversal,SecLists,f7da51409002943069a00c6128c0ef4632f94babf49deb02d96621e80d4e4372,false
PT-0747,path_traversal,SecLists,5ec87c3f045e180894325b3c8ca490a9772092d90f350cc55c675dc37fec4f0c,false
PT-0748,path_traversal,SecLists,c41c3a3f10d754324f537af04179bc0367cc72a9f1590db361f03725dfbaf758,false
PT-0749,path_traversal,SecLists,029420c4eb6baa57233d76f6b367d16da5a5fa3bcb07f6215f60c249b5e3c3c5,false
PT-0750,path_traversal,SecLists,eab5ae5ab6951864e41951045f5b75a1447b988a03b1a3058f9395d0af89e6b6,false
PT-0751,path_traversal,SecLists,8272bbde17fad3e4ad01922aa4e050ee40025ac7f74b8aeb706fa874c6ca77cf,false
PT-0752,path_traversal,SecLists,38908808b34af440e9ced17ed66b86867386a78f0527fcf1df30fa57425d10d9,false
PT-0753,path_traversal,SecLists,c1cbf5f1f523aea18f81f9baf4a8ad638ab7c5a35c073b08f69a701cef72c2e0,false
PT-0754,path_traversal,SecLists,7fff0f9c119a36c100f0d2367f3a3f76a9a8de3383088880ef7322f5a6a660dc,false
PT-0755,path_traversal,SecLists,d2e7ee6317904be06e6a5f88c00bb063b5447db1312654a0f5658e87480ae01b,false
PT-0756,path_traversal,SecLists,c258aea264d1fad77069585ff490b92449459e34a9f50c5be4cae386ac90f03c,false
PT-0757,path_traversal,SecLists,4b9c2a80d227f5cc1889eee13c15e3398e4b53671aed374312955516d7f6551f,false
PT-0758,path_traversal,SecLists,5a8e5165076320f0f7aea098e2cc5dc480e185cb0ca85cd6865d800ba14552eb,false
PT-0759,path_traversal,SecLists,2c79b3d8c6ccdb5429a7e494996554feb8c1e054ec6ea8a5696b70f8e2071064,false
PT-0760,path_traversal,SecLists,8ae4cc8b796d99320de663974b5d57730f684e59986706e25b7dae22257d9fd1,false
PT-0761,path_traversal,SecLists,f350890a3823bbb87569a8e532fe9fd92d0447639f25b2af1bf4153b1e71d156,false
PT-0762,path_traversal,SecLists,f960756ee171ebb39a206339bafb23c4f2f614f299bb9566eddbf285c62a3731,false
PT-0763,path_traversal,SecLists,14e1ce1c4f0b02249976a2edd502b96572437f45b489cddda8abf9e314b9d9f5,false
PT-0764,path_traversal,SecLists,540b244d27505f58e586b0805f68280eaf6f3e23e20a08a5093c9f3cb92b034e,false
PT-0765,path_traversal,SecLists,9507923300c693bdefc11b2b2a8a79ad897cc10b3f5e2638d4a8b8753258e74e,false
PT-0766,path_traversal,SecLists,97d7d0fa69e27697e40bdcd1b92cd74aefdf572d221d35afccb91837dfb2f5ad,false
PT-0767,path_traversal,SecLists,bbe363d3e909cc718edc33af43b21f5e56baa00bc1d8444e8fcf672f3aa0c1e6,false
PT-0768,path_traversal,SecLists,0e446f3736990cd10e93591e73637701fa41100813aff675c4bf8db38c40ec08,false
PT-0769,path_traversal,SecLists,35ce9cb4f5ab2f2e4248b9d1b72869ae49ab6b2e783ff1e4ccd7e8324d6ac6fd,false
PT-0770,path_traversal,SecLists,468cc6fcf6ac5d82b0d215cb517a610fbecd3dc24621c1783c15935dd2130eeb,false
PT-0771,path_traversal,SecLists,6cdb22880a6c26b2bcd61ad93bbf63fc14e5e3f110aaa71f48cafc1a818fe3a0,false
PT-0772,path_traversal,SecLists,30e95824a7755624f9d1f781693440f4a31b12e97873ad9be2831bca0c063255,false
PT-0773,path_traversal,SecLists,f264bb6700786a7928a48b757eadef4be73d545a230d5d56fc7ee3bc5f614009,false
PT-0774,path_traversal,SecLists,cbf6c9f4ba08b4d6db5433b6bed0642324163d34e4ffc02f4eed5cd5751231ff,false
PT-0775,path_traversal,SecLists,91f89ed1eb6d9b4e5478692f7c0ad83168d62e1cd494f1a6c8e64efe89bcff39,false
PT-0776,path_traversal,SecLists,5fa2b033a2f9a730491dec309154a0e7a06bb522b9ad6922aabdbca5d3f89ba9,false
PT-0777,path_traversal,SecLists,29529250d4088fd1f1d6c5263824f23fd4673e8178a4ebef6f54184452865310,false
PT-0778,path_traversal,SecLists,4c068123c76001e2304c5ea26c6680f3fba344e885f0c9ed82bda5d34fd92e6f,false
PT-0779,path_traversal,SecLists,4862ed1978943bd81f935e8719d9c805131e478565fc6c4697ebf7b4ab7cd1fa,false
PT-0780,path_traversal,SecLists,6913bcb89fe0ab37729e45e0f760403962fde66a454555496f4d85b731b766cc,false
PT-0781,path_traversal,SecLists,3f8152e540e991a93361b1959c7da12c0ef5841223d4758ff735716cd5dca160,false
PT-0782,path_traversal,SecLists,2e7cf0f257716d0373daf2f5794c33c09df361c3be626043cfa49c4af3d01c51,false
PT-0783,path_traversal,SecLists,43747ad8c85d683f382fe9342602674a715ab700e5557fedbcb8a836bbc5a490,false
PT-0784,path_traversal,SecLists,277b2c030aac12214e409d07134fdece1b57f169ae61b0262c66c2dd26778cc9,false
PT-0785,path_traversal,SecLists,d23f637d162ee69132efb1ad9811f39cea2aa9038030e6583d75719dfa219af5,false
PT-0786,path_traversal,SecLists,c7d86d20f7c6e1c5f64a98a6eedbb5050076a06aa7a2fcbb75cef65eb43ae45b,false
PT-0787,path_traversal,SecLists,41ed8449a93885d8a07be1943263107810bcbf109fb3e5c431ab5012795e2e5c,false
PT-0788,path_traversal,SecLists,a9165b7d09b7ce70df78894e3bbf51f5fb997893fc541d9c235a49f2638e9a6c,false
PT-0789,path_traversal,SecLists,a0f5f638b8202586cc82821ac81e8e1de5302326b8d6d0b8e3b6879b1d308ecc,false
PT-0790,path_traversal,SecLists,53442399b70d4cde1aa49aa05e252a1b122249eb9db4d2628eee6e5b0ae6d54e,false
PT-0791,path_traversal,SecLists,04916020fa7dd48dae8a27fe686780ea7d6efc0ccd42c01bdc18dbf7c5b5fdd6,false
PT-0792,path_traversal,SecLists,d5cac2eb7b3bfac488dfdc9069ba4e1182948a37bb046009edadeb15eef7a573,false
PT-0793,path_traversal,SecLists,dadc7b9abb4a69d5bdacfd24ecffa819f18fc75feb787e62c81598ecc7f5ea5f,false
PT-0794,path_traversal,SecLists,384bc587ca263b22db20bfee918c1d344e6d2cb54fa34e918a7aebc990efbf6c,false
PT-0795,path_traversal,SecLists,746f554bff9502d0a785432f60456f0724b4527dc7d7488bf5012cc4250d2e6f,false
PT-0796,path_traversal,SecLists,c945bb6cf68e657914a3b9285a9c6896941885d8aea5af98fc8eb9960f877b02,false
PT-0797,path_traversal,SecLists,6df257ea6dae38a39306dbe2091a23958bac3044bc7f189112bfe995777bb9a9,false
PT-0798,path_traversal,SecLists,e7b48a3486662382a43b4643329babe418a23e3ab9fab6f0e8f43078c2aa1252,false
PT-0799,path_traversal,SecLists,b0d94542c53e4475a2e6434b705a322f234e0c3361d376692f11fafe599526ef,false
PT-0800,path_traversal,SecLists,0048b4639a5cc00fe8bcb2e2d6b8c8466cdc0662c60f64c20b74014c238dd919,false
PT-0801,path_traversal,SecLists,83f77663027c9d09468150ef4f017776b2a8f85e9b50a84a2c05cc4b70cfecfc,false
PT-0802,path_traversal,SecLists,64d6143fed6e8ab4d2ed90fc8fe52b421c0b6adcbb6eab41a6677236a6083067,false
PT-0803,path_traversal,SecLists,1d2846712a147786146b532cfa4a68a86bae5cb8cd6ddeb486cc624d0114c951,false
PT-0804,path_traversal,SecLists,46ba3ed4e0b5be76e63ab3416a427ae1c06a7a55f78b3d3b52d5325e63ec4948,false
PT-0805,path_traversal,SecLists,b7cac5d89dde801e042c8fde85dd976b7cb67920d62a786400820a96081fb45d,false
PT-0806,path_traversal,SecLists,cff08fc30a5d4d316709bfb3e11b60ca220a86d01b9996921909fc324f5d656a,false
PT-0807,path_traversal,SecLists,bb6b41d2e4f7888c1c4690cfc1fadcac2e5f95cc013a7886d10f5d98a137aaca,false
PT-0808,path_traversal,SecLists,3caef22d65065e3951053cdef157caafb2d63cc75757b78693cb4c1348ea7710,false
PT-0809,path_traversal,SecLists,e2978c146b3b86667b36e4b3c8aa41232b39af07692338c2b16eced78d36819c,false
PT-0810,path_traversal,SecLists,68976ccb2bf6b5c2637b226c398b8cc401eed56b2fd614062d106654f100cc68,false
PT-0811,path_traversal,SecLists,d47ee775751af849f1c3ebcd86c49beb74693fea6fa3aa9a0f08f8b1b0f9d891,false
PT-0812,path_traversal,SecLists,4463c8e0316f2b392bb7d2d1f6d77a9735191bc05374ad5c52c776351f8009aa,false
PT-0813,path_traversal,SecLists,9e5dc9afaf9d4223923e45b284b053617f1a6c2e5d43ec681923bcb893279088,false
PT-0814,path_traversal,SecLists,5cd5ed6d29c74f8419bf931493e968865183183f9bd5c50d8caa887734deb19d,false
PT-0815,path_traversal,SecLists,d426b9456fe1aee28d783b0623229b956c054a3bcc176d07fac23bcf664995e6,false
PT-0816,path_traversal,SecLists,2069049b3302325ced1407f1bee01f0287ceafc72e4c02386d65e2bd74429f54,false
PT-0817,path_traversal,SecLists,077145c5d3cb14dc6bd537b1a4da21006c8f80039638911de737d57237b94406,false
PT-0818,path_traversal,SecLists,386ada8240c4521b08ba53f485ee70cf6a7206c533c0cbb49341e5633ae456f7,false
PT-0819,path_traversal,SecLists,bc103e5e3e00e9de4d4dfd3480c169a9d1c525c8f29d8d098d1e3bd6da4b7198,false
PT-0820,path_traversal,SecLists,82c06c41a10acb922fe3df8abb463404b66b8c6e221e055f05e257f848f671b1,false
PT-0821,path_traversal,SecLists,84740623b24282f50fb3ae304cc7206c670497a62231c49777bc788c583458f6,false
PT-0822,path_traversal,SecLists,b4c37ee902e1a29cfa6f51dfffc3584cac1a801bed1dfb61329bd8c9ec95ff67,false
PT-0823,path_traversal,SecLists,b6d614c58873beefb4e20c37b6b907862a308326670223df6eb966521c3bc198,false
PT-0824,path_traversal,SecLists,d5b6fbb0700192814b4926f36deb181bfaa8be8eddd3b1a1f31c601ee4025da5,false
PT-0825,path_traversal,SecLists,0d629c8fef285532504698d89debe0d973ce690d146db87df44b98232cb0394a,false
PT-0826,path_traversal,SecLists,5005075d4c279f875665ce424e6c11cc738b4de319d488de63a4de9e4af03a65,false
PT-0827,path_traversal,SecLists,df0165a35f19330e1c6e2fd792ca40b5763d03669ab93eae661d709706152a11,false
PT-0828,path_traversal,SecLists,9082d883d7eca5f91787b5f4a73123927842e2cfd22d6a043d95a23cf9626801,false
PT-0829,path_traversal,SecLists,a9f56d17d782c13c442e363c4b7e0cadf07eb87d109f756ca5a5325822290ada,false
PT-0830,path_traversal,SecLists,3540af422d06c2ea46b13beab97dc670373f8a2d3b8572cc5a2a1f7e269faa31,false
PT-0831,path_traversal,SecLists,7643af61a25b6d00b5b72d596f3841a1227a303d1771b5fb93f24c2a9a1b8721,true
PT-0832,path_traversal,SecLists,23a0a4ee60ad12d4e179037e1d98d7c2c8a1106193111dd65219e9b0fa0de173,true
PT-0833,path_traversal,SecLists,8d1f81c6eba150a7c77eb155698e5a5b4a150ec96bed7a2c63bdc98d9892e289,true
PT-0834,path_traversal,SecLists,2e013e4c44b9d581797d98f1122888c36a8b1f941ee73b936bb1f18187c3e399,false
PT-0835,path_traversal,SecLists,4dda5b2f7ab288988c605300d536eb95f6cc26961c9dd11e769ca0ae0801bf48,false
PT-0836,path_traversal,SecLists,36d082582af2e142782e361e66b49c6a7d6e7e65b3bc916075e60f97e4d4239c,false
PT-0837,path_traversal,SecLists,ae32f92b9946befa2c7c2fcbe7cc58f7fb06d0480b2886491535923245f4c03f,true
PT-0838,path_traversal,SecLists,e31ec8e33d72fb8f87b44a24f383c6fc6e52d9b4b85143dcf3db695598779ad1,true
PT-0839,path_traversal,SecLists,8c522e29d53ff4a6ab0414f674e134f71ffa366fd01408a3cdcd1876897d3e74,true
PT-0840,path_traversal,SecLists,c8cfa76a8a70b797441e667f4c6a895f8d5428c9f9a52d54cf3f73f3959b123c,false
PT-0841,path_traversal,SecLists,4f2d5f764892582c85a60c7cc8ed8da3633852d16dcd4032aec36209509036dc,false
PT-0842,path_traversal,SecLists,a240898fabd03a75599e78dbd59667f60482bbaaa80940ed4a928995af7cdad0,false
PT-0843,path_traversal,SecLists,18081cdec2df04373154c85162af920a4ba8ac969fcdf882216f90e84ee5c7d0,false
PT-0844,path_traversal,SecLists,ca90925fccfa61d012042d31ba2716f74c1988e41a084627767d931c96b4e554,false
PT-0845,path_traversal,SecLists,71bedd56538b65a5fd097e0a7201c07ba6f8001e2e7c5ef5a9d339a1d50a4ced,false
PT-0846,path_traversal,SecLists,a2e8028eaad32b6f189cd670b1920dd663fc27be3b0e60ea50d94a52d786032e,false
PT-0847,path_traversal,SecLists,5005075d4c279f875665ce424e6c11cc738b4de319d488de63a4de9e4af03a65,false
PT-0848,path_traversal,SecLists,353494a64f2859a96ec3c70eb7e77c794d0d445c7c0f18c2bff8f2354add35ae,true
PT-0849,path_traversal,SecLists,fdbce2a3e876418f15654b4399d97dc3a0426a287708a842700dcca12bed9bb7,false
PT-0850,path_traversal,SecLists,67f6976a1713739652c26f92cca33c2be22266fd3d883228a68e8b2c789f5ebc,false
PT-0851,path_traversal,SecLists,974d32c1a21310bf6ee64b3f7478a46a0e0011b0ad25163ebb30076a60dac422,false
PT-0852,path_traversal,SecLists,4a0e7db56d7f380e77db3ac984d33a6a589272466b6a7505ca05987ebf6624a0,false
PT-0853,path_traversal,SecLists,0eb5621677683d4a9d9910a99ddcea1f3f5098abff1e51c3dd9070f63fd65258,false
PT-0854,path_traversal,SecLists,9e5333bb0af0f3f438aa12308880bac4e782da80b62945ac86eff37da6f17595,false
PT-0855,path_traversal,SecLists,76ae9dfadccbf1c666c6552abfc205db9449edb5e18d7f9f8e94fe7a2e7cee49,false
PT-0856,path_traversal,SecLists,c763da9f1d30301471778ebd742774f39e6b601bae0bf00a1dc79289ab9439f7,false
PT-0857,path_traversal,SecLists,68ebf9778a50256f013e3e65b6e9d71a23d14c2fe7131c657f6d20e9f4d7d05b,false
PT-0858,path_traversal,SecLists,88f7d27007f638152ea9d99764872f8b05094e2012f564cee13df2ff5d6e8bec,false
PT-0859,path_traversal,SecLists,b47ca8b9861bdff5a84fc99b8beb3240c3b8723f747327bcb515a7151928e716,false
PT-0860,path_traversal,SecLists,4731ad78e0b29634cd3c533d671ad40ff05a3fa0d01130763340278f0f57909c,true
PT-0861,path_traversal,SecLists,f0f7cacf3a8ae26458850f349f7e4c81a58f558c131bd622ca9276e28a4a8327,true
PT-0862,path_traversal,SecLists,670f67a6c4bdf15f367fa48bd160ec3e768382721049fde47b44085c6b33da84,true
PT-0863,path_traversal,SecLists,92dcc21dd845ca06d5aed2846ddb6902887302d02b123752afcc5326867fd056,true
PT-0864,path_traversal,SecLists,7f20be8f34f6b8f4d81b25889660eef2024058c635c74cdadcd16f92683d6b93,true
PT-0865,path_traversal,SecLists,035c28bcd79ec7c658b1cb2a01ab7849ff013fbb9cb7568ae380d4ac1077b1b4,false
PT-0866,path_traversal,SecLists,f00bc60178aff9ed6b9cf2772f2fdacec6502a1244068e20f833e2136c22ec07,false
PT-0867,path_traversal,SecLists,1219d11f8302ccd32e16482bf97fcaa1ffc20f9fe7a55d9809dbe716b51d0238,false
PT-0868,path_traversal,SecLists,d814aa93b47553128e406d760db60b5d0f720b82754f1c3eb8445140e31fb58e,false
PT-0869,path_traversal,SecLists,991d9299a87ddb850daaafde0f6e0b912b6a2d4be997ef7321f666f2ddba5a86,false
PT-0870,path_traversal,SecLists,af8c41aee6bcc6c086a76e34afcd2ff309ce077b4ab550e27c0c153f0990f0b6,false
PT-0871,path_traversal,SecLists,38f77212813d73c310d6467607bd5b6dab34ba261f5cdddea2a786a5f87b6c96,true
PT-0872,path_traversal,SecLists,c91328edd14c5879a593912bf972f4a9beae8eeb51be2ace633ee573228a540f,true
PT-0873,path_traversal,SecLists,1a959289814b4d19f87c114faa1039fbbb8192c29556c8ac4bd5a0e4a546fccb,true
PT-0874,path_traversal,SecLists,646a1d30c64e063a077b3e69669c8f5e55744d395990457efd41fbc8b769e94a,true
PT-0875,path_traversal,SecLists,e529d010653f9aae116054f61222366e6a5904e4a7a41b24ca281992000074eb,true
PT-0876,path_traversal,SecLists,0c27dd0c3427869b6de0a652bfbea3de042a5c6c91ab85041253d4703dbe5ac4,true
PT-0877,path_traversal,SecLists,fa9365f51bece816afc62848b655e8edf2ed35d13c2f6b3464fb0845706a8066,true
PT-0878,path_traversal,SecLists,d22a0bdf943798b58d58cd48e4bc96db1b2d0c470007028289ca7ab87f7f1dac,true
PT-0879,path_traversal,SecLists,34ccdf631fc9f61c520e718eff560f802ab7383566613b320e3939402be9c7c0,true
PT-0880,path_traversal,SecLists,b624d6df793885f9dd961d9005955d3f5884b03afb37ce7fa89fcf2ed2b9d05e,false
PT-0881,path_traversal,SecLists,afbdace734bd3d6949fab8431355fefabdeed3cc90bbef945ce24ac911a89c0a,true
PT-0882,path_traversal,SecLists,9bcd5d748c54630647eaf923a0f07cfa08e1fbd04748a0b932028861f0400114,true
PT-0883,path_traversal,SecLists,830a89b2c21ab5c4d33f6e7b46630a77c29e03e3ee46a55845af98c680bd9e30,true
PT-0884,path_traversal,SecLists,5b281f6d5fa26878e3ea9e614683d749c84f565a6fd78d8f880e0168af3f7e15,true
PT-0885,path_traversal,SecLists,36b113c4b2694838fdced099dfa50c075f6a655c920b9d0fd8d6a5dec5d755b3,true
PT-0886,path_traversal,SecLists,1499adf04c3b2adf4193e55045a549630757c073f4aa4cd5892372881cb3689c,true
PT-0887,path_traversal,SecLists,8a2b242a071ac7c0be9339bfd1dc1817b6ee896a936a1a6cc6e46c1947546837,true
PT-0888,path_traversal,SecLists,b3af8f2cb974af20bae5c3f991b236de76f08d9e7157ea928ef8bd4353e24b1e,true
PT-0889,path_traversal,SecLists,15714236dcf64776849bdc1b06fc9281e989b5ac703c64b3687051aa41ebbdf5,true
PT-0890,path_traversal,SecLists,266398e7d5dfc127b0fc38b64e30db7da32f057512d076f55f4cfd793644c78a,false
PT-0891,path_traversal,SecLists,f35ac01cff35e761a25e11e4aeb2bc600a53855fc85f41096957138232f8b316,false
PT-0892,path_traversal,SecLists,1aa08c6fc5204bc92d176e05c174630e05b373e789028e0e80a2054a5e7307b5,false
PT-0893,path_traversal,SecLists,bd8d6d761d6145a5ab33fbd207fe2e2f66cfbc601b5d23420e3853fd08162b5e,true
PT-0894,path_traversal,SecLists,c75806f2d8a843f23aef166d40424e316c090a75853ca1e0c0e5c7fac6524693,true
PT-0895,path_traversal,SecLists,490d826c27a04486e7d7f1c13de4ceff98cbd270a83e393a023d6056dd3ff1ba,false
PT-0896,path_traversal,SecLists,6ff0ae805081ba7910939f7e6f2fddee497b0be4f4a0b78271cabe43af541114,true
PT-0897,path_traversal,SecLists,4a5b70874ccd5bb4aa94568a40c3f2f0883f5f7349d18f7f30948e90582c9101,false
PT-0898,path_traversal,SecLists,3bfe479f575e8302b55e18da9e1c21a4f00040408a26835bc96f192f41708066,true
PT-0899,path_traversal,SecLists,fb6501783fc4f671d8f9c63bae360f1c566ff870a00e00b4a38bdc460a1c92bb,false
PT-0900,path_traversal,SecLists,692e64d53ee3ef5717f3ace165b4a1f8acaafa3e5968d3084acd53e0ed336e73,true
PT-0901,path_traversal,SecLists,79562bd04a1ba4a11db27fd7617f60dc2b5c84fe04cc3bd3d5d9aa14d9d12af7,false
PT-0902,path_traversal,SecLists,e4f7f5588326c9a635675bc12129f26e30aba568b6cfbe25ef07f6828d590bd1,true
PT-0903,path_traversal,SecLists,cc9cfa71702a4de6776389573b365aa1e30ab2a23d31d2fc6de8b065441feda1,false
PT-0904,path_traversal,SecLists,15fdfd2f8f6ad8346a6d0301a4060d582999388ba7758e8f0313bd4438539f65,true
PT-0905,path_traversal,SecLists,2f8b310bdf481e333ad457ac8693e3bf9f253696ada63f43071a9aab02f7e01c,false
PT-0906,path_traversal,SecLists,a00d6af94c04e93932131bffeda84a4eec6e1167751aaf02d118ef4eff51212a,true
PT-0907,path_traversal,SecLists,1301b89d0ae1163ee131a5445a23ba89d2b3fc90900745f3ab9045d7a6f1216f,false
PT-0908,path_traversal,SecLists,1dce6bc015b94efd098af5788f5f3aacd7f4e608f67c1fd67c06d780a3c0c6f0,true
PT-0909,path_traversal,SecLists,0e5506af20c31fc3afae8471f4e4d444489693583f52560984fcde4ca377c131,false
PT-0910,path_traversal,SecLists,3620332cd995977a25e8f819d171d74ae1eee7048bba5097762faac59e91a9ba,true
PT-0911,path_traversal,SecLists,71f3b88dd13f460e903a7a6a047c392239f11d6f7b33e5976cb6bf46ed2ac205,false
PT-0912,path_traversal,SecLists,ae4fdd46a8fc87da512f0fb0badcaf510d3a0a116da05074762f6d7eef31cacd,true
PT-0913,path_traversal,SecLists,0030d4a1630af8345b83424cfb2407d152ef68e576a71bda84cd6c4946a2433d,false
PT-0914,path_traversal,SecLists,37ee09c4d83ed8b8285972bff08b13a6a9ba2836bea62922e71b20190274c1b3,true
PT-0915,path_traversal,SecLists,4976a3b747b8857fe795a3b6d93a684eaa86332182d51ec555769dee15e87b12,false
PT-0916,path_traversal,SecLists,5028b4dd003833571b55e45143c6fddf6d5fbc10b24a13368dc973545b7a2814,true
PT-0917,path_traversal,SecLists,122aa3866b954ff3b50bcf93e85fe168331b9b6732dd8d56b22127e649958dc4,false
PT-0918,path_traversal,SecLists,d40f4afa3409f7e08050a6ed3e7e9bc5a9b1f4b7765e4b03d8a6573375fe2f7a,true
PT-0919,path_traversal,SecLists,8c8ccbfabb599cd0259fbafe1b869ecfbca825f4e1a8bd01df30af798d821c2f,false
PT-0920,path_traversal,SecLists,a9240a4dececcfe143a82f4479487f85adf7d8d03301cb4546d56d654d3d8b67,true
PT-0921,path_traversal,SecLists,6b0bf2bcabe2f6cf06ce78e49f8e8918f98feade6ae3963b6f6ce1e9a9ae6d35,false
PT-0922,path_traversal,SecLists,250681d09768328e366ac13c80b63fd2abbc9601285938700742174d056a4832,true
PT-0923,path_traversal,SecLists,3d99515691adb1bf7e9874bfcb186dc2a0fcc99caaf04b4be268e3422cf0b813,false
PT-0924,path_traversal,SecLists,f6c9c95f638753ee0d4c01b90d5ebd85be7d702373a84101d4388f66d4d1485d,true
PT-0925,path_traversal,SecLists,d42b0b39218e9902a9ae8a64c1968b2c7f710acced1c803946a5aac34284ba05,false
PT-0926,path_traversal,SecLists,030f9eb324c1a8b97a36ad322596b20cfc653a5c5ef471bd86adf71fe90c4ab5,true
PT-0927,path_traversal,SecLists,0aa86e8522e2f672f68b60029e729f832e20ac84ca609c35a9a803d8dd651c16,false
PT-0928,path_traversal,SecLists,8ce9d5f1d79249039c094ce19c3ed007b45b3716be663365fb2f514d70064d55,true
PT-0929,path_traversal,SecLists,899dd7c50ca76f1ea0bcda64f6ed57f5b09f7ff24a2a4fefea335bdebae23cbf,false
PT-0930,path_traversal,SecLists,a85c8927499758fa741fa1acba743b492a0ccf8ea353f79fd092fff1b71ea641,true
PT-0931,path_traversal,SecLists,6a666bc439b3453318fd3c1571c9c3b039a62d02361b768a16410e82cb62a02c,false
PT-0932,path_traversal,SecLists,d1c72467378d227d01ab6abe6b4f7c75e5b10d5b5f195eb1da5f231f5b9dc1be,true
PT-0933,path_traversal,SecLists,5e3378b5bd25174f6d36afa2e3d115e982993a243d340455321a2f38c93a76d5,false
PT-0934,path_traversal,SecLists,8c9d87b86bc34b4e6a0409d77fa28582f0843a79276b0fba801508fe56e0d987,true
PT-0935,path_traversal,SecLists,49970e3599f4a00776e677fd273f96265252d07d6c134433141625c1e81745d2,false
PT-0936,path_traversal,SecLists,077b510a2e59f74408628bbdffc9ac028390cb5f98d74fdf5e9321300a038ec9,false
PT-0937,path_traversal,SecLists,66b7cd5123e8787c93d3f008b6154fbd1acf95a32448baefa719d3a72c03ebe8,false
PT-0938,path_traversal,SecLists,104e6df5e55b9611827b1e1c95c8a60b0a973a8380de556bcef931802a20d6dc,false
PT-0939,path_traversal,SecLists,6f625001e6d616cd46cd53c776b4c87a71a3795c3e4bc26bc7bca984ab56880c,false
PT-0940,path_traversal,SecLists,2305eff6f97664f1744fedb4a66f2e707cb66586f3b8aa44b57d97db50f74058,false
PT-0941,path_traversal,SecLists,34d386f4f97962e200c1ddb2f1b97b24baad7b5e5166e2faf92bb2ec35ce6945,false
PT-0942,path_traversal,SecLists,12999bd37da0bca56aeadf6dea1675261971f02496da348014e5dfd2c228658b,false
PT-0943,path_traversal,SecLists,b834d39d0a17f4b8d6bb33e3a5b7294a05ea86fcf6b07ee0105732475c8442ae,false
PT-0944,path_traversal,SecLists,142ac55534435621a6778f54496f57f3c3e44094090ac1b8792ec069b21120cc,false
PT-0945,path_traversal,SecLists,c151f19393f8baa2dd3a8319f5ba3af8740485a3e33e6b11f64b9ef9775ec3cb,false
PT-0946,path_traversal,SecLists,d21155994429cbb9ebf803eefa238c337ecf71a18db9de7bb37166d2eb8157ea,false
PT-0947,path_traversal,SecLists,d10436bbc507271fbd2a6bc6b968529be8821b9e02ee24c5696e4f57ce502cda,false
PT-0948,path_traversal,SecLists,a006bd02b89999cf8f33084e45ca732e56a201d46ed055134575c89b4e2fa24d,false
PT-0949,path_traversal,SecLists,a528b78000b4afe78b234e250a4d870ddf88a1670a819895a0a7cdb31a5b1f09,false
PT-0950,path_traversal,SecLists,6f5cee3c90c43e6f77c41b0b834e6d6910515ef3066787a17ae62b12c0aad331,false
PT-0951,path_traversal,SecLists,2fb593de157283c6ca5f9016cca6b3d95fe40900ae7e25a908a0ded98611621d,false
PT-0952,path_traversal,SecLists,70ca8eb80ffbde2088a35c267977e4d41989aa45ae00a98e25da8efbf29459c3,false
PT-0953,path_traversal,SecLists,6f224f448342ae2e9e48cc77ae469e87eab0d08d59da4c24e164eadcff456d16,false
PT-0954,path_traversal,SecLists,ea36c641bfcc7e145003f24af2be0572ab824802e36e9003256881abbedaf18f,false
PT-0955,path_traversal,SecLists,a94330748736525ac1f629afaa6ceafb39ed25f7244a83c6407c290ac13b8f06,false
PT-0956,path_traversal,SecLists,2d25bc0728e272ca862a367455c8b919a2f0cd0e5c7bae4d34e9aa7155ab3f98,false
PT-0957,path_traversal,SecLists,229c0a4c773f5f9eeec1d298c58088eec02970d0957317a818edce038c4c7e1b,false
PT-0958,path_traversal,SecLists,1eaa9374844d23c864c8ee63119697ff383ba4fe885e5272745c9fbf7ab47ab9,false
PT-0959,path_traversal,SecLists,5fa317981ba713f7d39164540951d6bbaaa687571b90afa14e999f3b059087b7,false
PT-0960,path_traversal,SecLists,7377cef59a4fa229f8be8c7faaf4ce10b2da05bd67f96f3be024dd94b7a97f45,false
PT-0961,path_traversal,SecLists,417a06480540df97b74322ef353417216ec2e5b2004ca62a6ccc3e2797ea6022,false
PT-0962,path_traversal,SecLists,6e4e4781cccdf65a8740ed7c2498d8b66a87ec2f6806cbb06ea0a0cef410ce84,false
PT-0963,path_traversal,SecLists,fa944f7ecc6fca55e3b8ab8e3c21b55a9460d3d693d07e3a9a5724fcb51cb1c4,false
PT-0964,path_traversal,SecLists,7cedd4ba646691da0a133647f6b04accb152171f52385f4466529570632086a4,false
PT-0965,path_traversal,SecLists,66a995201be18aa729be5b04b9269a6c15afdfbd2cb37419568ae22cadef08bf,false
PT-0966,path_traversal,SecLists,75abea3aee76dbf0b47f95e4fa29861abdd8de8b9c720f98708834e8dbbe02d7,false
PT-0967,path_traversal,SecLists,699951998b9b22fc1a863997e205203c3c935327d6c67a5185df1e0539b8a5d6,false
PT-0968,path_traversal,SecLists,5b5a342e787154d72eb514c8d6773eff9fb98f64b4a0644ac170891143509261,false
PT-0969,path_traversal,SecLists,fcc651db01192f32ff7dfb32ae05cc764990330997a8db4334406f60ccb94240,false
PT-0970,path_traversal,SecLists,cfbc8ac19d3fa8e04b458b0ef6a70913cf23c74c515d1a4b9fe671f88f790d18,false
PT-0971,path_traversal,SecLists,083ed4218def171cb5a6f2d706b4544e6d31485f7264037dc8d27ef7b0f5e99e,false
PT-0972,path_traversal,SecLists,833cb294004ac6e152ea453ce470bfda7cedbec8e84b73255dbbccbb16914d2c,false
PT-0973,path_traversal,SecLists,fe9d2825cabfcaf04dfb1360f094105e72b03cf08a1a6de14c09ba1d5612a64c,false
PT-0974,path_traversal,SecLists,ece21fab0cfb6a0c6b4dfc71397af4b248989cea428476b1b05415c0e1d08e08,false
PT-0975,path_traversal,SecLists,3d0ecd3ff03c359e0621c00d335147d902d6b4b67ef848e7aceca08228efd59d,false
PT-0976,path_traversal,SecLists,279dc08eed07b1ef2794017ef111605abafc4cc2ca0dc2db2f8049003cf7eb25,false
PT-0977,path_traversal,SecLists,941a96a6486f58f9205ef2bec2d79f668e831d767198ab2098d3dbc4207e8784,false
PT-0978,path_traversal,SecLists,f3985d8f46630e15afdbf8d8512840e86df907c3440077f1574708051da7d678,false
PT-0979,path_traversal,SecLists,43ca51ddf441a95c1cb49ebc4441a399f1e624917ddce119f6d84f90585b323c,false
PT-0980,path_traversal,SecLists,7583b9fff917436fbc42e1c425160f0c1a67694a38e6a653267a73ef04b04558,false
PT-0981,path_traversal,SecLists,c40d3cc265b9b420e1901f709bf26694127fe92c163be3d2619bd340753ca297,false
PT-0982,path_traversal,SecLists,d2145d8bc4ccfe17f4afa5b5ed1013997dbd8cc3126a6cd9708323d6529f79b8,false
PT-0983,path_traversal,SecLists,85d4f1b922a86863128d4445b096e8699b1bf4a3512aba60e0c816ee62ee2f81,false
PT-0984,path_traversal,SecLists,2ab13824cba58028fbbb0edce1b5c9884bcaea7a53dd90ff8284461c33389640,false
PT-0985,path_traversal,SecLists,853d4d8d8fbbd3f15914f83fdbb450fd598d4c69aee2e52ab450950dd9cc26be,false
PT-0986,path_traversal,SecLists,d29f160ba883acae7feaff84a3b5372d75400ab20e0627db8635e024026e3867,false
PT-0987,path_traversal,SecLists,67af401be47c279395f448e853d908a6ab9b29092a641b7c4da317d81c11712a,false
PT-0988,path_traversal,SecLists,02ade5e0a26d66e1db418061dcd59e855154f2e20db708f50fb792a1e73223f1,false
PT-0989,path_traversal,SecLists,8c46760d48cd1429b86f642b928ff0bec92d49fb5ff55aa3ed0ef2c5406a2de3,false
PT-0990,path_traversal,SecLists,8de279c98ad02baff22601489e37cf3541f58c1d43f18a3cf4d44a4fc6fdb3c1,false
PT-0991,path_traversal,SecLists,2fa510b51d927927138ef1b2d1db4029f068d1bc67e780f7a7cebbf1d10133ad,false
PT-0992,path_traversal,SecLists,369ee7bac2b7ab4aa7ae20ce250c29c510421cd526aa9dbcb371d7c5e2795bb0,false
PT-0993,path_traversal,SecLists,8746b238f7380e57ce547a8fcb87a219df6c206e13f56eec005634abdbfaa31e,false
PT-0994,path_traversal,SecLists,5d16f55243d2c503b6897d39342e985f627d0251dfe2bf4854ca77bed3e995ed,false
PT-0995,path_traversal,SecLists,1ea0f3d31b3a66d6efd7a6f194c99fbee3ae2acdf9d9f09022750c4e48ad2694,false
PT-0996,path_traversal,SecLists,343cf8ff6130984513d88a2910baed2d775fc0332b0415493cb569580399b3a9,false
PT-0997,path_traversal,SecLists,c2b5cd86dd1e25f3d807328c993ce330a69bdc343f9a37294afa8b500a270702,false
PT-0998,path_traversal,SecLists,6850863d69d14ee6b8244d111730cc273c07e671adecb4cfc81eb06f53b8a3d5,false
PT-0999,path_traversal,SecLists,22eaa76f04dd30df2a103e02bdefd852b7624dff2d931c5a9868334ed5ee5fda,false
PT-1000,path_traversal,SecLists,479dcad8be6f9ee9b59a8f3251d8c9d127ee034e08af48476c2dacfc72521860,false
PT-1001,path_traversal,SecLists,f739bec426142a341dc83497434f2e133ce753e904b4666f78eac5fa9c03c4de,false
PT-1002,path_traversal,SecLists,0ad09149f0572f6cdaf5a224970ea0d2971fcfbeaac4ace8f9eb22f22c2952cd,false
PT-1003,path_traversal,SecLists,e7e8f88973801240f6d387ce72cb95fc6f7a7f8ec92c52f920b7901b9ec682f5,false
PT-1004,path_traversal,SecLists,19f9a8debc396f280a6f536a2a0a7e16044738eac8a3c29d82a6f7028794935d,false
PT-1005,path_traversal,SecLists,9bc1c38d242f63ed253ab1b4e3fb1eefa151bc6c9f6aeca3f54d570af243a357,false
PT-1006,path_traversal,SecLists,25f89a02f8037c8f4c48a972aa19657b9484da01005ac17d0e48adcf510ff13e,false
PT-1007,path_traversal,SecLists,8def1b28db3edda3c8c987c13f02912dae03a188cec824ad03c701fceeb664b8,false
PT-1008,path_traversal,SecLists,e4ab6b3613d3a9b135a4519ef8a555f30662c6996ee184e21353d5f9cc64c902,false
PT-1009,path_traversal,SecLists,90f376acfeae8feaa84cc75eee54384f2da7b5c98253f5ced50ea54b63c093f6,false
PT-1010,path_traversal,SecLists,811319170a56ea52f00bd482e981607b54b8ca8056f00820d9135acf5ec31ca7,false
PT-1011,path_traversal,SecLists,296a1f37f54d37b339e91d78920d7f8e4731f50d42e54babad52fffbaaf2ba79,false
PT-1012,path_traversal,SecLists,1355060c420b25b102a57d715041bf89390f7259e4f0c5840e20bf4546c8196f,false
PT-1013,path_traversal,SecLists,689cb6d0f41c54fb35b140b55314260e10e2f281c0d176d36ac1f07585497150,false
PT-1014,path_traversal,SecLists,0a72293bc0e627a0955b94f8a8c323900bcaa6a8e62a24ff492d9bab3b15ce25,false
PT-1015,path_traversal,SecLists,4e4eaadb5388225176d5732acf04874a781f29bea9e5f4fd85b0222efc135883,false
PT-1016,path_traversal,SecLists,d1cf2234e4701d0b876d425d7c054893ce9508acfdf1d251fff33266a739c88a,false
PT-1017,path_traversal,SecLists,66916d60ac0fcf2fba001075093a6936e2cfc15e0a83fffbbb0c4851ff042c8b,false
PT-1018,path_traversal,SecLists,8c2db010ad96298ee54dc8c7ce6a5e6f306d41c3512066aee61f67dfa3468448,false
PT-1019,path_traversal,SecLists,d1e19e2a0efa21d5b1b13f3b48360b3f3fc1d7782c632e40f93ae85bf3d179e6,false
PT-1020,path_traversal,SecLists,b7cecd73e9f0aca8e015c17d61eeab2500feaebfecc6b7e3749088bdf5a47b9a,false
PT-1021,path_traversal,SecLists,eb594045b38155a2c67fe149f68e85f3f3ecfa7952d6db0a06ace151fffd72d4,false
PT-1022,path_traversal,SecLists,06a1e0869c8ba5e1645dd5ce4ba5ea17e67a8788a00204f2952675b8d4f838f2,false
PT-1023,path_traversal,SecLists,36a6bc5f7538eff7c28e328b3c298a08648cb406ffed2531f1006f3c314f51c6,false
PT-1024,path_traversal,SecLists,dbed1a8aa596819c6ed5057c6b30a9cf2c2d2cd51ea94b4749343ccfb7bf3e4c,false
PT-1025,path_traversal,SecLists,a4ebe083e7d8006072051f2c724534b4747d1b68b0e7a1f9555042b009c0ee45,false
PT-1026,path_traversal,SecLists,15fe3357cdd967ef2d3266181197a2911e87db1cfe000cf4d5bd2cc990490e41,false
PT-1027,path_traversal,SecLists,a562ad8044ad72ccb8eee872943d4c2c57f3726454390614aa1ce0db46f3e04b,false
PT-1028,path_traversal,SecLists,b2a7c0b61bf5bb5433856d69feae644cfcd65183488abc8fb7bcb1c82fa3eb9e,false
PT-1029,path_traversal,SecLists,6d0748087726fa50a7b2b5bb0209b95ff8db99b9b697dde7d3baeb26129eb36e,false
PT-1030,path_traversal,SecLists,edeff07b9e3f6a0d6721dbf659a4ec41cf71a1fe2122a67075921a054b6bcf4f,false
PT-1031,path_traversal,SecLists,8c8f297ca20223b4a7ea6e48067ba5bfc49501afb1ad5be851ae3d2e0efb36af,false
PT-1032,path_traversal,SecLists,e5393bc1f0f34d2d92cad03878e40e0ec5da4368a290d7919099a8b0a9b4ecf7,false
PT-1033,path_traversal,SecLists,48de53e9152f9aaba5d34f7bb2ae1e89a4f7a570ec575db68731efe94ec98e24,false
PT-1034,path_traversal,SecLists,da07d79056c512a26181641696b62f8df1ee45a93019b44910f77e7a2b03a2da,false
PT-1035,path_traversal,SecLists,786e248616ffce5628865331afbafd1246d5afc6b46a8bea23346fdeea5e9acc,false
PT-1036,path_traversal,SecLists,155b188406b41b9dfa3acd5a92900144e7ad1b4add8396c3c140de8f9420345b,false
PT-1037,path_traversal,SecLists,f02c0ecbbf5bc0b61e3cb9307098f2aba6eae050c5318ea9a3d0ac0e82f472a0,false
PT-1038,path_traversal,SecLists,f23f61144d1c1a65a6b8a5092308a5d69dd3163b29154fcc67d7406c808c93fc,false
PT-1039,path_traversal,SecLists,5abae7d896a2d35348daaf29743ada8e86dd5f6e685fb3b06cae3905f61253bb,false
PT-1040,path_traversal,SecLists,6bf09a1a893b96e5355f159f8d58861846c328dada58b072549e9bdb1a0c3e82,false
PT-1041,path_traversal,SecLists,b798f431747dbe7ea5c42e1808bf090327141c6abf62773277695bd95a810ac7,false
PT-1042,path_traversal,SecLists,42fcc90222a4352b6cf6262728a1436967f078bf2a6ceff042bd0299c7a0a708,false
PT-1043,path_traversal,SecLists,7da1a233b01ce46d0e06456fbbd5730f89d7802aa2892c5e1bb67a8a249096a7,false
PT-1044,path_traversal,SecLists,44db414961bb9099db2bca97017e84c352675813c5b93bcd9e181ee83a0ada38,false
PT-1045,path_traversal,SecLists,8256ff5ef3a763d770717ac219b6a3e2c6eaa96717eb100bc472a3a7f466c1ee,false
PT-1046,path_traversal,SecLists,716bbf5972499aee4f91343150abd0de02d293111df04d890b9afaa276278d28,false
PT-1047,path_traversal,SecLists,620e06013065e65d04552b010b4558081d3e3d99d410250d64312b48506d870b,false
PT-1048,path_traversal,SecLists,3c276b664f5399ce9c6f402593e4c95390bd054bbf8f5a5696788053880fd1c3,false
PT-1049,path_traversal,SecLists,eb7581bb5f90d0c3074ee3dcee8d92a1ced9b8007b4a491013d2be160d840750,false
PT-1050,path_traversal,SecLists,b927753b38ae82ea99fc63ea65a239a42a2cba7a613bbbccdc8ecfd9ce96fb38,false
PT-1051,path_traversal,SecLists,1c826777abc270a2df1177c37c8e183ea6f5d1dced18f282bd6c879b34c0638a,false
PT-1052,path_traversal,SecLists,7a5e95d23a6d134906110165e93d61309217c2011df289600ed7cbc32730c078,false
PT-1053,path_traversal,SecLists,c09fe49bf5bede1674a3a0c05088683d75719e6a43c1a78fca1a83d91a956608,false
PT-1054,path_traversal,SecLists,902dedb12133cce8667982c9ec3a24a9e317c3fe47069d5cf5740e8a2e9db8fa,false
PT-1055,path_traversal,SecLists,1dc80286add447fe18f55edfe1229e2f1d2e7f475889058addf7665594a133c9,false
PT-1056,path_traversal,SecLists,d402e0fd7eb9e390e275784aef5af29c57c5647b8f5bf0ab153ab60a769e6ae5,false
PT-1057,path_traversal,SecLists,711e68241b1cce511d1ac332e01892d38eb49a23fe1ec0487c2e7c754c03b93f,false
PT-1058,path_traversal,SecLists,e36244d53ca4e6ff7a73b2e9201cf904f147684b3939f54cd6a03f5b55a28a08,false
PT-1059,path_traversal,SecLists,baeac44b820fda50d6b60bbf5635e8e0ee1cb680026d114f3a9a9841953a50e4,false
PT-1060,path_traversal,SecLists,e59c5feb2109a8d556568f3551078cead5334ceef4e7920db1085f1df3268c94,false
PT-1061,path_traversal,SecLists,dab340bad3c974726b6e6f92792f30f2373d4db0c48a41beea2fd9a39cbdddc6,false
PT-1062,path_traversal,SecLists,5117ce10c6abec38bffee8bc31abc05cd5faf8167607c9ef33bb9654c1d8c97a,false
PT-1063,path_traversal,SecLists,634c90abc2f7bb6c61035ae7bf1f0b9682b553216ed931c01b07bae09c654fac,false
PT-1064,path_traversal,SecLists,211f66384483866f07fcd39d25dfa4104db1b5858c5862b92f29e66e20f4c6e7,false
PT-1065,path_traversal,SecLists,7f58d60ea2c65adff7ac637ef92e2fa71a0387856f10874f3db1113a987d31d7,false
PT-1066,path_traversal,SecLists,be5ae6e8b3c2d94e3741dbfd2028e7c29ef3da69fa103612a9debe85b954dc04,false
PT-1067,path_traversal,SecLists,657633cd66c637a7b557b7d6e0f185cfc7a69722d5a648dc2a2ca58306f39226,false
PT-1068,path_traversal,SecLists,0d4d57f125162f41783ca437055252d6ab592f8bddf372e7e5e6ad48f1d2644b,false
PT-1069,path_traversal,SecLists,f2ce2596daf664ec8a788b2a8b2b693a31ca1bd51f7f9705137b059fe47e20de,false
PT-1070,path_traversal,SecLists,5366e187ceeb64e3abe80c5bbc4a4fca1dea52877553a2e5ad58cc0c35705ef2,false
PT-1071,path_traversal,SecLists,8cde8fcec5302d98e319e09ca1802ae771ca73ad5becd19cce4cb89b7fa4a3b4,false
PT-1072,path_traversal,SecLists,043d4f44554a5afe9b17aed8f5c609f98f426dc635f07acfd46ee940d3ef29b7,false
PT-1073,path_traversal,SecLists,8f14e960ecd19c936c93ec35a3dc3675225f784dded47481317363bc60ebabb6,false
PT-1074,path_traversal,SecLists,6e32595ae8b4a42e7244a14d3b5da53d39d0b8f503c8eb21fa3623a86068cd6a,false
PT-1075,path_traversal,SecLists,7760d24e2e3d613aa31fe33e56e386f556ffc42163916fada3d8d186ba56ac9b,false
PT-1076,path_traversal,SecLists,722ad387cfff14302d3a156be66a22b4b07e7ab61582a944cc9c34ad188cf6c1,false
PT-1077,path_traversal,SecLists,6d34bdbfbae65646bfd8f31f24c409bfcbc9c454f935cf17bc36562853f59ebe,false
PT-1078,path_traversal,SecLists,d4a2c2136481f206fb62c576b15933ee4667da29c6faab0b34989116d2e7d388,false
PT-1079,path_traversal,SecLists,1a0c4c0a756796ee1bb7e543337c521d10bda1113f8da68f3ee95aed119748cb,false
PT-1080,path_traversal,SecLists,0eaefe687ee2dbbdbdf51d7bacb9247cdddb07741a17e2b9d3e868cdb9040b08,false
PT-1081,path_traversal,SecLists,fd7b9265c62da5049eaaa2ca567c58ac4b41ac3a6bd6cc0cfb35c07cb8557a43,false
PT-1082,path_traversal,SecLists,54145bc8faf056e29ea88c74c2ad1d4e4645efcc65fb01972fdfb7fccaf331d1,false
PT-1083,path_traversal,SecLists,9f250aa78329a8f8bd54b63aaff6de6638dd857187465dd6f5a46a4d29d48341,false
PT-1084,path_traversal,SecLists,6642d208a74d94d3eb74ae21cef4bb53bde7708e86131c18c8652490ec680b93,false
PT-1085,path_traversal,SecLists,ee5f88871b2fbf24e90154f3ba752f54e0ce4619e664b0dad246b7be3f500a62,false
PT-1086,path_traversal,SecLists,9c212776701ffa164aa602181c3f4710b8c3d0c946524fab841eef30a295c835,false
PT-1087,path_traversal,SecLists,6e1df3afb9ff199a506969485f21c275024d17c273b859d842cac4db22c528d5,false
PT-1088,path_traversal,SecLists,e0248fec31927181deb0f7e4638202ad3fba7b5def80528e8d08e2d2b23066d6,false
PT-1089,path_traversal,SecLists,e4bcde9b724284c777c588ea1145ceb36ada97e82655335674e6f404fe501256,false
PT-1090,path_traversal,SecLists,1408b7db6b294d0fc5c3315ed2a759724cc06966a18d6dd478637f2994efea53,false
PT-1091,path_traversal,SecLists,79fe670af8596a81d9a0aebb7bc02fb3be3049297402e4d028f1101acbb322c9,false
PT-1092,path_traversal,SecLists,5b30cfcac9a6c524d575fa280dffce0dd2e683b88b2b66357b223000c132b777,false
PT-1093,path_traversal,SecLists,683d0f2250a14201cd3817d4e8949b97745fcaa1e535628c3300524945fec421,false
PT-1094,path_traversal,SecLists,9cbd13289338f950f03e026bb77fa0ddbe561de624d1e4c22979c6dc4bda7d50,false
PT-1095,path_traversal,SecLists,fe099fd537955906e6847a585f83ea6064a5333e5cfbc87e6a6d410d5b1a4468,false
PT-1096,path_traversal,SecLists,d901e42181f5cb84692b2562292b0eaaa4aa2e88a3f7400b0bee6a2a4df9f632,false
PT-1097,path_traversal,SecLists,c059d8c0a1fc76342ed4662815d35263dfe1f3f3b44c2e609f1b3a01f99c62ae,false
PT-1098,path_traversal,SecLists,95e2a238525ab59f698b3f1bca8b9bcfcc426f1d1e2eef4e5cf6de96f24cd5d5,false
PT-1099,path_traversal,SecLists,0003ac55568659f443792fffc75e4ef1c8bfdf0e5f9c176e3c2fae29a291b044,false
PT-1100,path_traversal,SecLists,47caebc8049dd142b14d53095e0eb417d5f906a497348307fd6804569e8d07a5,false
PT-1101,path_traversal,SecLists,60f3bc9d7ed1b94df417f6d0e9f42664c37273566c1427547b82e4c7c7267d3d,false
PT-1102,path_traversal,SecLists,8e1016274944acdf2f841743aeb65e34447ba58626fb941724d55703d9abdd80,false
PT-1103,path_traversal,SecLists,1701b5d52c930a6bdaef7cf996bbcdc528931afd06b992c0eb46ce53c6a50b14,false
PT-1104,path_traversal,SecLists,2abcfb5ea3ec73ff372b8ac3f6b55bd1c3ec3a16e033469b04a02323e3ee67c8,false
PT-1105,path_traversal,SecLists,04e33b3f0926edde0bd82df9744268afba18725ef9f327f6e362c98c01829d97,false
PT-1106,path_traversal,SecLists,9bae212ea1f21a3cc7c94bc08397dd89e42261fb328d7e647db218edc5acb5c4,false
PT-1107,path_traversal,SecLists,c285a9f8c5f0a9393c2fc37c79e80aeb4df9c905aa0a5468ac7ed02572589261,false
PT-1108,path_traversal,SecLists,e33937e079630119e21566187dcc36970a2ffa17c496d30531fe424183fa68e8,false
PT-1109,path_traversal,SecLists,0c3d0ce4bb6c1e37a4317fd6e091eb01e0c6f0310bc128a4838f6cf88cb0bf8c,false
PT-1110,path_traversal,SecLists,352aef0b777ea9582b511c23291acf58350aa9d91d09c11bd6d6b78030e1ea85,false
PT-1111,path_traversal,SecLists,234cf548ae10b15ae16fa84fdfc25cb4f8e4c0cde83f079b0e30e9768cc92068,false
PT-1112,path_traversal,SecLists,ca50272a8916418e95239fdde13d02a6f7d39418937fa01160036eb7106fd97c,false
PT-1113,path_traversal,SecLists,5f2e0e9abe9cd00244ebf5d91e386142e93fbe652a605537333ed427f0579cb2,false
PT-1114,path_traversal,SecLists,af2a0266d79f82ad2363f23d7ae23c3b819075c5eca813f7dc430f3e29501ea8,false
PT-1115,path_traversal,SecLists,e9ef2ecc4713172d2d080cb3746afe49185b87b3fa31d44b3e4facc0cc93da90,false
PT-1116,path_traversal,SecLists,d660f206dc957c3095a10d825dad3fc205175c55bef6d8789c3c0ae2090e8444,false
PT-1117,path_traversal,SecLists,a42629617a16e4fea0486435eb0d4924ee109613684cf5c5e6674fc6a65370d9,false
PT-1118,path_traversal,SecLists,fd92e12b6eea6d95dce8efb5b09ebb71b10fcc36df79f058b45dfff9871a25b2,false
PT-1119,path_traversal,SecLists,19143f162b9707303ad915669dae12ae2cd9963bd4b902ca0c04236f9650aab7,false
PT-1120,path_traversal,SecLists,3d5a599b8d42d750f056a071fa8c20ec422e8bdbe4d2e44a6a860da067e2065f,true
PT-1121,path_traversal,SecLists,2b3b172920fcd8d45f8ea10598dbbd1ec79785eb3fa3fafbf7dd189ec0fafdc6,false
PT-1122,path_traversal,SecLists,e6e8ffdb9e1e9265229140f5afb85bc2455ace4650ccfd098c9b3b0184b78799,false
PT-1123,path_traversal,SecLists,ad49f7f3a58e23e6d04049b264a091d72dc2b767053c412966f21b368736fa21,false
PT-1124,path_traversal,SecLists,c0c02b05c540fb071571c47f7978027be9765b410d7cd33befe1d538052d6f69,false
PT-1125,path_traversal,SecLists,7f7544f1475d8603508f336ebf179075437eceeb488ab7f9b4ce093eb6cc63ad,false
PT-1126,path_traversal,SecLists,b2bfc1ac820e2745bce1728b1cb02f869bbce42d826bfe27ec9b09a8e343975b,false
PT-1127,path_traversal,SecLists,1bedf5a3da22a32aa92375442dd09a838486bf0e02dc4426bd7f3a866dcfd02b,false
PT-1128,path_traversal,SecLists,806651137ac8e245855f3462c190aa04c315e6bf3c6be5be1210a4244c680d58,false
PT-1129,path_traversal,SecLists,b173df68dc37eb4fb3718f5a62e13c1545c5231476bf0dfbb35770c9e601d822,false
PT-1130,path_traversal,SecLists,b807edf2ffca91e827891e6e6179ae8972e3075111b65f87178a12edc9dd39dd,false
PT-1131,path_traversal,SecLists,04e753dafc1627e9c65a18f75474a0a6c74f1dc22b99281c1d7b641a17e052f1,false
PT-1132,path_traversal,SecLists,84de590c83febf0f760c9d38abac62e31196831ace1828fe23cd6959655588ba,false
PT-1133,path_traversal,SecLists,77fe2f9bb056d11cea694b0cc48e98fb26258c47c457c9219d9aa2e1d8aeff3a,false
PT-1134,path_traversal,SecLists,0f7bdc0e97193d1c6e0fad5b5bec0469d5204272e69b8a0641d98b8dc35a5a04,false
PT-1135,path_traversal,SecLists,445b6c63de02a1d73eaa9db9ef29bbd0ce47e9c55d550f7e819647cab2d5b2c1,false
PT-1136,path_traversal,SecLists,e956505cfa99427f705f5bee6de0802647f375618637b97ce20fe69ff0e3246c,false
PT-1137,path_traversal,SecLists,630ca767cd0dcc507d172cdd747d2e81b358aa8d65cba5e0418a6a5069ba8cdd,false
PT-1138,path_traversal,SecLists,c6e41b81b12db3f2216e49d7fbd8b0953e155179b8d877cec48212e061b0223d,false
PT-1139,path_traversal,SecLists,fca04ea3b86a432300ea61211007e5fedc6c1ed9cf99d0ec347e9bbbea2d9efd,false
PT-1140,path_traversal,SecLists,16fca6a616f9453890ae7ab88b3ec2402945131b56062334ba3ad0ef91134cb6,false
PT-1141,path_traversal,SecLists,533edf3be8667060f1fc390b325cb4f69c25de29666588c77ce7eef5a6006395,false
PT-1142,path_traversal,SecLists,28294bf88d958d0e1dbd2cc0f0510e227fff0d4df9d15a38078c1198fcf1095b,false
PT-1143,path_traversal,SecLists,f9993919a5c4a875f069df418fb1dfa475c0eaca56d23173427b309213c181e0,false
PT-1144,path_traversal,SecLists,766e725ae4cc6c909c9669466590777615f88d17e356c086f1bb9a884dbb7f3f,false
PT-1145,path_traversal,SecLists,3dd34781f3680b984114d7afd143ddd9fc66c5b7c3b6d76daa423e65c4904f7b,false
PT-1146,path_traversal,SecLists,0fd752e23d066c3371d57ef0c416596dca93c3f955cdd888491f09d3f8a53a94,false
PT-1147,path_traversal,SecLists,db7b4ba05f31b11032219005c771deb96732ad4e19e6dcb8af220cb220b3bc48,false
PT-1148,path_traversal,SecLists,ed548e81b1b91408a9b70985b4977eb9a3a49230da81ace95c859e7e3523c67c,false
PT-1149,path_traversal,SecLists,9d6476e38b73149500631d89eab60218093795085cdeae9c4a7da410b56892c1,false
PT-1150,path_traversal,SecLists,4414bb2b04cae20b8bb22d0e22c0d60534202bef3d31652a616231cef75bd5ea,false
PT-1151,path_traversal,SecLists,48c75b8466fd230778eac43ff88c35143846c18d7a0d9f2f3ceaaf14a1995376,false
PT-1152,path_traversal,SecLists,e3d78c278e2f58be72a27f3f4eedbc276598bc60aacc15e229b74515a80ade04,false
PT-1153,path_traversal,SecLists,6892871e3608f375ba4c3bae92e835422cef543a4cc86efd57788ec7d27875ad,false
PT-1154,path_traversal,SecLists,75ed839d316cc4e75aca896e7089a0bee334f834b0a87c3ad918371629de1214,false
PT-1155,path_traversal,SecLists,ba8410d22d31370d8615fc758825fb3eadb31ea787fac8d329691bf7368ebd14,false
PT-1156,path_traversal,SecLists,db95a2a4ebdec69c8a4427377c066b52721ad02100f3f06505187b7555ecff6f,false
PT-1157,path_traversal,SecLists,1a178eeac1d0bbef6834501d37cebdbc5a015d5ae086758e485777f1980e525f,false
PT-1158,path_traversal,SecLists,0a614e540cf8584599764ffdccde448e7d1364821cbdc143ecc0c1deaed0e2aa,false
PT-1159,path_traversal,SecLists,111cfb638f65f911a5fd50a642e73a03e81a96126c86cac8b5b9ca62485696f9,false
PT-1160,path_traversal,SecLists,f1646062e251f11b648fc2b2551038e8f39768a1d65270918fb479768e9ab6ba,false
PT-1161,path_traversal,SecLists,a4a9d6f436668da10270e9e55cc2f5c349e37776e0b4a94b51c57d3c8b57bbb7,false
PT-1162,path_traversal,SecLists,87e4676da34443a4a31726b3c7ccdeac5e03df2ec68ea93363d3e4c4fbb010dd,false
PT-1163,path_traversal,SecLists,d804113275fe850cead790ba6af2b0149e9376fd49e2fb0ecc435f1cad411b9b,false
PT-1164,path_traversal,SecLists,11409f9e33f220efb3e3a1b2ff1ec471e5f9ed35a8a8f43d0225be4fdcc8dc52,false
PT-1165,path_traversal,SecLists,fbb5067d32ef66396d1b859f949100ab4dc7fa3aca9811974a686810a4b4b8e1,false
PT-1166,path_traversal,SecLists,f0dcc69568b312387b577312c3131335030ffb129b2647b23e8f72a45fdb4642,false
PT-1167,path_traversal,SecLists,997e417564eeb15b212cbe5b2f61e13103fb85b73f7305d659f93e268aa3161e,false
PT-1168,path_traversal,SecLists,dc7d9c3ae04188f8e4ef4acdb9154e06ef9c5b0a077f42b21adbd9b7c5a7609f,false
PT-1169,path_traversal,SecLists,6f11e2df486ee0e2c0244bc29fb39f1774a53b5b6ee757eba2fe2562477ed26d,false
PT-1170,path_traversal,SecLists,cb52f0486f419cb02cf8db538c4ed8603a216c5b02f9780d100ac98692967eb6,false
PT-1171,path_traversal,SecLists,e24945037d57c712c06d71edd83bd4d5bab5593fb7328087e9126d45a3ee414b,false
PT-1172,path_traversal,SecLists,eb59ae3766c364740866187c58c976d5e56fa01195f3402cdfb822b6152cf2d2,false
PT-1173,path_traversal,SecLists,ec601a6b204cf3943edb7550877dfc1b00f03090c3d4a53beb80425c92bc73b5,false
PT-1174,path_traversal,SecLists,aab0675e5da434b6c16ea2ba84fb9e444bb63673776550a749e9fd6f80fc9378,false
PT-1175,path_traversal,SecLists,a1de5aee6922d59ab2131aff5bd096d8dfd7df748720634f0aa68952ab212893,false
PT-1176,path_traversal,SecLists,efc1e68916f71cb018d2568a529d3acd3d7f8c9714cd3ad1d32756657b5b1b6e,false
PT-1177,path_traversal,SecLists,77c13e6ea1c5d9bdbe23455a92ed58d3282787c3d09970b26ac4aca788fae68b,false
PT-1178,path_traversal,SecLists,e3954491b553a5449475156f4391322e60af60d573d622cc3ddf05d04d096c67,false
PT-1179,path_traversal,SecLists,db8d7ed7f421bb785d8a9b831a24a3d1bd9a48569ebe71255d25ffc4b796a09c,false
PT-1180,path_traversal,SecLists,bd45cf4a26ef8395763e08e3cecedd87e45bdf0d409cbf767e728db3341680e8,false
PT-1181,path_traversal,SecLists,fa1de4799645bb37353c0e622c93a85ede34e6d1ae8ccb3e7a10c4619fde71e2,false
PT-1182,path_traversal,SecLists,f2c05e6165dc142460e56f0ea0c0b7a50cf44f0bed0b7a5d7f692365a58cbd3e,false
PT-1183,path_traversal,SecLists,30f7ff8fa9f6d04a1c2770c50e7937760e2a6f3d07ac2613c6006155a7fe01c5,false
PT-1184,path_traversal,SecLists,efd1c2210d9eeaeaffd3388ea85fe42f114b5c4253914eeac044b455ee0bc687,false
PT-1185,path_traversal,SecLists,bfc82010613fa13303f56b052c0f3a3b26ab51b402c5bf4edd75b8cdd08d6589,false
PT-1186,path_traversal,SecLists,00e9192e62aa323a5b01639eb211f0b56cf0c511be906dc4c1ef140b6a8c15ae,false
PT-1187,path_traversal,SecLists,f61844f737df0fd7df558690aed90aa9dded32a6b5d0808009cee499d2bb6751,false
PT-1188,path_traversal,SecLists,cebb287d61b24fc426195f3635db91317d9c85949bdf7a642922c6f21f6af472,false
PT-1189,path_traversal,SecLists,5b7830cff94c65b77b3a7c5e0469577046c42747aeacad1ffe4377cc28d45855,false
PT-1190,path_traversal,SecLists,be5a37715b8203c39cab2e785179688ee3bbc66b373648ff32cb8f70171284a1,false
PT-1191,path_traversal,SecLists,0e6b63827c0ad40d7e1f1d9a50f8eaa770ab2aa207c6f48e7876e3763bec2bb1,false
PT-1192,path_traversal,SecLists,f1b8d38040a4e08b2b983d2bc340c6d2944c12c384aedb0a458ca97f4fef66c6,false
PT-1193,path_traversal,SecLists,a7469ca4ff8d88517a84581b1277efb790831011f2b4c0598248d0f5eaabca70,false
PT-1194,path_traversal,SecLists,9f4f17ac1703dd4d795ed12cfad1e17fbd6e6f63a2d2984caeb40f8af74f5952,false
PT-1195,path_traversal,SecLists,292805be0d0c8711f3ca21935eaafbe5a9377f1f806865a0f2faec89e711ede6,false
PT-1196,path_traversal,SecLists,cfd086c7ba5a089b93339e5f4f91647b2d87e05001f0dd910a95b6a46800e8d5,false
PT-1197,path_traversal,SecLists,9174d36787f4deb59a608aee86edb459ae786c8bd647ff3fabf55e8217d930d6,false
PT-1198,path_traversal,SecLists,b516e56244904d823eb2c8cad90df1a2c340b35fcbeef4772d2143134ca81110,false
PT-1199,path_traversal,SecLists,86b53ea017d815877be30e1202cb1d469cecd19dd316952e4f005b10accb10ce,false
PT-1200,path_traversal,SecLists,b501e9f3cd49e001a51ed8cd5e173e32b32b1f1145f2b8955867c8c33d28737c,false
PT-1201,path_traversal,SecLists,8ade300dc41802a05f38136064deeefecfe757233d7a1c543937d58a66c5e4a5,false
PT-1202,path_traversal,SecLists,7a5e68ddbd0c15d6268f8ea97f2d22c4a6e555c3e68815c9f74c5b48c2a1016e,false
PT-1203,path_traversal,SecLists,fb857dbb7f06f9ec59d415610f16e209b1961e0765506986978d95bb07759d58,false
PT-1204,path_traversal,SecLists,710af21f9323cf9faf6028e859a4a163504807f59aa2d42715be833069cffbe8,false
PT-1205,path_traversal,SecLists,cfd6689797364e584b2a01e23b77e2d53ed3dbb68be2314b7981be6430056c91,false
PT-1206,path_traversal,SecLists,fe067c51220e3ed85230bf33595e9d15828c48acabc0f7d32a75708dfecc234f,false
PT-1207,path_traversal,SecLists,bf1b48b5c82038336fa24f79e87885734884dfb1b57f6e18a7e53d8824048b7f,false
PT-1208,path_traversal,SecLists,ebf211db968af52552aa99c772b2983f78d62369e8badfd156a60d6e7d747dfd,false
PT-1209,path_traversal,SecLists,b6907eb36e22cff56cbed0954f0dc1f52948fc368db1f19bcdeb16abc487c5ec,false
PT-1210,path_traversal,SecLists,d8f599b084216278b196a3441d98c7a9a034f5311702bc9ab905017754e7da81,false
PT-1211,path_traversal,SecLists,3d51a7b445bc35f0518541e4e2114e82be5f61fa6a320675278ce7fd7eed5ff2,false
PT-1212,path_traversal,SecLists,1e771dc10fbdb521f7c9927da6e43e6a2689f7abedd1c1a8027d064d413bbbcc,false
PT-1213,path_traversal,SecLists,90c6554c1adbc950c095f9331f6a709ad7d4f5a9c2e322d45068d0fe1d725555,false
PT-1214,path_traversal,SecLists,6c1869a39b734a97b1af53d4302aab0f69608b7bf1fd313867a23073670620a7,false
PT-1215,path_traversal,SecLists,5360d89b3388227e022c30f3492487daebc96d3a8f6805bb00e3636930ef5253,false
PT-1216,path_traversal,SecLists,24b0a4d79d4c217607e557d85eed1a7912882e792d0bf2c8916dd6321cf1adb1,false
PT-1217,path_traversal,SecLists,2abc44076d62ba6633a48087750964e02ff8c74ccee8bbf98419a13a048d1d43,false
PT-1218,path_traversal,SecLists,eaf401a1d3802ded8c932557277c215529da7c108e6e7da88ea71804275dbf8c,false
PT-1219,path_traversal,SecLists,88b5d144b826332dabadc567212145da0e8309779d2dcf7199d515b4bc29ee74,false
PT-1220,path_traversal,SecLists,a6612fdd8d8c19022308c9ad3caf87ed5e49878138c3b9d14086298bd8c6ebbe,false
PT-1221,path_traversal,SecLists,0d4c2610e1d07963033fb42cd7b340d7ce97dc3a5aa380df65c926fa2c77ef88,false
PT-1222,path_traversal,SecLists,90033ac2d66caf7b0c6593c642a3bcd86bcb3935f66368129d80c5000708b3e0,false
PT-1223,path_traversal,SecLists,fe3abc650ea0cd0fd0dbf13b408eca1d48f3bfce86af2a66ea1583d4a3c7e22a,false
PT-1224,path_traversal,SecLists,7800235ef83ee1493b01e89b9fb6d7721fc40d698b64c94827a87e70d237de8c,false
PT-1225,path_traversal,SecLists,ba15c8bcdba06820a46aa156c649b543a3fd5b9fe52ed88c4dbf580e6db93371,false
PT-1226,path_traversal,SecLists,8b47de42fed7f0af267c51acf686cc78eca9949fb8ae262462ae565cd7e6eb41,false
PT-1227,path_traversal,SecLists,752cbae0d74acb921a8243d25c1ef225414d98bf6d95814ec6a8971922e19e29,false
PT-1228,path_traversal,SecLists,e6a550aa6e6dfe4b104e78d8f96350e9547b8ab755c5a465572d74b136cbfa61,false
PT-1229,path_traversal,SecLists,4178a1ae53b65636f777ae9c0db2bf2af97084044995973931be008c3160ea73,false
PT-1230,path_traversal,SecLists,e6e9c0521e97488e792807a59df1651b7228ab71bba191d6dc9a242f41ca05c4,false
PT-1231,path_traversal,SecLists,3753830751c40f237a266b9033eb854ca15ef60f0947c2e34347df63887fe0fa,false
PT-1232,path_traversal,SecLists,248369c7bde169520ae76e37bae18bcc6c68193227d08bdd7d894c93fc4a5b40,false
PT-1233,path_traversal,SecLists,a04c7725ab306e7226f8fa2441c3b8160f45035f1d3f54c6146b102475cdc9e6,false
PT-1234,path_traversal,SecLists,5c850766accd7fe7b84b4b252e2bd0cb60c84a97546cfcab1f292de31fb3164a,false
PT-1235,path_traversal,SecLists,a88ab5f23c620a642c21517c924bcf4453367389ccf82ea4d2cefd2cfdf00163,false
PT-1236,path_traversal,SecLists,62250ea5793f5547ef9a7362a30850354b389208d858434a439051bc97eb8a94,false
PT-1237,path_traversal,SecLists,6645d52bc6291df13f8dd52badfdaecf94b8283688e2a914c32a788fc505f2d1,false
PT-1238,path_traversal,SecLists,64781af629c8e2288f11589487164b003f998802d0358d02dc86308a4cbcaf2e,false
PT-1239,path_traversal,SecLists,3085ee1e2acdbbd05abade542006fb39075cacece1727db00dab56edbbd54c2a,false
PT-1240,path_traversal,SecLists,9619bd267e774668bc53a2f09eaf947abd4b9268dd3e0bb0a99069959c499291,false
PT-1241,path_traversal,SecLists,54f436f78440b9d15827d686520b53f4d8eab58d21824d2b970c1a0266400799,false
PT-1242,path_traversal,SecLists,261dcc89d10bb517c188c2a8d3b7cb546f3ec313d3e3dc9b89c06ccb005683f0,false
PT-1243,path_traversal,SecLists,604a571ada0a7be840c1662d19c05b4e3ae85f3ae2d3125d248dc67f37028b8a,false
PT-1244,path_traversal,SecLists,511beb2241c05ba6692892977e5d0f161174fe003823aedb89701ba6e2b1fa4e,false
PT-1245,path_traversal,SecLists,07c350bfac33bd5e26fe498dc8035f9676e2a0a1f3074ae4a2c6de5845e627fb,false
PT-1246,path_traversal,SecLists,e5ae40eebf66d05433740e4ed73924d66e4f0f01659d527b7904edbc113a97b1,false
PT-1247,path_traversal,SecLists,901fb5ea4b99f499b3eec3e4d76d2fb06efb9cc528046062dce167808715c7ad,false
PT-1248,path_traversal,SecLists,4738c49a3841b10accf34046d8b12a3b98b9974cf13ee5b607aab1370817724a,false
PT-1249,path_traversal,SecLists,76beac9e164c34f52ee71b06e5f37f06f068cf43cd1f4e02a0212d8242aa2c83,false
PT-1250,path_traversal,SecLists,f6d656f98decf8143670f669062b95460837e5548f76a8ccb536c2f22fdf2bcc,false
PT-1251,path_traversal,SecLists,4083afbc3a69b1fc0566923caea850b68803645ce3bb3c8ec4b0464185a042ed,false
PT-1252,path_traversal,SecLists,e573d31ee404d25ee81f5aa7019f183a3d2afe1c105fe2bcb545117310a52dea,false
PT-1253,path_traversal,SecLists,9fdfec110e6ec7fd80be47f5102a623cbc82428de0bb2f0e32f392949de786dc,false
PT-1254,path_traversal,SecLists,41ee0ee4a8524f18d290ea2b2571f9e50f1d444f5fa3595d61971b5c14fd1feb,false
PT-1255,path_traversal,SecLists,4bfbea6afd338a13be375d7dcf98060e309d5b38ffe22ed691a1ebc902fa24ac,false
PT-1256,path_traversal,SecLists,abc0e31f7cf18f0a8b214516ce3083d16785b4b8846792b52f3c425d895be0e4,false
PT-1257,path_traversal,SecLists,b492fd4a234cec1f23bd7a8f220c8b4e083765285ee36b1fe0a851752d44873d,false
PT-1258,path_traversal,SecLists,0fbacdca51685b3e5a132462a9e7077ed8d2a8caa1083314877ea34dc8ad6547,false
PT-1259,path_traversal,SecLists,575f4b30671634f92535bb36b3679dcb491700a9282920c99b80c5279a818483,false
PT-1260,path_traversal,SecLists,7bba0669c6b9b43ae53197d877790928ab7d8a4712928e508f53c26a6b039ca3,false
PT-1261,path_traversal,SecLists,02d9fc4f22b9f090b0147e2e9970590e0e3859ed4aca884c0254e5babeb84836,false
PT-1262,path_traversal,SecLists,72ed27e552b9d1e2c96e0bd8ef0367705dde1c78734932374a39f4460399f670,false
PT-1263,path_traversal,SecLists,8c5a45c449153a0efd3cd93e1415ec115e0c884468d6f96383f40ee10df1ba90,false
PT-1264,path_traversal,SecLists,b1026567a6051776d59b40b28f45593c11790385742452de52d2f0c2cfed2233,false
PT-1265,path_traversal,SecLists,6c14a657abbc4c7412b81c6c21dbe17b256f3ae00d4a006a36c1cdb50a0e7212,false
PT-1266,path_traversal,SecLists,9e86de2e49501418478a2e16ab812baba94b55889ca3ca5cecc6039f1075ad22,false
PT-1267,path_traversal,SecLists,8507d7828085d481aad6f0ba07744870bd95e8a8b4da4dc27c1ced6f1573951c,false
PT-1268,path_traversal,SecLists,a8352fc29a7d2c706767129a15653b90344eb438a20037efc4025b9428df2ac1,false
PT-1269,path_traversal,SecLists,2f046f59cf1dfd5fb27371d1103bcbf0bd70ee86807c57c6bd6e1f98a211c8d5,false
PT-1270,path_traversal,SecLists,e14bf40b07747747902ae8678456360cfe26158d124baf18dd7285bf6c738893,false
PT-1271,path_traversal,SecLists,cf1342009c5934c440ee254480ef04b0ff23f4e6cb1bb65d7f2f75e96df0283f,false
PT-1272,path_traversal,SecLists,ba72496443c82b72812628cd47ca34fc70b626efbeafe840fab96e2e713403f0,false
PT-1273,path_traversal,SecLists,e9acbae1e4fb6c9c7a6932652c45f642977f3c359654de4b43c4d8b0c330c2bc,false
PT-1274,path_traversal,SecLists,4067cd661f790cf56842945866518321437a59aac336eb76a59b055ced621672,false
PT-1275,path_traversal,SecLists,3ef96d4d504613590895cd791841b33f010e9f96fd5bb37a7820b3da9a8699b1,false
PT-1276,path_traversal,SecLists,ca634d72fb94188794bc1c4e7f614aae9ae7dfc406ed713f966f3f5a512d92b2,false
PT-1277,path_traversal,SecLists,9b015e6b04774faf382e148b5c29f0443a27c5fc595206b019fdaa473da2290a,false
PT-1278,path_traversal,SecLists,ec7fe39734c5524ba2d1afaf122cd893fd2f7e4543ab0fe6741c96c0235451a6,false
PT-1279,path_traversal,SecLists,d573b21844b151599f861a2cdc3ad858ff45f663af50aca7b0e88bf18e7c81a5,false
PT-1280,path_traversal,SecLists,9d84fddd27afae9957e0cdac2d821b98875679a12183fbd336f2fd39d21a416a,false
PT-1281,path_traversal,SecLists,c8636497d7fddd5f820b6d9d27c074878d75f83653d502828e2e888fa4fef34b,false
PT-1282,path_traversal,SecLists,ef64a83116561347d85fd561eb1acfeec8ba531d89625267b623583441d46f47,false
PT-1283,path_traversal,SecLists,76ba25e5171231f3b9c3b7bf83cb6f7c234834a38e3c4f1a8f7fa172e2ac9554,false
PT-1284,path_traversal,SecLists,0d3aca8e90422e4b5225499fcbeb59d4a87d7688adc95932f667283ace2f6217,false
PT-1285,path_traversal,SecLists,58b965e910ac54c4f033247f05624d75a157f79e59413ee63e343a5120edcc1b,false
PT-1286,path_traversal,SecLists,e60a3a5c6b2c1a88065f5ecc12cb63b8d456271f4ffc042156c6a36a991f365e,false
PT-1287,path_traversal,SecLists,649aeadd3fab506c9d194f4df08d763fd6a80a4d14f9d6ec6b66eddeeaa65bb6,false
PT-1288,path_traversal,SecLists,af422867b5fcc735662cdc5dbfd6120ab622a092e02c601afec7a264362d981a,false
PT-1289,path_traversal,SecLists,7ff522cdc0ba9f998615984ae75b069e8b9e6d49d7c6bc028f9e702e86463723,false
PT-1290,path_traversal,SecLists,1cbf3ea90ed4730538fea63adb6624937aab8c22435daba57c1961dc7a765b7c,false
PT-1291,path_traversal,SecLists,917d5a01376b9315882c2c226db5320ef6a47ad339ac3b3cdfe43796961d4792,false
PT-1292,path_traversal,SecLists,471c228ddaffd953101a6b7541e3f0605dbd335585eab1a13576b68b6b288b81,false
PT-1293,path_traversal,SecLists,6e55a2c4ff5b9a813c8887dd8e5e48bc9c4ccc9837fdb23d7aabc2adc71c9297,false
PT-1294,path_traversal,SecLists,140289bb2d02172867b3299c990791241dacc235f5d5814621c208a7bf10dd67,false
PT-1295,path_traversal,SecLists,d2ac69fbba91335513282673e66a4f5dc0bdfa2f7649fb55f745f782417ebd7c,false
PT-1296,path_traversal,SecLists,b26b27f69329aa6f397fc439d463d736128b68b1be70f7286265d74f8888083b,false
PT-1297,path_traversal,SecLists,ca613c0086eb3d89a7a58d9b0440a6a334388defa09e8ac99ef6ed283ffee7f2,false
PT-1298,path_traversal,SecLists,d5f8ba3363830bb2a4b0db7a36afe48edd708b5603e0cdc0a73c27c2bb54c345,false
PT-1299,path_traversal,SecLists,a30998e807738f782e2929c34263d3b14a98cf40bc0785d39e078b17e3231056,false
PT-1300,path_traversal,SecLists,2f57604933973f4af21155640a7213cc80dade4052a56faf5c29cb87a475a672,false
PT-1301,path_traversal,SecLists,bde964d9ae6eed7d9ddbda9c52c8a910d8a67f2bd388c2874a472c552b205c45,false
PT-1302,path_traversal,SecLists,44f0a88add35ebc66fd8d1ecf1809701025eda8bb6e382422f50dd19b4bfd7d2,false
PT-1303,path_traversal,SecLists,2032586c8e9838385b93616ad6f2c36f5ac0a9dde2e154bd8004da21e5d64c9a,false
PT-1304,path_traversal,SecLists,66a91f93543b29253e21f7d7279951ba14a407fc9786969b7e3bb11bb55e0711,false
PT-1305,path_traversal,SecLists,4802be5093da4a7ccde93ddaf3489496938a8b4220218feba497bc065e72bfbd,false
PT-1306,path_traversal,SecLists,a6e5ec534fe3965f31cf8a8089fc0163ac57dae41bdb888c6640f74ac62dd9ce,false
PT-1307,path_traversal,SecLists,65a7f8504b5e09e160cb5d4062b5d8db30b29896e3d9130e4fa20d6b7cebfe87,false
PT-1308,path_traversal,SecLists,5c2a68282ca93442843220bf29b0c0b5469ec4edb7f576ed60b70dc8d7f75faf,false
PT-1309,path_traversal,SecLists,6dee87202dc123e005cb2da3590e5c82cbe57dbe6d3caae337cf828a6f6ae002,false
PT-1310,path_traversal,SecLists,beb3f7ab9546a19963c0b517c49061726fafc1388bdb8d8a969641305737ae52,false
PT-1311,path_traversal,SecLists,67624631d02dab2cde6eef887e4e10b3ed0ae6557335da7f331005f9c8ddac5f,false
PT-1312,path_traversal,SecLists,2c8e4e9e96405e1eabb87a8d50dc879a035331c24ee9653a4d13651085369d21,false
PT-1313,path_traversal,SecLists,56e67e729bd3eb6d1dc57efcc2b163c72475a2fa0a0bff7eb714590217d99a31,false
PT-1314,path_traversal,SecLists,4c91a13d045c2494c57be482249f63aa773455442f27b10a8b0f6aebcf0dbb60,false
PT-1315,path_traversal,SecLists,daa80cabe1fb52349cc1370d78342d8e89c601788eb5f8d93dd29ec3f33b15cf,false
PT-1316,path_traversal,SecLists,62f6e70cef519f57ae255491e6899ea38298fe1490e7ccfaa9bf257d9ba27efa,false
PT-1317,path_traversal,SecLists,20cac5f4298eb81740fc8663f6a8243fc67251c92dc971d7269d47de18246580,false
PT-1318,path_traversal,SecLists,528ef6d57a79f32815c8d18bb67a7e63ce72f57d8badbf616f719e26b667c109,false
PT-1319,path_traversal,SecLists,9a6a409e26d4fd90b43d526e1d61dcfbc287a72f952784d9d26331d6aaf25624,false
PT-1320,path_traversal,SecLists,346263e67875c132389d08dd70a8e9cc676a6e20911c9b7c74de264e2d54aabf,false
PT-1321,path_traversal,SecLists,61a8cd24b63e9bb9f460cad4b7f5122262e512648edfb275378339226e09d5c3,false
PT-1322,path_traversal,SecLists,21084a561670b1bedd47dceb7fa9fc6963cd85e909932db57e85f2ee650f9d5a,false
PT-1323,path_traversal,SecLists,5a75502eea34dd876e2710817ccb62cf8c4c8e20fc8548d930acf7526678ae11,false
PT-1324,path_traversal,SecLists,0811d0367d1b8991a30b4beae89e8bab5f144bca0527183e5c6d8630bc09e01e,false
PT-1325,path_traversal,SecLists,8d27a82dc9de8cbaa2b5915da2eb648429e7b3fde4bd885358a44ae5c0f93a19,false
PT-1326,path_traversal,SecLists,98d730ed4796742eb94bddad1aee1548f43df78f9ecc496895d994ec64140e16,false
PT-1327,path_traversal,SecLists,b1a66369fdb11f0bc8e531a852e29d8ad2c2a3b73a94c797a0fdd8e5d659007c,false
PT-1328,path_traversal,SecLists,fe8c490aee8abc42031ad6358d1efd509cfc141d17854b272dfdac1648fe773d,false
PT-1329,path_traversal,SecLists,4aeb97a9ec104586baeebc3396f9aba0a160546f3c0ade1cb322fd9d51f5bbec,false
PT-1330,path_traversal,SecLists,8ea3966171b64cfc93cb411ebcf947569f06a84514e4190d7853a25e176e7fe6,false
PT-1331,path_traversal,SecLists,5dc55aa71e333b6a7250d2afcd026083d9d4bfad30adb223b77c023582867277,false
PT-1332,path_traversal,SecLists,8fd5c0ca0be6b8f5a4e6da1cbb107a67c945775111a5ac7bef80a855aa88fb48,false
PT-1333,path_traversal,SecLists,7abc66fce154abf9d128acefea2ac883807bb479c3a14254243fe5daeb4e25b5,false
PT-1334,path_traversal,SecLists,a26990085c82888f74876ea069e0bfd7d203c2ed21766e696949ce15e2619143,false
PT-1335,path_traversal,SecLists,4daa7bb7702a8189149b974bfe8173e6196a168d86794964756a554241f6ee1e,false
PT-1336,path_traversal,SecLists,ae83737920765d9c5a1d5c67d92bbe9ca905f61566545f1644da61743aaa40a6,false
PT-1337,path_traversal,SecLists,ad761efc1df0d9fc44bd7f2858500df110f0610a94d3e1d006cdb7f7c23afee3,false
PT-1338,path_traversal,SecLists,cfba70d9f63baa58310b46a588fed0122d32e17ac6543a0aa932eddcbacd7215,false
PT-1339,path_traversal,SecLists,368c7764ab446a58f77e10ad3549795b1f2ed119a33a96458f582927c0f3b002,false
PT-1340,path_traversal,SecLists,a93fd2fe5bc52e68546fed7f5e526762e73bd01387f09655472d239fe6f742c5,false
PT-1341,path_traversal,SecLists,49a8a6feb9af14f73fbbbb3509d3a29cd244c22d8860f4c1ac02a807fa10c9a8,false
PT-1342,path_traversal,SecLists,211fe04e8f7af7f426b6028de08fe2d113591b134602da299cb3765fd230b80c,false
PT-1343,path_traversal,SecLists,a5155b461902eaac1d30111d8044d883d18e1e2687bd19fcd50cdaad6c6e3be8,false
PT-1344,path_traversal,SecLists,941989bc57cecd98643a6d6939346496d07127ff10743e3af528d395b1721d5e,false
PT-1345,path_traversal,SecLists,785dea6c33021619986e3ac66adbd8aefe9f665e6fd6e7c4bd729776006af1fd,false
PT-1346,path_traversal,SecLists,2f4d74df8336086165c7f9e9a0f1741fa62e70a8d9fd6bda7e87aa18fd6588fd,false
PT-1347,path_traversal,SecLists,b6dde62bc780b0c7e0db185f421cfcdfeb9a03fd940c66975d80f9995b41f8fe,false
PT-1348,path_traversal,SecLists,8c61352b4b3e80db300fa6bbe1eaa460b5bd6e94280460e829261323a0802222,false
PT-1349,path_traversal,SecLists,1f2da87fcbfd4d54c7f388e7b329363f75d59ed4f2aeaf99d0c489988998dcc0,false
PT-1350,path_traversal,SecLists,97afedda3a8993a565bda7057c85cf9678d9f5d5f3dd3bf88f72e270e1cb235e,false
PT-1351,path_traversal,SecLists,18f302530fe1abcfa31d64b31aa3ab4a0b700b669c9252906444fcfac20e6622,false
PT-1352,path_traversal,SecLists,e8faa38e87cf5031440a1b340c663bb33ca92f38c1966577d261e88c78e42378,false
PT-1353,path_traversal,SecLists,dd8336788bf5b60202d19fcf8e682141dd1fb31865b31a39d63b06ed9682a304,false
PT-1354,path_traversal,SecLists,8679e9f4d2e1d23c1e0dd160679d245e36b2afddd83ca2c6c8a875f336ae976b,false
PT-1355,path_traversal,SecLists,f465c67c4407de5c65387b26523c99f9ea4783be9ea07b8fa816b9357832223a,false
PT-1356,path_traversal,SecLists,0d82b1663fccb42e9d3aa3c2d83b59807c4d532018c85cb04c072b7995d2dbcb,false
PT-1357,path_traversal,SecLists,6955ebeb98e0f730447e55a37350d98a31643600d62e1461a411bcccf64e3858,false
PT-1358,path_traversal,SecLists,b3f49e06e8bbe1332aeefa0fc00daf4bf0ebe909039b81df5c1048cd5c5f7ae3,false
PT-1359,path_traversal,SecLists,b377c86e11fdaa00520c218b1ea23d4f6e8c2f7076035dfae3cc746460900038,false
PT-1360,path_traversal,SecLists,0848d9d1f5f909f933896a9adc68f157f7a6d2d8690c1192fde8518de02a87b6,false
PT-1361,path_traversal,SecLists,0067a5e1556a163c5e8a2a36a17242f2e492140e9493535eeccebc4f5b668d2e,false
PT-1362,path_traversal,SecLists,b85e6c900bfe1d8999d3fdf2117df97a9b3444d25949e3e82691a24db9209a87,false
PT-1363,path_traversal,SecLists,6094653458071efff62b2983f7fcfc3c4efb7a428f10fe3e7bf3d64b09d3da51,false
PT-1364,path_traversal,SecLists,9eee48c1e2ef2e04c8121cd28777e1f0e8d6d608167da5a5d24668d2ca7eea4b,false
PT-1365,path_traversal,SecLists,14ab6437f90bd0698546c1944dd062649a2e9badf6b754e9da2578818d70d2b1,false
PT-1366,path_traversal,SecLists,c7e4c85d7319554b39ae205f39649219c494d8f37492c77838014e3381c73bba,false
PT-1367,path_traversal,SecLists,907896ee2722eed6ebf335395fafdd849aea5e184bd4d58210d6931774b92b08,false
PT-1368,path_traversal,SecLists,27dc9f25b9a5c6a315f3cc13f1b2e15913d904050c671139a2ff4a640ca54c8e,false
PT-1369,path_traversal,SecLists,556b51540f8193e2fffd910b7ad7fde1b31179e4756e7c39e4972231ddaf174a,false
PT-1370,path_traversal,SecLists,e9f3be194cc17ebaa431c69b0cbcded29e8c2dd439d3f924c189d05fe61e3167,false
PT-1371,path_traversal,SecLists,893ab5b7d8c5fce36faabda3d8b6d7eff1f7f9dde2f8faf4d1d642398183b180,false
PT-1372,path_traversal,SecLists,1f87e6c7961749f2e366c893c3c027ed2adbe0bb2798570e2c8aa85bd88c92d6,false
PT-1373,path_traversal,SecLists,1c9ba0eb949320a0dc743f60a8525d30bd064cc964991bcfc83050ab28783032,false
PT-1374,path_traversal,SecLists,d0f8add3f747d72fb5808bdf8a0678264adc4a8e66db1014749aa3ad2bc94f47,false
PT-1375,path_traversal,SecLists,ec65d7225f8d7e5576fe938cb21394a0a869f7e6a648822d8e48991116f4a1ab,false
PT-1376,path_traversal,SecLists,13260f4716c851af879b6187c9cb9ce52b271672fc4d3a31c7878fcfcad72987,false
PT-1377,path_traversal,SecLists,90fff498cd8b59c2fbd5459f4c2fafe789078b4c5afcc1c50eea054c3a60976d,false
PT-1378,path_traversal,SecLists,cf6bf93c132c580c5c4ccdf56d7df762147ce92179ba397814c5ec6e45535309,false
PT-1379,path_traversal,SecLists,71a915458bbb023f701769ce835f09433dd5d723665d20ba663f9529cf8a6dcc,false
PT-1380,path_traversal,SecLists,375e53409e4c47469337850f9dd265dda1d34892b31c880d26a40f0234bf270e,false
PT-1381,path_traversal,SecLists,e0a165dc6c33cd379ff2dcf30b18266894b83b6d18e12fcebb402fbfc61feb60,false
PT-1382,path_traversal,SecLists,dd11f51c8fbd0172794c9f2c5666379d942249dc855fdffa887d5e2380103b2a,false
PT-1383,path_traversal,SecLists,ecaca0a7657bcc4b3cd800d02ceaac9433fbca1b1ea0c46aabcadcd66bb4d2d2,false
PT-1384,path_traversal,SecLists,2a188fcd041a70c9aa37062985eb7165f39f1d8f95a8e9d8e3292e72d05c43eb,false
PT-1385,path_traversal,SecLists,d5d7017ee7651060842bdfa93bf0b2e63f4a9482709f0b43c96dfdd45d07bb63,false
PT-1386,path_traversal,SecLists,b7e50d95e9beda25ecf1cb4ebd866896042079b751831e828c15e06039f5bd0f,false
PT-1387,path_traversal,SecLists,005149905820ab2b330e87ecb59329b1fbeaf5c83b85610deca92719e3ec5020,false
PT-1388,path_traversal,SecLists,7cfc5b43de4547ce39674d7e9f00191eb058f0a5b1e0fe49557b9c6a574843f2,false
PT-1389,path_traversal,SecLists,79950a2a4d6dfc1fe88c74407e1aeb5a4309e6d574baa2d8a858af815f5adf72,false
PT-1390,path_traversal,SecLists,25c0ae50071e900cb7a557e9834318d483d4c4f9ed44cb1be4c04a06653ab04d,false
PT-1391,path_traversal,SecLists,cdfc48d21ebf0c345fdc26307ff4c639e3ee688b7814cdbbafda5975c5af9e9c,false
PT-1392,path_traversal,SecLists,19c0a7d26f9c074a67334ed5a5e748cfcf288fcf3adba1385865ffc55ff7ef3f,false
PT-1393,path_traversal,SecLists,73b71607ae9dc4ff050b464219997a178cf121fa5f4efa65d7d36b4c136d796a,false
PT-1394,path_traversal,SecLists,e84f110fe6cd2abd28b9765202470c41158e6a8f1a17fe8a61d0af0fb9c518b2,false
PT-1395,path_traversal,SecLists,648891da9338f44080dd7edf53ee18a9e81a980fa286cb63d479134f6119e776,false
PT-1396,path_traversal,SecLists,3a06018a575802902b6447617fbca19e2a36c8566ce995186271ddc57e85acf4,false
PT-1397,path_traversal,SecLists,5395c1f40e573afa87ad779b8bd39276d457b16ba9266e8d88e1ef6ff8c658eb,false
PT-1398,path_traversal,SecLists,65af29795cd499508f40c523e19725210a772a62b410816bf20b88bd3a2ea213,false
PT-1399,path_traversal,SecLists,db546dc7775d7fbc8fd3e9e7af99c37a9c27fbe637a3cb61793cc2cb501cf2c7,false
PT-1400,path_traversal,SecLists,ebb378332d41cbb88d39b531cf6c6fe7d5bce95625ba9a1d6b4ead65d19720c1,false
PT-1401,path_traversal,SecLists,72eb35f8a6602e9766fc347df4ea4f5f9c16583ed55dfb924a3f6b1a2a703379,false
PT-1402,path_traversal,SecLists,b1bbaed888f0962a3bdbbaa103c43a5508c3e2e9d82affcb26bd574510e346d4,false
PT-1403,path_traversal,SecLists,a3240a25abd79d5551823148adaa94179a0511132a88c6ea6376c5becd4a9194,false
PT-1404,path_traversal,SecLists,bb459df6a1691c436764ed5060fdb20f850b3648a33c6f100bae99559978b7c3,false
PT-1405,path_traversal,SecLists,101eb9ba2427d2b2e2534e1cfcc49810193d91ef5725b5ca91c861d379820b49,false
PT-1406,path_traversal,SecLists,bf44e06b1943ac12b632ef185faf309041dc600e2320a8158b2b570deb431cad,false
PT-1407,path_traversal,SecLists,1e8f0625ede449ed2066e3dc69f2b000b2ee033f6f4ae75ccdcdb175deeb30d6,false
PT-1408,path_traversal,SecLists,c37ee9b26bf81a1774bc896a894f040ebb4430b59e12b688edede6bb670dce64,false
PT-1409,path_traversal,SecLists,5680134c23c605942501334f64166afce985a204af31dbbbfd4e75e96c7689b7,false
PT-1410,path_traversal,SecLists,8749341d80b35a0be32548cc27e9bbe09c97b098600dd30d54c8a8c91a3b1c29,false
PT-1411,path_traversal,SecLists,a2334cfc2cc31db92002117ee1eab471d64b71d20945eb28815537d667ce54cd,false
PT-1412,path_traversal,SecLists,49078f6026f5fb9a840a97954b738c37f6279f59d52e2990fa55fbccd5f41c5e,false
PT-1413,path_traversal,SecLists,e703325e0fcd2bce60563b2350d1ee23a9fc6fee05f772fac18360946e27ddd6,false
PT-1414,path_traversal,SecLists,f481d534b29ffa8b1f44e8427293496757a30ea94b394bb71680b85211771350,false
PT-1415,path_traversal,SecLists,c807650b2506a868c9287d709063d8b777ca910c3ceba9006a155fdca8a9949b,false
PT-1416,path_traversal,SecLists,73751721eced362ec3259453ac7549bfe09bde46fe359e424b96d7dfb1cef786,false
PT-1417,path_traversal,SecLists,24f221c972bbc5bb59bddd811752eb7e7a310b2deffcd771cc27e51644ccde75,false
PT-1418,path_traversal,SecLists,4c73572e09ef04e7846d5d154818bc4f080d6bb0a3840208bab0403d295ebaac,false
PT-1419,path_traversal,SecLists,0184d1d14a0d8b3ac55bd3da070d0e73f974d0bfb754c7cfd2275fa78f7deafa,false
PT-1420,path_traversal,SecLists,f7a329f477f69b809c9e330bcefb3c72e242f3142db6073765523a3a7b101ab6,false
PT-1421,path_traversal,SecLists,01fffdb585a99fc340f2732c1fe582a04651919c40487d005f8239c39dad5d5e,false
PT-1422,path_traversal,SecLists,a4f6b0dcbb971994732c7a26709ee4118ed0a2b452c021a94229758f25c1b4bc,false
PT-1423,path_traversal,SecLists,1b70c3bc0f8aad39ea070523acfde3f4bff3d741849253506ad3eef14606ab66,false
PT-1424,path_traversal,SecLists,2656df535cbb80af3e83a8ee17fd856ea9f4affdb15c309d9336b293a84e48ba,false
PT-1425,path_traversal,SecLists,383d6603780861ddd8eb4fadb23799d45fa04b8b98437b3309b05b1f2981ff09,false
PT-1426,path_traversal,SecLists,dc61d9b7ac5ccb5d5ea3b6ce5d01c8d8c726b39dc2c105b17f23180572fac4f2,false
PT-1427,path_traversal,SecLists,49f44966e81c85c53a2a51937430d6d12ed9943d6d0bf3aff4bf33f4bc3ce0a9,false
PT-1428,path_traversal,SecLists,b7686eece158b7efa45d1acaff8e5542edb1574b9279cd0f6d127dec7450653c,false
PT-1429,path_traversal,SecLists,ca9055ea518b73f4d3babcc9663b9fb9868c9f87eb973f0301d77a36076ddf30,false
PT-1430,path_traversal,SecLists,98f96a9c1fe80089257322aa4b2ac836940947c0136eb7470cfcaef96832c4f4,false
PT-1431,path_traversal,SecLists,177be56bcecaed9efb8b4fdd3cfdc619c1fd914c57e8434ceaaba3c4289c9b18,false
PT-1432,path_traversal,SecLists,6b9be66dfcd4cef0d35aff3cf76bc6b5a66e85b86e5c211124b1a30d11fa05f5,false
PT-1433,path_traversal,SecLists,dfbfec6b4b3df64b174179725ab7e62c3e918f8b95f9efdc4a8b4f664eee8e60,false
PT-1434,path_traversal,SecLists,3ebd8b5a33677dbaffc59696e3419dbbf441135af35ae8394d14118e1ce2a40c,false
PT-1435,path_traversal,SecLists,5d6c937621ea35bcdd35e8f8fef0c58472e4ef1133a0d67ef4734e993ef36f7b,false
PT-1436,path_traversal,SecLists,08f9a9a58f63d06ab52e70a5b159ca4bf30816ace3927f144d34cfe6e6a45974,false
PT-1437,path_traversal,SecLists,d2e095fd335da0ce399c4d036436954b4ed9ba017803b269bf26ec5ab2116d25,false
PT-1438,path_traversal,SecLists,04bb8581e35ea092abea113ace323ead7eeacd2a12631a1e8f00b0ff21866f3d,false
PT-1439,path_traversal,SecLists,6e129c75b69679c40e4835279f0dceb89201783b310adcd8ed605c13d902d4ba,false
PT-1440,path_traversal,SecLists,775b6d2fe2c797ed488e64817d6377f6c1d35cd0f752933c4970b7d080f3f6df,false
PT-1441,path_traversal,SecLists,a048b88f7b9cac145d1d1b4f5621f2474f8e2da8883c34314324056aa56d288d,false
PT-1442,path_traversal,SecLists,b61d6a8ddf034ea77768afbedc5c4318046d2e6009bae54b074511ebf9f93137,false
PT-1443,path_traversal,SecLists,6c5a08159b2c6d78151ba1cf2df30dc0311420eabaa035af6a2877cd343f9b75,false
PT-1444,path_traversal,SecLists,0ae683f2ce2d9c4618a57cfb7ce257784d7d66e800186bf2e6a533be52a90b58,false
PT-1445,path_traversal,SecLists,2ef7f078126489f4de5666ecd00ff9c13ce92c7848cc66efdaf9ae154aeccd9f,false
PT-1446,path_traversal,SecLists,40c45a33afa28fc67e9631f8ff06d8af0a5616ffe989d2ca265f05196429d5fd,false
PT-1447,path_traversal,SecLists,1759b410ac72bb08d6d99e43e459555e8b01e475718136740005e9622642c3ba,false
PT-1448,path_traversal,SecLists,be89b6e8346fdc374cbab9357a3bc71c9f8c0729f766a99d7a616f698d1d30bd,false
PT-1449,path_traversal,SecLists,73c8a42709b0c050eb4dd5322782549c7c0d3bbcbe3b07ecae4b483ce4d93807,false
PT-1450,path_traversal,SecLists,8af7c130cdb9d6c917c8758749df276d9d16a1619e97a2ccc4143c82d6718a42,false
PT-1451,path_traversal,SecLists,b33b42bb735c365cf24505e664b8e8f6c790ff0a69b95af0c802ae38e065cf45,false
PT-1452,path_traversal,SecLists,5678a79fce5eee700a719d7aea71cc6abc65408e28e8dca15d376d86655ee870,false
PT-1453,path_traversal,SecLists,66cf995d61dac5e18da4076c251233b68c27a62b19d219f347ce16d6dd3df131,false
PT-1454,path_traversal,SecLists,aea1596d248e7785609dbc6cf2ca47e1c8df9e49501318b1ee7627044344e948,false
PT-1455,path_traversal,SecLists,c2ab3345e7b438aa1f64cf592c9c5ccf1abfc19523e3171941aa59c52b10327b,false
PT-1456,path_traversal,SecLists,5e95a90447f05d388e049169f08ce1b91cd07c6a7c3837fefe9ed54c62634d89,false
PT-1457,path_traversal,SecLists,eed82b2536da31005408428f9c3fdc2a0abd46589978f94dcdc91dd7de852890,false
PT-1458,path_traversal,SecLists,593eb552a7c32531e8cc4264e77f44779c9d3cfbce277d131778651688199848,false
PT-1459,path_traversal,SecLists,ae8f0d8518ce1711fcf75560821cd281fbae3327940b1555e6291dbb37a5edfe,false
PT-1460,path_traversal,SecLists,86ffdb1c1fa943e87519b3fa1fdaa3f4d774cfb8bdfaed469732617d6cc185a6,false
PT-1461,path_traversal,SecLists,64896870f88d7d227a12dfb1f984c17320081452c886409b50e3d10dad39cf3c,true
PT-1462,path_traversal,SecLists,d9b013b4e9cbc95364ef498eda1bce9f1c616def6b915e33bda5a5ccf88a73dc,true
PT-1463,path_traversal,SecLists,17136ded0a2e83050ee0297f403ea7f380dd7f5c962260a6849fb9fffbc33b45,false
PT-1464,path_traversal,SecLists,03d527e5d750b52cd760b91c7158d4b24c056860140f3fd3e746d2ebbe68d146,false
PT-1465,path_traversal,SecLists,3609fa20c2957d3d2689d6ed3eb3903202618a349823dbd3a104f12ef80393a7,false
PT-1466,path_traversal,SecLists,7f14bc0cae22cc5cde3b09a101b5c23da54749d94032a85d3d66de82d022beef,false
PT-1467,path_traversal,SecLists,87cacad94c6dadc231f2309ff0ce2b0504e7e9fa6ca13ae6480fc9e323c83a02,false
PT-1468,path_traversal,SecLists,bc7c8748eac2e71d13421202a1a45c6d416de0e0b2cac985170e819d3ffd6167,false
PT-1469,path_traversal,SecLists,fecc971b336feca22031f5ee3bf18e5f20c6843a1bf8ebb5defd66e70433a75c,false
PT-1470,path_traversal,SecLists,136ef8e6859ae42e0e8b559809ca745fbe191785a395fe6b351efa6f075058f6,false
PT-1471,path_traversal,SecLists,4c0b4197fc14e3f591180febb1764ca22d542580367cb5104207410e78507a15,false
PT-1472,path_traversal,SecLists,0abc5f2141e096ca5f5c4aa61cb02df032d93577823c6ecfc09e1c53090dae61,true
PT-1473,path_traversal,SecLists,0708e8659049899b1205a4d6768f4139b545696a92cb3637d3b3ebadc1293696,true
PT-1474,path_traversal,SecLists,48c0419f702cacd4100cc7c2a3d87dd32ce6fe4108c070203fbe7a7f20085c5f,true
PT-1475,path_traversal,SecLists,3cf4e82b9041a46f1dccc8c0633af7a84fbe239453c9ab42bc3b43ed0c2aa669,true
PT-1476,path_traversal,SecLists,fa93958cd72fb74ceace9b4138601e0bf6d83f4a92965b58f0b836a4eb9d94a2,true
PT-1477,path_traversal,SecLists,24c221ee92c34e34b9be1ae249e2c4b8966f3e823de505afadcb2eb6e1e5b629,true
PT-1478,path_traversal,SecLists,e60f44b6f4e2a7d0854c7b880d5130d7e17d26975f6fb31bb7c5068de3500e80,true
PT-1479,path_traversal,SecLists,e1a2ac81d4fe35b5a7a5b778d806d470a42b7e7b36817f3681236e381b83007c,true
PT-1480,path_traversal,SecLists,267c987e56ff66610059f4308ac1024909a8a861d9605298adf097dd5fb5c72a,true
PT-1481,path_traversal,SecLists,e4488cc8055ffbf30b95dd7355a1a15f7c8715c08d802646b10ee420f2ced729,true
PT-1482,path_traversal,SecLists,f6b0e1926c67a621ae90213d3525258671dedede40b63c109d9a1097cf43e4b1,true
PT-1483,path_traversal,SecLists,c96ad7e31dec710de1c717da9931c6ab2c90c9e1e3db0a69bdb91d5188dc8b8f,true
PT-1484,path_traversal,SecLists,e6dc5a3bdf5f6c7a90c0ee803d3136d811e18bce64353dd68b325488c3fd649c,true
PT-1485,path_traversal,SecLists,bcafc62ac0ed8841052624eb10f9725c2b6a94a1ed51071bc179cc5029b8ff45,true
PT-1486,path_traversal,SecLists,894cfd6fd97fa1537a6815721971a36b8a2a951ca7024584cf5af2da59f91e14,true
PT-1487,path_traversal,SecLists,5e6837fd01bfde85f75d47a2ac2b37ae103d27c5a8108489aac86783cbe33e9d,true
PT-1488,path_traversal,SecLists,5c6e5246c0ad81be4cef8d68bb11b66c34cd6055604391196fe6415d76dfe577,true
PT-1489,path_traversal,SecLists,e6fb88b3866ae46442f383e3b88cd3c53e9ecb2ede920b2c32be68d60f040198,true
PT-1490,path_traversal,SecLists,bc412661e0851d53f808bb53ec64db13488cd776768e533a272c657e03acfbc9,true
PT-1491,path_traversal,SecLists,2bc78c916ce795877cdcc9904f876ef721a61227dee7760c984d3558de179a20,true
PT-1492,path_traversal,SecLists,22a5d4e85e0dedb8f37bc942995b4f37b773b5189b76c3331274f629842f4dd0,true
PT-1493,path_traversal,SecLists,981b259affe2d44f772756f8a3ce713d2bb7c125a45b9db6baf8d89c1849bb8f,true
PT-1494,path_traversal,SecLists,f4f986e47d9c9ca56514332a0dc0ba1059735b6f70277badd757efbc1947f0fb,true
PT-1495,path_traversal,SecLists,94f7a1be214f8ae36a1a6cc5ba69191f148266e0e01750dc9e58f891b10767a3,true
PT-1496,path_traversal,SecLists,9761f6f6eb9648e86cda177644d72bcb351295478386d103671942cb42567f44,true
PT-1497,path_traversal,SecLists,1bf072e161c04d35d4ef89e01b0d87ab586c0a39ab3cf5b1080766bd3d3a4333,true
PT-1498,path_traversal,SecLists,58d007682affc1916d27837b8ce160230f842ae2e9178160c48c32ddcca1fa72,true
PT-1499,path_traversal,SecLists,28e58b0c6d8a1a281ff8d8874f205813b1b5ce152b79c54b1e9ae4e076a2ef7a,true
PT-1500,path_traversal,SecLists,28f3d2af43a10db169545ea0f9632331bc0bd4ec8cfb755b4fdc05ddfc6720b7,true
PT-1501,path_traversal,SecLists,7ae437b91e8d242e77bf60c19657111a3bb18f4ed74ec0916b770179a8da3c21,true
PT-1502,path_traversal,SecLists,a429515fa9076ce7738cbe0913dc40f035630073e6b337fe541f3033b8b83dfb,true
PT-1503,path_traversal,SecLists,3ce82f20ace9a497d614e4500da7c72a2a863ac920dd2cdf54132e94710b3938,true
PT-1504,path_traversal,SecLists,64aa8a83fb126da94267b4e1d56c94a5f3dd7b88107ee2ca61853a1a245582af,true
PT-1505,path_traversal,SecLists,a820282de8cf1487fbeb82a21c0934ccaf34e3f6afc5bf505b27a6bf94dcfa1d,true
PT-1506,path_traversal,SecLists,ec2ace59286cda299d398b1870d5c1ea6a04a1a18e75d60537d11d65948bcef6,true
PT-1507,path_traversal,SecLists,06b5e8d699b6d7d2e0f2aba133fc042f50e3a18a7470afefd6d9b39580ed62b3,true
PT-1508,path_traversal,SecLists,2fa1d06f24561adb8f0dca48230047ea6b3a42d705a4257ca4fbfae9462e29d2,true
PT-1509,path_traversal,SecLists,70b975b8881f4f00c0a248c114d7eff48c3c22b5c0e64614e212a693fb22c635,true
PT-1510,path_traversal,SecLists,ec27abb20ac592049ac534173b76921ebd70ef040bb8683025faa65a58c316e1,true
PT-1511,path_traversal,SecLists,5fa136317bfeec3dc9d2c461f0dda4bec6a5db2f644965048c034b043816fbce,true
PT-1512,path_traversal,SecLists,f702aaa090e5e60ea1314182cdfddb46319c9cdbe726851d74d7f5876bd4848d,true
PT-1513,path_traversal,SecLists,6ed34311f25f276c487ccc9feb8e083dc3d4afe8ea0382ab36b754c7f0167f3d,true
PT-1514,path_traversal,SecLists,b8afb160a2cf0012494d2c16810222c367b46be2640b3698c1ad1646f16a1e38,true
PT-1515,path_traversal,SecLists,217280d9da685aa34804abfaf117b401ef67e82c291fc4bb6da240e852b8d912,true
PT-1516,path_traversal,SecLists,60891799fcfeba02d3699a4f181a6b7d5fd2863e1c661a44b2b50e7d3745d668,true
PT-1517,path_traversal,SecLists,264efa309260de115f61450053ff3b1dd274b9ae46cadc00b3e931550167e9b9,true
PT-1518,path_traversal,SecLists,389dcc945d6f54068e3ade9b9dd09b5e1061d45218c56db0334ce15c6b453c7e,true
PT-1519,path_traversal,SecLists,0e4bf32c12c588b1cf6a04224dcd33e15ea57834430c442fb8609dabe872d1ca,true
PT-1520,path_traversal,SecLists,53f3826142e651df8b0e642769a1261fa84bc2c1c52753371e52b14a43f729b6,true
PT-1521,path_traversal,SecLists,d1e148588999afec616ba41dcc03dc385d5fad787e08a7b9ad30757bd79bff39,true
PT-1522,path_traversal,SecLists,a3b4790392ec01826ecb27b790e926710665c3d5fe8db8c230a97712fdecd4bb,true
PT-1523,path_traversal,SecLists,e57648964eb5ec0558e7517b654d2e6d50916ea30ae3c46e9348435819fa5af0,true
PT-1524,path_traversal,SecLists,a9ba5fe1d83eced611ddd41cb7cb093a9bf3833e8f7d871ca6231f0500935917,true
PT-1525,path_traversal,SecLists,a33c8fed2bda7c509dc806d3a1aba459dedb9dd9745afbe7d1936761f8d0e7d9,true
PT-1526,path_traversal,SecLists,2f6ebbc673561016b6af9f6580eeb513c1739f4c448b68c4cb9b8d3a8dc3b348,true
PT-1527,path_traversal,SecLists,7d098be782ce67fd84e4bb7a33d7fc025927e9628d1f5362897e7fffb2f9d95d,true
PT-1528,path_traversal,SecLists,7a859d1f87152dccb5721695e5f4aff765a631594c7bea753b910d4547b013bc,true
PT-1529,path_traversal,SecLists,f1d7a1fa7cccaa4e751864b9d0bf5e4f9be09fc88eaa4268d376d3c3de48e0bb,true
PT-1530,path_traversal,SecLists,9ca07bb16d1c35885e726f8ea21890081668792a4e38e279d64ad10f78370394,true
PT-1531,path_traversal,SecLists,09a19587cadbd80ed806fda2ec2ef469c0ab26d3e035588c009004904440be88,true
PT-1532,path_traversal,SecLists,f0f97183a84671169497dac603d156b0d2e0aa0c269cb7a76d69ca4420b840a5,true
PT-1533,path_traversal,SecLists,5ba8d6bb48be8f7bd0b3643fb7bf25ecf08832f8c42f8ffa8de98db512bbcef3,true
PT-1534,path_traversal,SecLists,e3729bf9bc5df3e290601c1bf4c4a113b9e26b94151c75975472d63eb70439b0,false
PT-1535,path_traversal,SecLists,37458fb4621b94405e065d1bae53da84d4c29a9257688b84aafbdc1729ddc40f,false
PT-1536,path_traversal,SecLists,f1faeebc0e5c19da3885d91b9573ee50842aa2d3b17b24fa3d5bdaad51d1634d,false
PT-1537,path_traversal,SecLists,48daa70deb3a735b717d5361a31f6ea3663a3b4b696568a2f09e866de10ae60c,false
PT-1538,path_traversal,SecLists,dac34906ca86dca10562f258669cdddd597f3a634b21588ef9c63961ee28d545,false
PT-1539,path_traversal,SecLists,aa231db891ac912d68ff52467c7d8df8f952e3963403c643d90c7e694256624a,false
PT-1540,path_traversal,SecLists,ad83952365b4b362e6de1eb20124baf467b9cd8a87771e436ad47790c6b777e8,false
PT-1541,path_traversal,SecLists,f638774afa996dcdb116d903dd1ed4a8fdfbf47359ce158a5868e914b8b6749b,false
PT-1542,path_traversal,SecLists,bd802b7502ee7802f94e6a521b7facd56c49d7881029110e922db0ba953b0230,false
PT-1543,path_traversal,SecLists,bdae85c79c47f8ca364ac37b0edc093bf80e6d136b82ccd8446cf1d1e60415da,false
PT-1544,path_traversal,SecLists,759909adfe7ab96bd682fa0504aab89eb7bb5d7bc938f3a96ed0be14f17d425c,true
PT-1545,path_traversal,SecLists,d4c46c1da1033a72c768e5bfe4be176d94b1fcda9cc34ec0cf9dcee07908b36a,true
PT-1546,path_traversal,SecLists,454ffe554354ca3480d1d427b44ed9b11a93982bb821a6d7292ac28f61581421,true
PT-1547,path_traversal,SecLists,7691c4442f90fe82f1d2ec55b270250174da19f9819b302120cf3b3d9540186a,true
PT-1548,path_traversal,SecLists,c45d7f2a6b4fcfd11de64fe3bc37f35e1adad3b0c7174038cb8348c30b50b900,true
PT-1549,path_traversal,SecLists,9dc6be63c62958c6cda2fb29e92e547cabf8537b5162804f35bd3faf18a2c774,true
PT-1550,path_traversal,SecLists,2c6d4089dde8b9747ec16617c56e6293f8a6e372e6a760f1bc614e30c04fcd10,true
PT-1551,path_traversal,SecLists,202136a03ee47fa69ab5ee1471c90914b5b880866dab309a8f0dfaf631c55b80,true
PT-1552,path_traversal,SecLists,517e29c5bf2274bcbb774ccf6761f0749c1e8a7d282fdfb8fa90c4c9c771ed96,true
PT-1553,path_traversal,SecLists,20225857c82b1aa2ed8f6fbd21ec3102845bc741b58b0730cd8d39a72034dfb9,true
PT-1554,path_traversal,SecLists,74f29279e1627ee267d94ea300b71e627d3917e1a64da810aee8c68626516647,true
PT-1555,path_traversal,SecLists,baef14189e727baa28044dec29f7e05426fadeea63d4157264574f1dd85999cf,true
PT-1556,path_traversal,SecLists,43826102de4a7d20c4520c81fbfc862dc67647a829b6e2cfedaa9cdbad2896d0,true
PT-1557,path_traversal,SecLists,dd7dc56abfa0351e0f98a42c91ee4b8746e6cb350a228871bdcc59abb57b1392,true
PT-1558,path_traversal,SecLists,fc3c68ec2248ded07b193b77f1f988ddcd69a6c8602fa25edbe8e4b3fd437925,true
PT-1559,path_traversal,SecLists,715ce456670a0e071dc08d927b132018d1b0b79db65f92ced6c1104ceb5bb3f0,true
PT-1560,path_traversal,SecLists,0caed91ca1401d9913244d959889397c0196ea37c4dfa4585a3693d24e84f5a9,true
PT-1561,path_traversal,SecLists,bb496d49702c7870cd37ab428e00c13562dd598c3f3249f15dcaa6010434c564,true
PT-1562,path_traversal,SecLists,f7adca94c5a3c72d12578c9e1a314991a8c7438d4260dbd0d242e32a0ed854d7,true
PT-1563,path_traversal,SecLists,93dfc2fbbb9203d210d80e0d9598dd1115e6513ecab1224ba110935a2640056c,true
PT-1564,path_traversal,SecLists,35f1e926be93700f3b03173cafc3597700770b07f936b51087410d6d4d5a24f8,true
PT-1565,path_traversal,SecLists,dea3bdbd6d7e99908b4bcc5818104f6c700c4dee8bda347acbee81ba1f35eaeb,true
PT-1566,path_traversal,SecLists,94dd231e40eeb723b141c5daad3af9dc13a551c5bface7143323694bbc21071c,true
PT-1567,path_traversal,SecLists,73e725cb16be5800cde4b2758b16f92a546420ba788038b0c764d1f1d0763bca,true
PT-1568,path_traversal,SecLists,2fe720b378a6fdadb53b66fb6e3284fdc24e98bb05044270fe70c45c4896758c,true
PT-1569,path_traversal,SecLists,20e948ed1cdab7ac803dd4ad74bc15150da7f0b8a92c95ea842df0a733d75ee0,true
PT-1570,path_traversal,SecLists,e01825bf468369ba3caa1d88e6a529b767464c350ee37aca39b20bdc086764da,true
PT-1571,path_traversal,SecLists,39806186bae9d6711f3a27a65835664dd7ba51f7f47396a78d4676c7f4e3bdce,true
PT-1572,path_traversal,SecLists,ed084e9fdfa6ece5e8af8e0d97ec6fb02a58db2b99632b0aab3932d8a2dc3606,true
PT-1573,path_traversal,SecLists,166711e155dc31c239d47b973cfc4bc4921c6c3e3000ed3a7ec8441138e8172d,true
PT-1574,path_traversal,SecLists,f14178ef8619932b2d5ccdd650bf1818748c6a23de79590ec330e79cd6244724,true
PT-1575,path_traversal,SecLists,3a1ba8d70f9e66cea6f0ed584bb1a69b7023c5a38d34317f5c0ed6d7782dd1ce,true
PT-1576,path_traversal,SecLists,95120437d8bbf13abdcc6fa4de73d2352528c1c6cf85fb75ea2f9599ba9dcb75,true
PT-1577,path_traversal,SecLists,c4770e9ee9d913a3a722c158d93d2fa88584e5db3341568a235f8d823b4a9940,true
PT-1578,path_traversal,SecLists,5d985b2a54f1be26bb6a881b3bb4100a151cced03f114cbd0a2811dd191770d6,true
PT-1579,path_traversal,SecLists,8fa223c1cc2752688802830371806631ca6b2d3c2d030655a4f0c4de6c34fdd9,false
PT-1580,path_traversal,SecLists,b1e0b7f6dc7789f97e1d5f94b756b8cf608c1c27ed514cb33f27b93885d435c6,false
PT-1581,path_traversal,SecLists,f7fad436bd6db0be63660fc392d2db53c83929da1257087929c474c18f4ee773,false
PT-1582,path_traversal,SecLists,82f4c8faf2d77b535d368ebf502bcd58e559b90ddd40a6d2d1060de3c3e26f7d,false
PT-1583,path_traversal,SecLists,56ceb8399f998295457a6252372a2f5a929e553dc39176746cad4c608b89a909,false
PT-1584,path_traversal,SecLists,8700ec9dda516e363a9a7d30b1fa9a2d26eddec77fd0d426841a32ff65b08fc8,false
PT-1585,path_traversal,SecLists,109da88fac5fd174d75a5a0ffb7294eba1a55cdc75a77dc8b54af001cdff7b70,false
PT-1586,path_traversal,SecLists,556d464203008326fccf632bb28b7981cae8c3a658f39e73408bc32c39ecd824,false
PT-1587,path_traversal,SecLists,89e5bb5f6c5e546182c0b6168dfa5bfdaa04233752e3567b56dd23d3bded57b7,false
PT-1588,path_traversal,SecLists,055932b2f41eabe633771cd2433d46b6ed968f4f031aae40d869de24e0d4062f,false
PT-1589,path_traversal,SecLists,b4b263825014033ccb5c6e1ba42e73330a18d7424d3c13fa7b4d3c0b2c5435e1,false
PT-1590,path_traversal,SecLists,4d7c425bcc26fae07472442392789fb80730e608ef5549c7cc5292545be4947a,false
PT-1591,path_traversal,SecLists,96cd1c535c21bd2088d1fbfc06d1c993ac4bab7a3366159b3f9f1c2e59c703fd,false
PT-1592,path_traversal,SecLists,1631d13c13a583847b05eba0ce5eb1311e900c4bfbdb80235763f09935ff00cd,false
PT-1593,path_traversal,SecLists,841cfac70f6d8c6bd21c66dcc1d11444bec81ce6e5aa390f92a4b2747c4046c5,false
PT-1594,path_traversal,SecLists,d7ef1ffdca99d85e55c05c2e64bb83ac4cb1d9912894e9b8d99e594e31ecae0c,false
PT-1595,path_traversal,SecLists,ac75d8b5cc78afb71b25ee02675ce0b519a4861afb93418f77bacf4c86da507b,false
PT-1596,path_traversal,SecLists,4f632996aaa85705f1729fa3a12b14c6c40819fda800ae255df3b91c97625c25,false
PT-1597,path_traversal,SecLists,794a38336d45177cc088c721aa49a9a6f8bd9588099747e7f2a8531520cc8e76,false
PT-1598,path_traversal,SecLists,50500580fcfdbcbf001c411d5ec6a945d324d3304cf768ab8497154e5081d2d2,false
PT-1599,path_traversal,SecLists,c22135407a68af9f22ff33deca6942a2d084899d3c2dfed8791192c27281e723,false
PT-1600,path_traversal,SecLists,136b4997f43e1c77852005fcb3eb5b0d3c9d888380655d785c08c8053dbcfaac,false
PT-1601,path_traversal,SecLists,294ec724030f4d719defb90fcfb3136184c91c52c768e6eba49055b0a489bc8a,false
PT-1602,path_traversal,SecLists,3f38ba18f7ab60fb1e6c92fe918c65be0b190e882cfcd28a25f3efb1b9314688,false
PT-1603,path_traversal,SecLists,35d75d988c5c10da0c198381b38df888e3a1233557a37d858596255dfcc02db2,false
PT-1604,path_traversal,SecLists,eaaf2fcdbf26644ffd6fa77cff6480c67e4f47165901e19a6d1bb583f0105766,false
PT-1605,path_traversal,SecLists,1020588e03ee3cd356e8723c850ffdb423db3724d1e898854043ae7fe2d30c02,false
PT-1606,path_traversal,SecLists,c5c9a12bdcce39ec36dd8d979c3c577395640c0cfa5b1127b89e2c61716d9d80,false
PT-1607,path_traversal,SecLists,f4d286a2b9825f05337126db5384c73a95ef86b64f8ee918d061d54d48d4893a,false
PT-1608,path_traversal,SecLists,f8b96d05ea898a23e95ddd459d3f3f522613978587bd9925309e032bc2a2a34e,false
CMD-0001,command_injection,PayloadBox,941753c1e2839ba3fc6e3cf66d88fb13ff3d16ccba8d4e972244b708cc189f7e,true
CMD-0002,command_injection,PayloadBox,d5cc291a49ca0a7fd80424ae02042f6b03646c6cf58b77a04681462866cc7bc7,true
CMD-0003,command_injection,PayloadBox,5e1f7b483673ea48be7f27d4ff49cd6eef1f1f01ed238ab59602adfd3a2d1f21,true
CMD-0004,command_injection,PayloadBox,3f359837b270247ea5fbe80509c09cdb1fd397938b77246c0166574412ffaf3c,true
CMD-0005,command_injection,PayloadBox,2a0322f9931ced0d9414780fc50d5edd98e81a7bcbd2da32f5c3d900cbea9cd9,true
CMD-0006,command_injection,PayloadBox,f315280bc6321dedce75037d72f3d6e95bc36fd25921fbd72aac9b50b0f818d0,true
CMD-0007,command_injection,PayloadBox,6cc12dc4d30f4abd1fb8e5cf5bdc9e051878205aef84ca7f13507b3252e7ba87,true
CMD-0008,command_injection,PayloadBox,09b121a56ee5fbb1f9e69993672c36fbf3765597565ac5229541faffa0a187e0,true
CMD-0009,command_injection,PayloadBox,daf1fc6fb9be25b6a6fb0f3b1986fb3784ec69a7a665d9ca7921c679ae9f330a,true
CMD-0010,command_injection,PayloadBox,9d3831e0df519d99c6fe671c931430ec1e5bbae0b0ba1f54a1154b3913d188d6,true
CMD-0011,command_injection,PayloadBox,b1e9af78764a487ba55205a5278be367f9fb4ab80ed4a4cb9b7d1b3c342dfefd,true
CMD-0012,command_injection,PayloadBox,8606ce03bcb9ea1ae67a7be3b0ea5d09563e9e84ded8ef13e409b20cb031891b,true
CMD-0013,command_injection,PayloadBox,30ce490c47776fa592a94c05c1e182d4f2198114ab97b2e57b980f2f6aee1986,true
CMD-0014,command_injection,PayloadBox,86b79deeeb61f4c2e7ed1f83c7d68fe729bdc665a30da1ca4109e27576cc4e06,true
CMD-0015,command_injection,PayloadBox,d7950037bec2809e4c3dfa36352a318ae8165bb0914d85d5c1367be5c84af182,true
CMD-0016,command_injection,PayloadBox,ed18b4ed0fba1765d41f7461a80b6e83ad8e6defff5d79e042d821e45aa3601c,true
CMD-0017,command_injection,PayloadBox,293323cb08ce854b2ce037641440a25036dc32d94ce71f9649619d9655d9147b,true
CMD-0018,command_injection,PayloadBox,eb8be3af55cb62db0cc46eeb2be5954c4d822320ecc75d418fb10e7297dd7d9b,true
CMD-0019,command_injection,PayloadBox,b875289618635b419b7da6bc30c5cc7ca7efea4c15dbfd1e7667ea1aef4c9c60,true
CMD-0020,command_injection,PayloadBox,a527e4db98345f891bba1d577c7f6c5ee050be3629b832eae35624326266a688,true
CMD-0021,command_injection,PayloadBox,c4b67aa26b6415a37331888a9b690493d3ecfac276bc29eb1000e0555b08f740,true
CMD-0022,command_injection,PayloadBox,bc461149b55daa324e0575fb2c1b84835c5f0596da059878c70fa31a11a0c7b8,true
CMD-0023,command_injection,PayloadBox,a4b43172dd01c586fe7692684881f04396a4e90bf382cc94a7f65e3677763014,true
CMD-0024,command_injection,PayloadBox,4af0c708ce4161c56f78f12c66d945df1cb8b000cca183755f510cf2c6e2ebf9,true
CMD-0025,command_injection,PayloadBox,62d699d3b58425a2c6b0c80c2863e316ddce97dc8f8186aa10b1e121fc79d151,true
CMD-0026,command_injection,PayloadBox,a9d5061f96ae263124b580c4840b5f343b1be6ad234584ecb229b2ebb404172f,true
CMD-0027,command_injection,PayloadBox,4193b16376edbef0b2bb83b466fdc421c68db230c519932dc3c24d3436dab588,true
CMD-0028,command_injection,PayloadBox,6277054718adb33c09cd5191336712af079dbdb9b8dc0378d168acc1dbfde5ed,true
CMD-0029,command_injection,PayloadBox,7e3a21e365757d97d100976bf44d76947824563d275f734734d0d0139aa831f1,true
CMD-0030,command_injection,PayloadBox,bf395fae5f703c53f46a1d79126acfef77606d0305dd679743c268f3a756401a,true
CMD-0031,command_injection,PayloadBox,8c2f07c89ca76575bafd5e29367ca88fd1e8866904492ddb778350b6a9d9059b,true
CMD-0032,command_injection,PayloadBox,f2050be7b0102d494d1d06d71da0e173de873e1756002c9579c036c0537c81fd,true
CMD-0033,command_injection,PayloadBox,6d14a0099a7c8d9d16379965d2b89b1070c41929a933c3047b1394da5de07aac,true
CMD-0034,command_injection,PayloadBox,d87a1b9cc4c751ef846550d54b0df6856f82ade3d2c0317c4edc4400349b839e,true
CMD-0035,command_injection,PayloadBox,e943de38368252fd701939db092d6ab0f760228e5332761ce5853f74687055e1,true
CMD-0036,command_injection,PayloadBox,8bb87114a6e310d6696294f1f1b8d75c57de1f709ef6e01a4a5baf8b66e4bdfc,true
CMD-0037,command_injection,PayloadBox,bb2ce2ffa12663fbdb2dbbecae73beb86c9d01a59fbb890b7f7503cb1eba99f3,true
CMD-0038,command_injection,PayloadBox,4a11e19f027843ddf22da7fcfdc6700aeb0857d0b051da9639abf4e8d12af228,true
CMD-0039,command_injection,PayloadBox,7f8ea1aabe80efd93593137ba0324844c7e71bb4bc6ddac328125c8f79ce98d4,true
CMD-0040,command_injection,PayloadBox,40fd79e3916e346325244be078569cbf321e81cf7dd02ed413a5f52e98193f44,true
CMD-0041,command_injection,PayloadBox,be62b5c5432c6e964dbf5d2eaaf29b7ccb786c04a4ee5738eede160b256381cb,true
CMD-0042,command_injection,PayloadBox,c99ccbfb24e987e45a53a55e0ca825be96ea36541d2ca7616ba52ac2ab90418e,true
CMD-0043,command_injection,PayloadBox,4042dd7c89d67150e50f37f9f785f3b78666a4b43b26ef39eda68c5737f860b8,true
CMD-0044,command_injection,PayloadBox,3802356acb2808d88c91c29e9fdf1ad725e6c8ca7345f596747592aa712fa61d,true
CMD-0045,command_injection,PayloadBox,7a8a4ba31175afcf74a50baad20c61dc1d63e8f630eaa6a4d1da502b3c3f1d8e,true
CMD-0046,command_injection,PayloadBox,32d127fff164b5a886190d118cca65f35f1a4f6ed43a3e65127b12082121ae99,true
CMD-0047,command_injection,PayloadBox,c4ce642f2998bf45a4f4314c56a3de8117b07d0ca16e190bcd2d000421938b41,true
CMD-0048,command_injection,PayloadBox,a88c29268d8c8e8a65054686e127865ee49fa68273f01793837982eaf6df669a,true
CMD-0049,command_injection,PayloadBox,0335f257206cca6a145c4af6316da7393a5f63e68cd56f59115cb6a60dde0b3e,true
CMD-0050,command_injection,PayloadBox,e6db4a4467dc0c4a35220ce61f1441b0a262c4f04b073f28a78b082320f264e9,true
CMD-0051,command_injection,PayloadBox,9f21552ea12f28514ef640c116de5f5de2090a36493ffbe2931263ed181a0ed2,true
CMD-0052,command_injection,PayloadBox,749024a74c80941459e53830438a6fe0eb37ffc69b112e5958f63cf8bdf9d28f,true
CMD-0053,command_injection,PayloadBox,6930acd373919ba152b2c5e57754526f0f28064eeb9ff03963125fd6db743861,true
CMD-0054,command_injection,PayloadBox,5ec179ba2b4d0243c7a989e2b550c8ab25e56bca0ea7d02abe35d969605f547c,true
CMD-0055,command_injection,PayloadBox,454d580e21668caef84cba0ae2d8f64e5111c8f11ad32d7d38725c1091f381c8,true
CMD-0056,command_injection,PayloadBox,cb11386deae5b9e6dd45caa5149e4ebc38ac97f0890a66800946c8f6f90dad41,true
CMD-0057,command_injection,PayloadBox,a135eacf4ffa7393794ea047215eabb4ac2ab48af0a3309b617c09cf23e43668,true
CMD-0058,command_injection,PayloadBox,8f1fcb759af210e90c1b6c246571cd503deb75220be40ff7e997628c8798fde9,true
CMD-0059,command_injection,PayloadBox,565097bf6de90e259846677113bb2fa5e435ff59aaf6c3b39319951dd0cffb3f,true
CMD-0060,command_injection,PayloadBox,d1d6778402a45d74369273a226541280e015be47c4a7a5ca471d92dabd053df0,true
CMD-0061,command_injection,PayloadBox,f11d2038d70b7fb615b3a44b663fe07e3489a2121e3356abf158891a1974bf24,true
CMD-0062,command_injection,PayloadBox,60a159bdf67e357f6f94a1e05c375128e16207f6e357661fd70997a7694eb76e,true
CMD-0063,command_injection,PayloadBox,3465c8514ec603d108fc326b2c37294e8e3687fafc3db3da592957bef555ed17,true
CMD-0064,command_injection,PayloadBox,2b38cf9e95551901da9d08478a358d351c23fe4e85c00aadb8066551e6a9d8c7,true
CMD-0065,command_injection,PayloadBox,9e33844b85348e87898683f08fe752dd44b972377b0aaff52a2aaa24201a311c,true
CMD-0066,command_injection,PayloadBox,a389f16e8b92274ba7bae1322edd9004d7d4b9ff972ac31cd282f1dadde13be9,true
CMD-0067,command_injection,PayloadBox,571fad5e85c8eb1cb25e8e930cc3e4262da23001e89487c57df02e569b469be7,true
CMD-0068,command_injection,PayloadBox,ced443b55bee2c1b74a38df3962af94321092709eb47b1877ce539b8b1ed17eb,true
CMD-0069,command_injection,PayloadBox,f09b5c6b467f4cff0a6fd5ffc117a6f7cd6ebe8dcdf16f273a11c49d7b435ed7,true
CMD-0070,command_injection,PayloadBox,ba787408801fddd078f8df56b88afce5f50abea507d123646c97345102886525,true
CMD-0071,command_injection,PayloadBox,22865075f2d68aa383cf53e39a89b67ac50e63afcb08e449bc61c01dd47d6a0d,true
CMD-0072,command_injection,PayloadBox,a1556ecf6620eecc4e1ef95e44481279e19e8c23d5cb07e3e14d721483d97398,true
CMD-0073,command_injection,PayloadBox,b44d7de717f1b3258c0816920ed1b319f913f8807affb38af4b84f5d3aedc982,true
CMD-0074,command_injection,PayloadBox,ff7b58fee7c9a8fd6d7a420351228fa0b1e72c7c6b2b671a1ce84c87c6ee3a09,true
CMD-0075,command_injection,PayloadBox,0589ce5d0677b8ad4139f1a89f445500eb50b0c4425eb1d0cdc061e1dd041028,true
CMD-0076,command_injection,PayloadBox,df919b9236453455eb3cbb1c54bf58965a532a5da89fe6f2c596ab66a8f4beb7,true
CMD-0077,command_injection,PayloadBox,f2185d723ff961649f60a8e341243fd56e27dc53c8a35f7b4249221b4a3c30d8,true
CMD-0078,command_injection,PayloadBox,f8c16f8d70c70ec21ed6a44475df89cb9c0c2084c88737e03de0f0a4e5c4757d,true
CMD-0079,command_injection,PayloadBox,1c940a0c2a6f9dbb00d450e55a73e54dcf0761e00a1df90ab7883abb87eb48c4,true
CMD-0080,command_injection,PayloadBox,f51cb9563c4f62fb69d0969e4d3ebb3a609729eb39fa0ebde3aa9963d587217f,true
CMD-0081,command_injection,PayloadBox,d65ebe154cc7e6eaa98b37d257978a703476c492143aad179041ea065e7ac4d1,true
CMD-0082,command_injection,PayloadBox,086a7a1f04111bbb2d16f7e6a96b5cbc849de6a49ca9a9b339faf912251ce622,true
CMD-0083,command_injection,PayloadBox,73d668e426e0e7b2a4304c1aea1fdc1a5cd0dd0b288568edbbaf30b77eec7408,true
CMD-0084,command_injection,PayloadBox,94fdd1bba27e812da38402848c4910c20f0a00e4961899c36376b62e7993b0d0,true
CMD-0085,command_injection,PayloadBox,eae1f3bf9177805e3fd55244c5d5143b251e18072c6fa7f795539be3feecb058,true
CMD-0086,command_injection,PayloadBox,4624a65bdad5f0c57e5666e6a843a0ad0c7d518fabd0cf26a4b7de5077b6391a,true
CMD-0087,command_injection,PayloadBox,2c1ee8ad6bda1667e4fa46c3d4a0dad182608bef25417cd5500e88ca9cce3c7d,true
CMD-0088,command_injection,PayloadBox,21886b5844077a33e1ca59603661275994cd8158ff6ca4c8c918eb1741349245,true
CMD-0089,command_injection,PayloadBox,3e3730e232b4471f62953cb0a83da1905755958eb6ab614cd38eb80a8737c9a8,true
CMD-0090,command_injection,PayloadBox,66d0bb8bdab4a1daf8fe40f56a23ead6e833e810cd2b7eb34868e1f2ac688967,true
CMD-0091,command_injection,PayloadBox,def768a3932ef919c25005c471770f672dcc868a89023fcc9783dcefb69fd53d,true
CMD-0092,command_injection,PayloadBox,26fe05c7b4f972175e115ea5292137a7586ecf1f39aa4098e244b771d8db8f7a,true
CMD-0093,command_injection,PayloadBox,079feba8d7e40763a8ba1926f001303fe593e8925f08a84372aa0cfa8fafcc37,true
CMD-0094,command_injection,PayloadBox,c351fb3ccd6ab633184a615fc05db11b6668faa3cc03d4ecfa23b19cc8794023,true
CMD-0095,command_injection,PayloadBox,e39c131a1dd7e6503c32b2fdb35ddc769892e24bc0a11151c8189ed0699f1e23,true
CMD-0096,command_injection,PayloadBox,fd9d1d4e7ec4503c467204398fc3c4c8ce994ef6273b1c8e7a2634a89ceadcb1,true
CMD-0097,command_injection,PayloadBox,aa29d764558b14ef2d17269c6e6cb03b1e5fe396cbcc3895180032a08b9708b7,true
CMD-0098,command_injection,PayloadBox,503b263fc0b4731cd4a4bcee1a37cdd0e14909eb9e934970f62dcfe5a4561062,true
CMD-0099,command_injection,PayloadBox,17fad1888d57bc34ca324c3a3da64209be5a54dafda99cc1d8c9bc72bd3c0efe,true
CMD-0100,command_injection,PayloadBox,14f380b6465b8b251e6c0604770124d4033d6766865522ae77f85d08249ea39d,true
CMD-0101,command_injection,PayloadBox,402a3d88d45c1a7ed4a3c1e0dfc56ca805819f32b7f05f9c3ecf0c0946aeca87,true
CMD-0102,command_injection,PayloadBox,3a2241d943a1da209487bdb4b48f2a8468f47b0940d16975b0538656a64a3c5a,true
CMD-0103,command_injection,PayloadBox,ac25fc7ad072427edf7f4903f135234925f8cdb961663f30aeed32fd44323020,true
CMD-0104,command_injection,PayloadBox,eadd39b4039c5d2dc509e2dde0d87190a49b6ed5eaaacc8de119bdd3e139ad81,true
CMD-0105,command_injection,PayloadBox,c4df50c9a17875daa634d4e77a70717f7bcfb4b621cb88ee85e193bba3eb4ce9,true
CMD-0106,command_injection,PayloadBox,dc0b2bdedc1437d5f6a1d24c43fec20040c3bac1acf32eed60ce971747335008,true
CMD-0107,command_injection,PayloadBox,1c16e128a09716103561dec8246d8ff31890e37fb58558a70356f058169e46be,true
CMD-0108,command_injection,PayloadBox,5d0030476e7eeec820fefa9a31bbe8a0e2b96c9e77d4f0159273c73067f5ef33,true
CMD-0109,command_injection,PayloadBox,322bb6185b77979da1a6a39a941843deb5e87e895c2b5ee214c0899636cc79ed,true
CMD-0110,command_injection,PayloadBox,5eb19933a363b162cc6ed533716d0d9ceb6fe5b5957ce4e246e22ecd35ee5e95,true
CMD-0111,command_injection,PayloadBox,fc5718f14d5bea9a18751e31a7b59d365e1f6b854a82975289272f98a28f1934,true
CMD-0112,command_injection,PayloadBox,fe74b4e241408e616115b07b360b6f7460fb5935aaf66a2c7809ffb09d94de26,true
CMD-0113,command_injection,PayloadBox,7699cb324fd18f5941aa60c4c1d0ecc8904df5431813be344d4b29969456301f,true
CMD-0114,command_injection,PayloadBox,3ca7b65412e67ed46c61f907d5e126169b19c09b9d5aeaab27e1b85671faba62,true
CMD-0115,command_injection,PayloadBox,92b8b43e675ae70f5d7b70cfc697cc3317812bf7b08f44d0cad43b4eb52fbc94,true
CMD-0116,command_injection,PayloadBox,0dea7c2f1b53ca69975feaa684ac3c11df16317d70e486333aa22161aa959fc6,true
CMD-0117,command_injection,PayloadBox,5e5a30b2c2b20c8f7e4898cc4e196d452394752d69c6ea670b76ffb585fd71fe,true
CMD-0118,command_injection,PayloadBox,168aaeab8dcb11111b8f30fd34dfe3b8ce6b7ec2892a7a7ea0864fc82f9254ba,true
CMD-0119,command_injection,PayloadBox,0716e5462dbd1734c6f8d12058512e3d250b2c625bf09e5eff88173eb1c0a331,true
CMD-0120,command_injection,PayloadBox,937f161dd82d90c1f72927ce6c3307629d7dee4fe66b5ade31265f4ec73abbe1,true
CMD-0121,command_injection,PayloadBox,ba069000ef3f16e2755499ce4fc66076abb225e92f9dad5bcf471772fbbd5b88,true
CMD-0122,command_injection,PayloadBox,0812b0c50ec250df806b7bcb46cb0fb5b19784bc9b54110a9641a77a419d03a7,true
CMD-0123,command_injection,PayloadBox,2184820127983022f895d9d7b0ebe1006848c85a107d4a1612f682e007c4c7a3,true
CMD-0124,command_injection,PayloadBox,87c84f16a3939d2ffbefe7589f799d0c96b992d731471d0215daa5fb0fd1e23a,true
CMD-0125,command_injection,PayloadBox,6512d2b2928997db3fb7a01ce9c50746981381632f35f95a789771d97a9bf629,true
CMD-0126,command_injection,PayloadBox,e36bbba0a978b806ab7021197aa30452db3a4b94fd25f4d76d8c1803e90cd379,true
CMD-0127,command_injection,PayloadBox,9187fa081f35dd4b8899e39551bee6eddcb94f631ff8806b7d9164d6f7b27172,true
CMD-0128,command_injection,PayloadBox,8d014b7323a7b009ba3db16becbfc360422625cec532305c700cd8f605b80a80,true
CMD-0129,command_injection,PayloadBox,a90378a0daa3d2cfa5c404f1c5190851f22239060f7f8105f07389b21fdae74a,true
CMD-0130,command_injection,PayloadBox,13195ff8c8ef4743e40b976d41120c3fb50ff8b3259bb4803dae27166536a67e,true
CMD-0131,command_injection,PayloadBox,9125f6466b0c1f3cc0a79d576889a7bab3851a7cbf37772a4a72bdaf3c046ec7,true
CMD-0132,command_injection,PayloadBox,9bed91004301d5d82468f6708b04b7968d51578e384e9570e7646a103ba2720d,true
CMD-0133,command_injection,PayloadBox,86a57fbea4d576476e888ddc14d4bbd59c2e7a87ffe06dbd5f8bee73ff6875a0,true
CMD-0134,command_injection,PayloadBox,2ec7d3529509195371c4d110261fd8fdfa8814a7e65e5591f4e1472403984fc4,true
CMD-0135,command_injection,PayloadBox,30c087a2348e1f7ce4c482079af34da822da5cdc04d6f8b8da781b343cb581c9,true
CMD-0136,command_injection,PayloadBox,e6b0c429a06cfd69b79757a89f82ffb0b1fce7fe35faa8798b5bb65110caec5d,true
CMD-0137,command_injection,PayloadBox,1e50b0d36c4200337c32dd38b78c37d2af83e1ceb5f1a2a2cd65ba5e6ade2786,true
CMD-0138,command_injection,PayloadBox,4bc8cb082d37c2b57ac2689cde4a1f762f032e03777567aeaad48b893afdfc63,true
CMD-0139,command_injection,PayloadBox,20a465fb72300ac888f000f8740ad694d5a427396626392dbee9b4800ebde06a,true
CMD-0140,command_injection,PayloadBox,898cbf7733418b0bca05a88b6121dc04aee00606c967da83b7000dda5b397b1f,true
CMD-0141,command_injection,PayloadBox,3c93c4afd8df067c4ecec497ca3c641918920d6ba4de19591be5c534e7979a45,true
CMD-0142,command_injection,PayloadBox,171f484919da053561804fbadaad0190a99e0524651532a46ea343753e5aa2d3,true
CMD-0143,command_injection,PayloadBox,94849d269e9e4ae65372562c194be20c8ca78ada484eb0ae6e7ad8082053b01b,true
CMD-0144,command_injection,PayloadBox,d727c1633a6048fa3387179a9e6cbb7a0d00564c3d926eaf2d4c465d8c6c8b73,true
CMD-0145,command_injection,PayloadBox,c3b892bb14b4e6583acaa90220730c893cff105304ae6e0c3378765b28459ec0,true
CMD-0146,command_injection,PayloadBox,ea2acc61bbbc72b13dee9946ec8fbd4a2f44a2e4d9db7d7d2d7e4da50c2ca5f3,true
CMD-0147,command_injection,PayloadBox,48e68423e11d7734ccdcbd098f386f61fb4e245e9302147385896f2f79aee474,true
CMD-0148,command_injection,PayloadBox,3afdfc7a8cbd8cb602eff052c71949ec0086304fa33673118445ebdb0f94be67,true
CMD-0149,command_injection,PayloadBox,3f67fd328825d424ecf4a5582a9f2435e1ceeafdfba954ddb4dbd315c78c04db,true
CMD-0150,command_injection,PayloadBox,0df9d7f8be66a7ba6ef6a54022f63884d213534e531fc07865be8c103866b036,true
CMD-0151,command_injection,PayloadBox,c55d20ac7f6eea80c1e031c703827123ed0976992e52499e0ad3a8c58be90a94,true
CMD-0152,command_injection,PayloadBox,cddae654198fa4b1c4fd46dda43e3712fed6aeaa4b9777121ac3c40cf54e9e10,true
CMD-0153,command_injection,PayloadBox,d88caa93e409ca99bfbca923a8fddd504dd01c91b1e6f70e062792fe5004a344,true
CMD-0154,command_injection,PayloadBox,6b35a0f5111e670a3d72840343dc73a72daacbdd7f72037f30386577ae65ad06,true
CMD-0155,command_injection,PayloadBox,7ff53b7effd18ba826f45fd3466e0a36cf041bc96504ce4962a5e269c4cebfab,true
CMD-0156,command_injection,PayloadBox,3db2097cae9ea9deb9714b799b8e047966bd1bc0a326e68ec3d86232ed8e5a73,true
CMD-0157,command_injection,PayloadBox,3254d293f94158a447d48f4c1283713bc87e2b3a1c02e196f2e1d906f3e9d043,true
CMD-0158,command_injection,PayloadBox,8331c97018f8d7dd6f7985bd1154806611656d03f483c34084bb4757624c6d8f,true
CMD-0159,command_injection,PayloadBox,5344529919a9bd61607eb37fac650ef052fccbc7b0a03dddb313c23e27a42e97,true
CMD-0160,command_injection,PayloadBox,9e5186d187761974a69212983e7bb129b51af4ed5be15595b92d69ecc1e18b56,true
CMD-0161,command_injection,PayloadBox,117e0918701d1d237dc66fac0f8ef2c2b185ebbee2aa523a406a88cdb856e764,true
CMD-0162,command_injection,PayloadBox,b21080a8292da0b7fd6425b7633a95139e5fdc87d89a699a459129c3ca74b31d,true
CMD-0163,command_injection,PayloadBox,8966bce294b4461f34039d343c641eb47eb29f04ecd5b4de62c61b409606575d,true
CMD-0164,command_injection,PayloadBox,c52d0e7cb76a50be79aaeea4c6a6a906aa32ed12ea71ad2b722e7997d49fec47,true
CMD-0165,command_injection,PayloadBox,b75e9174f4fc2426a2e1c983b44a41eccaf758221b050993b5fcedfd756c36da,true
CMD-0166,command_injection,PayloadBox,dc54335a90da18f24d8904274d6689633d22d850bb02490e3459f81f8f986322,true
CMD-0167,command_injection,PayloadBox,57e0c15071ba15a1daa9e0b8810b7c3068fa22f3d5679276b3bc1b44c3a33744,true
CMD-0168,command_injection,PayloadBox,9c23299235e6da2a91b4765e81a7cd9789257da091e8427e4f657c0c8f1f480d,true
CMD-0169,command_injection,PayloadBox,2328512f08e6cbcb82a89b1122141d2c747acf978087e4107dfed4af5dc7efdf,true
CMD-0170,command_injection,PayloadBox,b87fdec175163de75a4ee96a5dddb7e0c72912df65ffe927d29d423beff6421a,true
CMD-0171,command_injection,PayloadBox,39e87d03caf1903585eb344621f2f636f03bc524057f93ae7eaffe4c734ded32,true
CMD-0172,command_injection,PayloadBox,c8a34cd18c2acbb52536ac8053800b09c7dca2b5c473b6b325153c4dab863570,true
CMD-0173,command_injection,PayloadBox,c04ed0c294624aef92cd67862dbdc8c778c40b3eea54e722c1b17f5d2edd4608,true
CMD-0174,command_injection,PayloadBox,b7544bd524ab63b877fd49348235c03fc897b8600c62f809526931bde70be21f,true
CMD-0175,command_injection,PayloadBox,edceb7ff1112de02009e362adee1018a437f35c743ac300b936747b68ef1f637,true
CMD-0176,command_injection,PayloadBox,189b0172723b288dc65db52a4a65f46feaf7de9507522768b352b8f17e28629b,true
CMD-0177,command_injection,PayloadBox,d85aab96e4036639fa25e6f035d0b3fbba56c9e223eec2451b822583456bab69,true
CMD-0178,command_injection,PayloadBox,c47f957174c4ed0ade48fde8eb435108d09fa8cd910c233c810348e9cd648f8a,true
CMD-0179,command_injection,PayloadBox,739b7ed567c7f637845504f5b27dbc3f70ecba72c372e1c30fdfa6a8014c21da,true
CMD-0180,command_injection,PayloadBox,8128faf16cb75f8ec2a6b1d4ac3c114de9b9087b4fd484eda27dad9ddb976426,true
CMD-0181,command_injection,PayloadBox,4ed40fe4184bfde9b82463f13af3110eb1e88d0431be96b5ef984c9da22bfee9,true
CMD-0182,command_injection,PayloadBox,96f0933be879c283ba7e5be1c2185a79c55f0b8f7447a69dcfd55dad6b2b63b2,true
CMD-0183,command_injection,PayloadBox,b2cc5b4c99d3b878f6c930f504487611bb5527460ccd01624944916a839881a4,true
CMD-0184,command_injection,PayloadBox,ad8f65035c45101bdfd8282dae39d8dffa18bfa797f99724b19a0e47b7638bde,true
CMD-0185,command_injection,PayloadBox,bd0c2e504db1ade62809348bf5b38caa3601b97e982a4e9b29f402df10ade5f5,true
CMD-0186,command_injection,PayloadBox,ef70603fbff2e1b3e51ec18a8814eff01e27908a103b248213cd83e29c4899d2,true
CMD-0187,command_injection,PayloadBox,9504720ec3aa4cd7af1b1825763b0cbc734786646ac4ccbef442d7c4c5340cb8,true
CMD-0188,command_injection,PayloadBox,5b84d022cccad71191d83735cd0ec6e21a15a79419bf13551a7b3517230bff8e,true
CMD-0189,command_injection,PayloadBox,84b703b7b3123e3e9ed75e8bb1ca1a6706597f0857c44d3b1aabddc82b95f56d,true
CMD-0190,command_injection,PayloadBox,6e26e114e0d8701bdaeeb7b3734df029ff5a35877e082784104760d34d71c0ed,true
CMD-0191,command_injection,PayloadBox,4a6e5e4d7b95ae9213ed1259a3554b1598371e5b74d42931c3b832e6703b2c61,true
CMD-0192,command_injection,PayloadBox,1b213c4cf8f0781232db8ac8da1ddbfd5766a4b95822697188253be84c54e73e,true
CMD-0193,command_injection,PayloadBox,e841493993929ba4e5b2bbceda3bed65325408405c8fe1d951bcfdc609e6971b,true
CMD-0194,command_injection,PayloadBox,86d9f2849ae22780d90e25919b45002f9c45d83ff0e966bd437e64269d6daa66,true
CMD-0195,command_injection,PayloadBox,c0743e2975af716af5ac375a4325625234f11b9c864af41750f88662d2a8bdfa,true
CMD-0196,command_injection,PayloadBox,03c9672c395b06f59e62a0d9318c08267b6958035b1463f5fda385b454b81e60,true
CMD-0197,command_injection,PayloadBox,5468c7fa3d2cf37f66f90e4324345ab82c2b32655f43290f6fe30a4cea83e51d,true
CMD-0198,command_injection,PayloadBox,ee9cb2fa8fea6f804b4d0ed74ddd3ab559a2b805fde92732cb6aa02b990d2e3f,true
CMD-0199,command_injection,PayloadBox,0f74aadb51f8ab0788ea4ab8bec1f1349a90cec5f56ea11b036e377445a63fcb,true
CMD-0200,command_injection,PayloadBox,a2378ac5380280848fea9363567a85a4032a2e1a015e31dbfac11719613188c1,true
CMD-0201,command_injection,PayloadBox,d038a5ca02b88b60fafebd9dbcbc44380faf475aa36b58786bef40d13ba09c8f,true
CMD-0202,command_injection,PayloadBox,da7c90301bbb87135c25c8b400e1f36d3f3f97fb411a157dfcf7fd088e21de98,true
CMD-0203,command_injection,PayloadBox,fe31e5584f47f173a5ee6cbb80113d2510ecbd8f2b2ca4210753ebeee895771c,true
CMD-0204,command_injection,PayloadBox,b2458cba3bbcc5f96ced9da115667a6d33ba9b4501a18d9bcbb973b21ab6184e,true
CMD-0205,command_injection,PayloadBox,6fb6a29411c5fafd9980873758ff3971ec7f36a025775993db873a8c6ee69cd2,true
CMD-0206,command_injection,PayloadBox,d5b885a67a27e987a0b8a570aa36fa10566102f9c0d5e6953c3bb462b3dafa96,true
CMD-0207,command_injection,PayloadBox,f97eac21fe1f53dfc48da1c7743b09e4e08d8c302b55276e845f486b926092e6,true
CMD-0208,command_injection,PayloadBox,150d7ed71b323f802b39ee68363b3b7562234c5e2b6cd173a37eddb02b1a73b7,true
CMD-0209,command_injection,PayloadBox,fc23ed6f682a93860ca075939bd02da060547d546a56c9b92b043bdb860988d3,true
CMD-0210,command_injection,PayloadBox,8ee7db80460a06678f45d9f0d49febab1986974797ef48497bf5dcd840680ea1,true
CMD-0211,command_injection,PayloadBox,8eb27fd8ac0c236c65dd55e28d370f5b357dae5a560f14ec9c12626436da933b,true
CMD-0212,command_injection,PayloadBox,0e88c53f71e5f8101ea28128a080ba9271a36a96b8d588db4bf0f3659db00563,true
CMD-0213,command_injection,PayloadBox,6e1dffeabe03f76d77d8f74081bbb5fab9946ac979d857ce6f4a6a6078bddf18,true
CMD-0214,command_injection,PayloadBox,af3d3d7fcebf4554b32a84c42ef49687b0bd280aefe985033ed7deab5adcef4b,true
CMD-0215,command_injection,PayloadBox,490ed9f009ec170d664f51ff37aad7402e1dad6dc1915de69c3fbe6e3ad122d3,true
CMD-0216,command_injection,PayloadBox,97d06cadd516ce31e093f4876a7a473477c11e81744d0bde399195f89d666233,true
CMD-0217,command_injection,PayloadBox,79eba91f3acf5be7b2bd457c329f4df9a9e7be349a212a89c7c7eebcd7791534,true
CMD-0218,command_injection,PayloadBox,7dada4306728025d2a6ff49eaea58bfaa0d9f73fa5e7c7f29da96cadf2ab230b,true
CMD-0219,command_injection,PayloadBox,ae89f5aa70633fbabb2e1abeb877b9295ddd1c4b545b4ae36072a0f53329a8c6,true
CMD-0220,command_injection,PayloadBox,64466322292cf0b632e749523253e88ca2ce87a091f592cdef3dacb8f3ed4051,true
CMD-0221,command_injection,PayloadBox,24fef7e3719b547597e999439663342120f94bf2ed8313a889cbae10ec3b578a,true
CMD-0222,command_injection,PayloadBox,dfdbec949150dfe0b372e705a656a46a91239d1e4b941f9e761f4d4be9b3b306,true
CMD-0223,command_injection,PayloadBox,eff7f18ce568502a10c4cf5720a69a4d26029882f59a4cdacebecf7deb585aab,true
CMD-0224,command_injection,PayloadBox,b5ff68b99e7811508fd9d9bc691dace370417a9d1dad9f2b044da3ef9a3379c3,true
CMD-0225,command_injection,PayloadBox,8073489e1428bb1225cd7073ceb2e22ea0dd1bf193abab4a571e8442150abf23,true
CMD-0226,command_injection,PayloadBox,d1ba9bb1e35932b1f9d9980827f61fbd0ef83e11a9b21b2ba8a3e48a6b153093,true
CMD-0227,command_injection,PayloadBox,8567b0e2a307bb5df7da2a06c514ee7ac7ec98b474fd2f32e70d017c16321921,true
CMD-0228,command_injection,PayloadBox,127ab23df57db9bf6a21e675a95a5efc4db8021be53500caa39a30d066af925b,true
CMD-0229,command_injection,PayloadBox,c836a3560d839d2f97401cfbc4600f97f4a51e2dd5ba3552c282000dd563ff47,true
CMD-0230,command_injection,PayloadBox,6825d86da70d1ccd769e8e3adf7a7fd1f5e4318e60841cdf5c0ab4b6a2d0826a,true
CMD-0231,command_injection,PayloadBox,74fdc0a2e187115a16f3f055b4b326e9ef9593c5b168cb8ff4e7ab4015cacac3,true
CMD-0232,command_injection,PayloadBox,c2d4767a9f5bde395d9ece795907b05d415d635fabd40d895539dad2d84d1362,true
CMD-0233,command_injection,PayloadBox,3f322f6d4b505bc484190aa83163a2fa933154c1602e13474cb6f38110e41d53,true
CMD-0234,command_injection,PayloadBox,56ca4005462a61bd1f4dfc15de97264a829440686f5cff6d33e8414025f325c2,true
CMD-0235,command_injection,PayloadBox,bc1eeda00f5532e9bc22ca6ea8f4b23ecac92ca7cdbee635d86fad7aa137a75d,true
CMD-0236,command_injection,PayloadBox,b90d3211da9bb7e03d767fa6a419094f6a7ac7d0c9fcfbaaa3e17bd853b16d9b,true
CMD-0237,command_injection,PayloadBox,8d9eac394efcb9c64d8553d1aba2e0a180819185044b47a1e52354566acb545f,true
CMD-0238,command_injection,PayloadBox,1ee9d895eeb6b1b2314bded6da7e36ac64a5c3006dbde7314806e6230e038714,true
CMD-0239,command_injection,PayloadBox,842134d74041cc63a5608d0b55eb8d742d9731a94681ae8b25cb1acd4caa1509,true
CMD-0240,command_injection,PayloadBox,aa37250b81f131cf3fb484b5625512666c99218ee9a7734c711295e25af8d1b5,true
